﻿<?xml version="1.0" encoding="utf-8"?>
<assembly name="PresentationUI, Version=3.0.0.0">
  <member name="M:MS.Internal.Documents.AddressUtility.GenerateMailtoUri(System.String)">
    <attribute ctor="M:JetBrains.Annotations.CanBeNullAttribute.#ctor" />
  </member>
  <member name="M:MS.Internal.Documents.AddressUtility.GetEmailAddressFromMailtoUri(System.Uri)">
    <parameter name="mailtoUri">
      <attribute ctor="M:JetBrains.Annotations.NotNullAttribute.#ctor" />
    </parameter>
    <attribute ctor="M:JetBrains.Annotations.NotNullAttribute.#ctor" />
  </member>
  <member name="M:MS.Internal.Documents.Application.ChainOfDependencies`1.GetLast(`0)">
    <parameter name="member">
      <attribute ctor="M:JetBrains.Annotations.NotNullAttribute.#ctor" />
    </parameter>
  </member>
  <member name="M:MS.Internal.Documents.Application.ChainOfDependencies`1.OrderByLeastDependent(`0,System.Action{`0})">
    <parameter name="member">
      <attribute ctor="M:JetBrains.Annotations.NotNullAttribute.#ctor" />
    </parameter>
    <parameter name="action">
      <attribute ctor="M:JetBrains.Annotations.NotNullAttribute.#ctor" />
    </parameter>
  </member>
  <member name="M:MS.Internal.Documents.Application.ChainOfDependencies`1.OrderByMostDependent(`0,System.Action{`0})">
    <parameter name="member">
      <attribute ctor="M:JetBrains.Annotations.NotNullAttribute.#ctor" />
    </parameter>
    <parameter name="action">
      <attribute ctor="M:JetBrains.Annotations.NotNullAttribute.#ctor" />
    </parameter>
  </member>
  <member name="M:MS.Internal.Documents.Application.ChainOfResponsiblity`2.#ctor(`0[])">
    <parameter name="members">
      <attribute ctor="M:JetBrains.Annotations.NotNullAttribute.#ctor" />
    </parameter>
  </member>
  <member name="M:MS.Internal.Documents.Application.ChainOfResponsiblity`2.Dispatch(,`1)">
    <parameter name="subject">
      <attribute ctor="M:JetBrains.Annotations.NotNullAttribute.#ctor" />
    </parameter>
  </member>
  <member name="M:MS.Internal.Documents.Application.CommandEnforcer.AddBinding(MS.Internal.Documents.Application.PolicyBinding)">
    <parameter name="bind">
      <attribute ctor="M:JetBrains.Annotations.NotNullAttribute.#ctor" />
    </parameter>
  </member>
  <member name="M:MS.Internal.Documents.Application.CriticalFileToken.#ctor(System.Uri)">
    <parameter name="location">
      <attribute ctor="M:JetBrains.Annotations.NotNullAttribute.#ctor" />
    </parameter>
  </member>
  <member name="M:MS.Internal.Documents.Application.CriticalFileToken.Equals(System.Object)">
    <parameter name="obj">
      <attribute ctor="M:JetBrains.Annotations.CanBeNullAttribute.#ctor" />
    </parameter>
  </member>
  <member name="M:MS.Internal.Documents.Application.DocumentManager.#ctor(MS.Internal.Documents.Application.IDocumentController[])">
    <parameter name="controllers">
      <attribute ctor="M:JetBrains.Annotations.NotNullAttribute.#ctor" />
    </parameter>
  </member>
  <member name="M:MS.Internal.Documents.Application.DocumentManager.CreateDefaultDocument(System.Uri,MS.Internal.Documents.Application.CriticalFileToken)">
    <attribute ctor="M:JetBrains.Annotations.NotNullAttribute.#ctor" />
  </member>
  <member name="M:MS.Internal.Documents.Application.DocumentManager.CreateDefaultDocument(System.Uri,System.IO.Stream)">
    <attribute ctor="M:JetBrains.Annotations.NotNullAttribute.#ctor" />
    <parameter name="stream">
      <attribute ctor="M:JetBrains.Annotations.NotNullAttribute.#ctor" />
    </parameter>
  </member>
  <member name="M:MS.Internal.Documents.Application.DocumentManager.DispatchEnableEdit(MS.Internal.Documents.Application.IDocumentController,MS.Internal.Documents.Application.Document)">
    <parameter name="controller">
      <attribute ctor="M:JetBrains.Annotations.NotNullAttribute.#ctor" />
    </parameter>
    <parameter name="document">
      <attribute ctor="M:JetBrains.Annotations.NotNullAttribute.#ctor" />
    </parameter>
  </member>
  <member name="M:MS.Internal.Documents.Application.DocumentManager.DispatchOpen(MS.Internal.Documents.Application.IDocumentController,MS.Internal.Documents.Application.Document)">
    <parameter name="controller">
      <attribute ctor="M:JetBrains.Annotations.NotNullAttribute.#ctor" />
    </parameter>
    <parameter name="document">
      <attribute ctor="M:JetBrains.Annotations.NotNullAttribute.#ctor" />
    </parameter>
  </member>
  <member name="M:MS.Internal.Documents.Application.DocumentManager.DispatchRebind(MS.Internal.Documents.Application.IDocumentController,MS.Internal.Documents.Application.Document)">
    <parameter name="controller">
      <attribute ctor="M:JetBrains.Annotations.NotNullAttribute.#ctor" />
    </parameter>
    <parameter name="document">
      <attribute ctor="M:JetBrains.Annotations.NotNullAttribute.#ctor" />
    </parameter>
  </member>
  <member name="M:MS.Internal.Documents.Application.DocumentManager.DispatchSaveAsPreperation(MS.Internal.Documents.Application.IDocumentController,MS.Internal.Documents.Application.Document)">
    <parameter name="controller">
      <attribute ctor="M:JetBrains.Annotations.NotNullAttribute.#ctor" />
    </parameter>
    <parameter name="document">
      <attribute ctor="M:JetBrains.Annotations.NotNullAttribute.#ctor" />
    </parameter>
  </member>
  <member name="M:MS.Internal.Documents.Application.DocumentManager.DispatchSaveCommit(MS.Internal.Documents.Application.IDocumentController,MS.Internal.Documents.Application.Document)">
    <parameter name="controller">
      <attribute ctor="M:JetBrains.Annotations.NotNullAttribute.#ctor" />
    </parameter>
    <parameter name="document">
      <attribute ctor="M:JetBrains.Annotations.NotNullAttribute.#ctor" />
    </parameter>
  </member>
  <member name="M:MS.Internal.Documents.Application.DocumentManager.DispatchSavePreperation(MS.Internal.Documents.Application.IDocumentController,MS.Internal.Documents.Application.Document)">
    <parameter name="controller">
      <attribute ctor="M:JetBrains.Annotations.NotNullAttribute.#ctor" />
    </parameter>
    <parameter name="document">
      <attribute ctor="M:JetBrains.Annotations.NotNullAttribute.#ctor" />
    </parameter>
  </member>
  <member name="M:MS.Internal.Documents.Application.DocumentManager.Open(MS.Internal.Documents.Application.Document)">
    <parameter name="document">
      <attribute ctor="M:JetBrains.Annotations.NotNullAttribute.#ctor" />
    </parameter>
  </member>
  <member name="M:MS.Internal.Documents.Application.DocumentManager.OrderByLeastDependent(MS.Internal.Documents.Application.DocumentManager.DispatchDelegate,MS.Internal.Documents.Application.Document)">
    <parameter name="action">
      <attribute ctor="M:JetBrains.Annotations.NotNullAttribute.#ctor" />
    </parameter>
    <parameter name="document">
      <attribute ctor="M:JetBrains.Annotations.NotNullAttribute.#ctor" />
    </parameter>
  </member>
  <member name="M:MS.Internal.Documents.Application.DocumentManager.OrderByMostDependent(MS.Internal.Documents.Application.DocumentManager.DispatchDelegate,MS.Internal.Documents.Application.Document)">
    <parameter name="action">
      <attribute ctor="M:JetBrains.Annotations.NotNullAttribute.#ctor" />
    </parameter>
    <parameter name="document">
      <attribute ctor="M:JetBrains.Annotations.NotNullAttribute.#ctor" />
    </parameter>
  </member>
  <member name="M:MS.Internal.Documents.Application.DocumentManager.ThrowIfNull(MS.Internal.Documents.Application.Document)">
    <parameter name="document">
      <attribute ctor="M:JetBrains.Annotations.NotNullAttribute.#ctor" />
    </parameter>
  </member>
  <member name="M:MS.Internal.Documents.Application.DocumentProperties.#ctor(System.Uri)">
    <parameter name="uri">
      <attribute ctor="M:JetBrains.Annotations.NotNullAttribute.#ctor" />
    </parameter>
  </member>
  <member name="P:MS.Internal.Documents.Application.DocumentProperties.FileAccessed">
    <attribute ctor="M:JetBrains.Annotations.CanBeNullAttribute.#ctor" />
  </member>
  <member name="P:MS.Internal.Documents.Application.DocumentProperties.FileCreated">
    <attribute ctor="M:JetBrains.Annotations.CanBeNullAttribute.#ctor" />
  </member>
  <member name="P:MS.Internal.Documents.Application.DocumentProperties.FileModified">
    <attribute ctor="M:JetBrains.Annotations.CanBeNullAttribute.#ctor" />
  </member>
  <member name="P:MS.Internal.Documents.Application.DocumentProperties.Filename">
    <attribute ctor="M:JetBrains.Annotations.CanBeNullAttribute.#ctor" />
  </member>
  <member name="M:MS.Internal.Documents.Application.DocumentProperties.InitializeCurrentDocumentProperties(System.Uri)">
    <parameter name="uri">
      <attribute ctor="M:JetBrains.Annotations.NotNullAttribute.#ctor" />
    </parameter>
  </member>
  <member name="M:MS.Internal.Documents.Application.DocumentPropertiesDialog.FormatFileSize(System.Int64)">
    <attribute ctor="M:JetBrains.Annotations.NotNullAttribute.#ctor" />
  </member>
  <member name="M:MS.Internal.Documents.Application.DocumentStream.Copy(MS.Internal.Documents.Application.CriticalFileToken)">
    <attribute ctor="M:JetBrains.Annotations.NotNullAttribute.#ctor" />
  </member>
  <member name="M:MS.Internal.Documents.Application.DocumentStream.CreateTemporary(System.Boolean)">
    <attribute ctor="M:JetBrains.Annotations.CanBeNullAttribute.#ctor" />
  </member>
  <member name="M:MS.Internal.Documents.Application.DocumentStream.IsReadOnly(MS.Internal.Documents.Application.CriticalFileToken)">
    <parameter name="fileToken">
      <attribute ctor="M:JetBrains.Annotations.NotNullAttribute.#ctor" />
    </parameter>
  </member>
  <member name="M:MS.Internal.Documents.Application.DocumentStream.MakeTemporaryFileName(System.Boolean,System.Int32)">
    <attribute ctor="M:JetBrains.Annotations.NotNullAttribute.#ctor" />
  </member>
  <member name="M:MS.Internal.Documents.Application.DocumentStream.Open(MS.Internal.Documents.Application.CriticalFileToken,System.Boolean)">
    <attribute ctor="M:JetBrains.Annotations.NotNullAttribute.#ctor" />
    <parameter name="xpsFileToken">
      <attribute ctor="M:JetBrains.Annotations.NotNullAttribute.#ctor" />
    </parameter>
  </member>
  <member name="M:MS.Internal.Documents.Application.DocumentStream.Open(MS.Internal.Documents.Application.FileDocument,System.Boolean)">
    <parameter name="document">
      <attribute ctor="M:JetBrains.Annotations.NotNullAttribute.#ctor" />
    </parameter>
    <attribute ctor="M:JetBrains.Annotations.NotNullAttribute.#ctor" />
  </member>
  <member name="M:MS.Internal.Documents.Application.DocumentStream.Open(System.IO.Stream)">
    <attribute ctor="M:JetBrains.Annotations.NotNullAttribute.#ctor" />
    <parameter name="existing">
      <attribute ctor="M:JetBrains.Annotations.NotNullAttribute.#ctor" />
    </parameter>
  </member>
  <member name="M:MS.Internal.Documents.Application.DocumentStream.ThrowIfInvalidXpsFileForOpen(System.Uri)">
    <parameter name="location">
      <attribute ctor="M:JetBrains.Annotations.NotNullAttribute.#ctor" />
    </parameter>
  </member>
  <member name="M:MS.Internal.Documents.Application.DocumentStream.ThrowIfInvalidXpsFileForSave(System.Uri)">
    <parameter name="location">
      <attribute ctor="M:JetBrains.Annotations.NotNullAttribute.#ctor" />
    </parameter>
  </member>
  <member name="M:MS.Internal.Documents.Application.FileController.MS#Internal#Documents#Application#IDocumentController#EnableEdit(MS.Internal.Documents.Application.Document)">
    <parameter name="document">
      <attribute ctor="M:JetBrains.Annotations.NotNullAttribute.#ctor" />
    </parameter>
  </member>
  <member name="M:MS.Internal.Documents.Application.FileController.MS#Internal#Documents#Application#IDocumentController#Open(MS.Internal.Documents.Application.Document)">
    <parameter name="document">
      <attribute ctor="M:JetBrains.Annotations.NotNullAttribute.#ctor" />
    </parameter>
  </member>
  <member name="M:MS.Internal.Documents.Application.FileController.MS#Internal#Documents#Application#IDocumentController#Rebind(MS.Internal.Documents.Application.Document)">
    <parameter name="document">
      <attribute ctor="M:JetBrains.Annotations.NotNullAttribute.#ctor" />
    </parameter>
  </member>
  <member name="M:MS.Internal.Documents.Application.FileController.MS#Internal#Documents#Application#IDocumentController#SaveAsPreperation(MS.Internal.Documents.Application.Document)">
    <parameter name="document">
      <attribute ctor="M:JetBrains.Annotations.NotNullAttribute.#ctor" />
    </parameter>
  </member>
  <member name="M:MS.Internal.Documents.Application.FileController.MS#Internal#Documents#Application#IDocumentController#SaveCommit(MS.Internal.Documents.Application.Document)">
    <parameter name="document">
      <attribute ctor="M:JetBrains.Annotations.NotNullAttribute.#ctor" />
    </parameter>
  </member>
  <member name="M:MS.Internal.Documents.Application.FileController.MS#Internal#Documents#Application#IDocumentController#SavePreperation(MS.Internal.Documents.Application.Document)">
    <parameter name="document">
      <attribute ctor="M:JetBrains.Annotations.NotNullAttribute.#ctor" />
    </parameter>
  </member>
  <member name="M:MS.Internal.Documents.Application.FileDocument.#ctor(System.IO.Stream)">
    <parameter name="existing">
      <attribute ctor="M:JetBrains.Annotations.NotNullAttribute.#ctor" />
    </parameter>
  </member>
  <member name="M:MS.Internal.Documents.Application.HostedController.MS#Internal#Documents#Application#IDocumentController#EnableEdit(MS.Internal.Documents.Application.Document)">
    <parameter name="document">
      <attribute ctor="M:JetBrains.Annotations.CanBeNullAttribute.#ctor" />
    </parameter>
  </member>
  <member name="M:MS.Internal.Documents.Application.HostedController.MS#Internal#Documents#Application#IDocumentController#Open(MS.Internal.Documents.Application.Document)">
    <parameter name="document">
      <attribute ctor="M:JetBrains.Annotations.CanBeNullAttribute.#ctor" />
    </parameter>
  </member>
  <member name="M:MS.Internal.Documents.Application.HostedController.MS#Internal#Documents#Application#IDocumentController#Rebind(MS.Internal.Documents.Application.Document)">
    <parameter name="document">
      <attribute ctor="M:JetBrains.Annotations.NotNullAttribute.#ctor" />
    </parameter>
  </member>
  <member name="M:MS.Internal.Documents.Application.HostedController.MS#Internal#Documents#Application#IDocumentController#SaveAsPreperation(MS.Internal.Documents.Application.Document)">
    <parameter name="document">
      <attribute ctor="M:JetBrains.Annotations.CanBeNullAttribute.#ctor" />
    </parameter>
  </member>
  <member name="M:MS.Internal.Documents.Application.HostedController.MS#Internal#Documents#Application#IDocumentController#SaveCommit(MS.Internal.Documents.Application.Document)">
    <parameter name="document">
      <attribute ctor="M:JetBrains.Annotations.CanBeNullAttribute.#ctor" />
    </parameter>
  </member>
  <member name="M:MS.Internal.Documents.Application.HostedController.MS#Internal#Documents#Application#IDocumentController#SavePreperation(MS.Internal.Documents.Application.Document)">
    <parameter name="document">
      <attribute ctor="M:JetBrains.Annotations.CanBeNullAttribute.#ctor" />
    </parameter>
  </member>
  <member name="M:MS.Internal.Documents.Application.NavigationHelper.NavigateToDocument(MS.Internal.Documents.Application.Document)">
    <parameter name="document">
      <attribute ctor="M:JetBrains.Annotations.NotNullAttribute.#ctor" />
    </parameter>
  </member>
  <member name="M:MS.Internal.Documents.Application.PackageController.MS#Internal#Documents#Application#IDocumentController#EnableEdit(MS.Internal.Documents.Application.Document)">
    <parameter name="document">
      <attribute ctor="M:JetBrains.Annotations.NotNullAttribute.#ctor" />
    </parameter>
  </member>
  <member name="M:MS.Internal.Documents.Application.PackageController.MS#Internal#Documents#Application#IDocumentController#Open(MS.Internal.Documents.Application.Document)">
    <parameter name="document">
      <attribute ctor="M:JetBrains.Annotations.NotNullAttribute.#ctor" />
    </parameter>
  </member>
  <member name="M:MS.Internal.Documents.Application.PackageController.MS#Internal#Documents#Application#IDocumentController#Rebind(MS.Internal.Documents.Application.Document)">
    <parameter name="document">
      <attribute ctor="M:JetBrains.Annotations.NotNullAttribute.#ctor" />
    </parameter>
  </member>
  <member name="M:MS.Internal.Documents.Application.PackageController.MS#Internal#Documents#Application#IDocumentController#SaveAsPreperation(MS.Internal.Documents.Application.Document)">
    <parameter name="document">
      <attribute ctor="M:JetBrains.Annotations.NotNullAttribute.#ctor" />
    </parameter>
  </member>
  <member name="M:MS.Internal.Documents.Application.PackageController.MS#Internal#Documents#Application#IDocumentController#SaveCommit(MS.Internal.Documents.Application.Document)">
    <parameter name="document">
      <attribute ctor="M:JetBrains.Annotations.NotNullAttribute.#ctor" />
    </parameter>
  </member>
  <member name="M:MS.Internal.Documents.Application.PackageController.MS#Internal#Documents#Application#IDocumentController#SavePreperation(MS.Internal.Documents.Application.Document)">
    <parameter name="document">
      <attribute ctor="M:JetBrains.Annotations.NotNullAttribute.#ctor" />
    </parameter>
  </member>
  <member name="M:MS.Internal.Documents.Application.PageTextBox.OnCreateAutomationPeer">
    <attribute ctor="M:JetBrains.Annotations.NotNullAttribute.#ctor" />
  </member>
  <member name="M:MS.Internal.Documents.Application.PageTextBox.OnPageNumberChanged(,)">
    <parameter name="d">
      <attribute ctor="M:JetBrains.Annotations.NotNullAttribute.#ctor" />
    </parameter>
  </member>
  <member name="M:MS.Internal.Documents.Application.PageTextBox.PageTextBoxAutomationPeer.#SetValue(System.String)">
    <parameter name="value">
      <attribute ctor="M:JetBrains.Annotations.NotNullAttribute.#ctor" />
    </parameter>
  </member>
  <member name="M:MS.Internal.Documents.Application.PageTextBox.PageTextBoxAutomationPeer.GetClassNameCore">
    <attribute ctor="M:JetBrains.Annotations.NotNullAttribute.#ctor" />
  </member>
  <member name="M:MS.Internal.Documents.Application.PolicyBinding.#ctor(,MS.Internal.Documents.RightsManagementPolicy)">
    <parameter name="command">
      <attribute ctor="M:JetBrains.Annotations.NotNullAttribute.#ctor" />
    </parameter>
  </member>
  <member name="M:MS.Internal.Documents.Application.RestrictedTransactionalPackage.#ctor(System.IO.Stream)">
    <parameter name="original">
      <attribute ctor="M:JetBrains.Annotations.NotNullAttribute.#ctor" />
    </parameter>
  </member>
  <member name="M:MS.Internal.Documents.Application.RightsController.DecryptEnvelopeAndSuppressStream(,System.Boolean)">
    <attribute ctor="M:JetBrains.Annotations.NotNullAttribute.#ctor" />
  </member>
  <member name="M:MS.Internal.Documents.Application.RightsController.MS#Internal#Documents#Application#IDocumentController#EnableEdit(MS.Internal.Documents.Application.Document)">
    <parameter name="document">
      <attribute ctor="M:JetBrains.Annotations.NotNullAttribute.#ctor" />
    </parameter>
  </member>
  <member name="M:MS.Internal.Documents.Application.RightsController.MS#Internal#Documents#Application#IDocumentController#Open(MS.Internal.Documents.Application.Document)">
    <parameter name="document">
      <attribute ctor="M:JetBrains.Annotations.NotNullAttribute.#ctor" />
    </parameter>
  </member>
  <member name="M:MS.Internal.Documents.Application.RightsController.MS#Internal#Documents#Application#IDocumentController#Rebind(MS.Internal.Documents.Application.Document)">
    <parameter name="document">
      <attribute ctor="M:JetBrains.Annotations.NotNullAttribute.#ctor" />
    </parameter>
  </member>
  <member name="M:MS.Internal.Documents.Application.RightsController.MS#Internal#Documents#Application#IDocumentController#SaveAsPreperation(MS.Internal.Documents.Application.Document)">
    <parameter name="document">
      <attribute ctor="M:JetBrains.Annotations.NotNullAttribute.#ctor" />
    </parameter>
  </member>
  <member name="M:MS.Internal.Documents.Application.RightsController.MS#Internal#Documents#Application#IDocumentController#SaveCommit(MS.Internal.Documents.Application.Document)">
    <parameter name="document">
      <attribute ctor="M:JetBrains.Annotations.NotNullAttribute.#ctor" />
    </parameter>
  </member>
  <member name="M:MS.Internal.Documents.Application.RightsController.MS#Internal#Documents#Application#IDocumentController#SavePreperation(MS.Internal.Documents.Application.Document)">
    <parameter name="document">
      <attribute ctor="M:JetBrains.Annotations.NotNullAttribute.#ctor" />
    </parameter>
  </member>
  <member name="M:MS.Internal.Documents.Application.RightsManagementErrorHandler.HandleOrRethrowException(MS.Internal.Documents.Application.RightsManagementOperation,System.Exception)">
    <parameter name="exception">
      <attribute ctor="M:JetBrains.Annotations.NotNullAttribute.#ctor" />
    </parameter>
  </member>
  <member name="M:MS.Internal.Documents.Application.RightsManagementErrorHandler.ParseException(MS.Internal.Documents.Application.RightsManagementOperation,System.Exception,System.Boolean@,System.Boolean@)">
    <attribute ctor="M:JetBrains.Annotations.CanBeNullAttribute.#ctor" />
  </member>
  <member name="M:MS.Internal.Documents.Application.RightsManagementErrorHandler.ParseRightsManagementException(MS.Internal.Documents.Application.RightsManagementOperation,,System.Boolean@,System.Boolean@)">
    <attribute ctor="M:JetBrains.Annotations.CanBeNullAttribute.#ctor" />
  </member>
  <member name="M:MS.Internal.Documents.Application.RightsManagementErrorHandler.ParseTemplateExceptions(System.Exception,System.Boolean@,System.Boolean@)">
    <attribute ctor="M:JetBrains.Annotations.CanBeNullAttribute.#ctor" />
  </member>
  <member name="M:MS.Internal.Documents.Application.StreamHelper.CopyStream(System.IO.Stream,System.IO.Stream)">
    <parameter name="source">
      <attribute ctor="M:JetBrains.Annotations.NotNullAttribute.#ctor" />
    </parameter>
    <parameter name="target">
      <attribute ctor="M:JetBrains.Annotations.NotNullAttribute.#ctor" />
    </parameter>
  </member>
  <member name="M:MS.Internal.Documents.Application.StreamProxy.Equals(System.Object)">
    <parameter name="obj">
      <attribute ctor="M:JetBrains.Annotations.CanBeNullAttribute.#ctor" />
    </parameter>
  </member>
  <member name="M:MS.Internal.Documents.Application.StreamProxy.Read(System.Byte[],System.Int32,System.Int32)">
    <parameter name="buffer">
      <attribute ctor="M:JetBrains.Annotations.CanBeNullAttribute.#ctor" />
    </parameter>
  </member>
  <member name="M:MS.Internal.Documents.Application.StreamProxy.Write(System.Byte[],System.Int32,System.Int32)">
    <parameter name="buffer">
      <attribute ctor="M:JetBrains.Annotations.CanBeNullAttribute.#ctor" />
    </parameter>
  </member>
  <member name="M:MS.Internal.Documents.Application.TransactionalPackage.#ctor(System.IO.Stream)">
    <parameter name="original">
      <attribute ctor="M:JetBrains.Annotations.NotNullAttribute.#ctor" />
    </parameter>
  </member>
  <member name="M:MS.Internal.Documents.Application.TransactionalPackage.CreatePartCore(System.Uri,System.String,)">
    <attribute ctor="M:JetBrains.Annotations.NotNullAttribute.#ctor" />
  </member>
  <member name="M:MS.Internal.Documents.Application.TransactionalPackage.EnableEditMode(System.IO.Stream)">
    <parameter name="workspace">
      <attribute ctor="M:JetBrains.Annotations.NotNullAttribute.#ctor" />
    </parameter>
  </member>
  <member name="M:MS.Internal.Documents.Application.TransactionalPackage.GetPartsCore">
    <attribute ctor="M:JetBrains.Annotations.NotNullAttribute.#ctor" />
  </member>
  <member name="M:MS.Internal.Documents.Application.TransactionalPackage.MergeChanges(System.IO.Stream)">
    <parameter name="target">
      <attribute ctor="M:JetBrains.Annotations.NotNullAttribute.#ctor" />
    </parameter>
  </member>
  <member name="M:MS.Internal.Documents.Application.TransactionalPackage.Rebind(System.IO.Stream)">
    <parameter name="newOriginal">
      <attribute ctor="M:JetBrains.Annotations.NotNullAttribute.#ctor" />
    </parameter>
  </member>
  <member name="M:MS.Internal.Documents.Application.TransactionalPackage.TempPackagePartFactory()">
    <parameter name="packagePart">
      <attribute ctor="M:JetBrains.Annotations.NotNullAttribute.#ctor" />
    </parameter>
  </member>
  <member name="M:MS.Internal.Documents.Application.WriteableOnDemandPackagePart.#ctor(,,MS.Internal.Documents.Application.WriteableOnDemandPackagePart.WriteablePackagePartFactoryDelegate)">
    <parameter name="container">
      <attribute ctor="M:JetBrains.Annotations.NotNullAttribute.#ctor" />
    </parameter>
    <parameter name="readingPart">
      <attribute ctor="M:JetBrains.Annotations.NotNullAttribute.#ctor" />
    </parameter>
    <parameter name="writeablePartFactory">
      <attribute ctor="M:JetBrains.Annotations.NotNullAttribute.#ctor" />
    </parameter>
  </member>
  <member name="M:MS.Internal.Documents.Application.WriteableOnDemandPackagePart.GetStreamCore(System.IO.FileMode,System.IO.FileAccess)">
    <attribute ctor="M:JetBrains.Annotations.NotNullAttribute.#ctor" />
  </member>
  <member name="M:MS.Internal.Documents.Application.WriteableOnDemandStream.#ctor(System.IO.Stream,System.IO.FileMode,System.IO.FileAccess,MS.Internal.Documents.Application.WriteableOnDemandStream.GetWriteableInstance)">
    <parameter name="readingStream">
      <attribute ctor="M:JetBrains.Annotations.NotNullAttribute.#ctor" />
    </parameter>
    <parameter name="writeableStreamFactory">
      <attribute ctor="M:JetBrains.Annotations.NotNullAttribute.#ctor" />
    </parameter>
  </member>
  <member name="M:MS.Internal.Documents.Application.ZoomComboBox.OnCreateAutomationPeer">
    <attribute ctor="M:JetBrains.Annotations.NotNullAttribute.#ctor" />
  </member>
  <member name="M:MS.Internal.Documents.Application.ZoomComboBox.OnZoomChanged(,)">
    <parameter name="d">
      <attribute ctor="M:JetBrains.Annotations.NotNullAttribute.#ctor" />
    </parameter>
  </member>
  <member name="M:MS.Internal.Documents.Application.ZoomComboBox.ZoomComboBoxBoxAutomationPeer.#SetValue(System.String)">
    <parameter name="value">
      <attribute ctor="M:JetBrains.Annotations.NotNullAttribute.#ctor" />
    </parameter>
  </member>
  <member name="M:MS.Internal.Documents.Application.ZoomComboBox.ZoomComboBoxBoxAutomationPeer.GetClassNameCore">
    <attribute ctor="M:JetBrains.Annotations.NotNullAttribute.#ctor" />
  </member>
  <member name="M:MS.Internal.Documents.CredentialManagerDialog.#ctor(System.Collections.Generic.IList{System.String},System.String,MS.Internal.Documents.DocumentRightsManagementManager)">
    <parameter name="docRightsManagementManager">
      <attribute ctor="M:JetBrains.Annotations.NotNullAttribute.#ctor" />
    </parameter>
  </member>
  <member name="M:MS.Internal.Documents.DialogBaseForm.ApplyDialogFont(System.Windows.Forms.Control)">
    <parameter name="control">
      <attribute ctor="M:JetBrains.Annotations.NotNullAttribute.#ctor" />
    </parameter>
  </member>
  <member name="M:MS.Internal.Documents.DigitalSignatureProvider.#ctor()">
    <parameter name="package">
      <attribute ctor="M:JetBrains.Annotations.NotNullAttribute.#ctor" />
    </parameter>
  </member>
  <member name="M:MS.Internal.Documents.DigitalSignatureProvider.ConvertXpsDigitalSignature()">
    <attribute ctor="M:JetBrains.Annotations.NotNullAttribute.#ctor" />
  </member>
  <member name="M:MS.Internal.Documents.DigitalSignatureProvider.ConvertXpsSignatureDefinition()">
    <attribute ctor="M:JetBrains.Annotations.NotNullAttribute.#ctor" />
  </member>
  <member name="M:MS.Internal.Documents.DigitalSignatureProvider.GetSignaturesFromPackage">
    <attribute ctor="M:JetBrains.Annotations.NotNullAttribute.#ctor" />
  </member>
  <member name="M:MS.Internal.Documents.DigitalSignatureProvider.MS#Internal#Documents#IDigitalSignatureProvider#AddRequestSignature(MS.Internal.Documents.DigitalSignature)">
    <parameter name="digitalSignature">
      <attribute ctor="M:JetBrains.Annotations.NotNullAttribute.#ctor" />
    </parameter>
  </member>
  <member name="M:MS.Internal.Documents.DigitalSignatureProvider.MS#Internal#Documents#IDigitalSignatureProvider#GetAllCertificates">
    <attribute ctor="M:JetBrains.Annotations.NotNullAttribute.#ctor" />
  </member>
  <member name="M:MS.Internal.Documents.DigitalSignatureProvider.MS#Internal#Documents#IDigitalSignatureProvider#GetCertificateStatus(System.Collections.Generic.IList{System.Security.Cryptography.X509Certificates.X509Certificate2})">
    <attribute ctor="M:JetBrains.Annotations.NotNullAttribute.#ctor" />
    <parameter name="certificates">
      <attribute ctor="M:JetBrains.Annotations.NotNullAttribute.#ctor" />
    </parameter>
  </member>
  <member name="M:MS.Internal.Documents.DigitalSignatureProvider.MS#Internal#Documents#IDigitalSignatureProvider#SignDocument(MS.Internal.Documents.DigitalSignature)">
    <parameter name="digitalSignature">
      <attribute ctor="M:JetBrains.Annotations.NotNullAttribute.#ctor" />
    </parameter>
  </member>
  <member name="M:MS.Internal.Documents.DocumentApplicationDocumentViewer.CreateAndBindCommand(System.String,System.String,,,)">
    <attribute ctor="M:JetBrains.Annotations.NotNullAttribute.#ctor" />
  </member>
  <member name="P:MS.Internal.Documents.DocumentApplicationDocumentViewer.FindToolBar">
    <attribute ctor="M:JetBrains.Annotations.CanBeNullAttribute.#ctor" />
  </member>
  <member name="M:MS.Internal.Documents.DocumentApplicationDocumentViewer.InitializeUI(MS.Internal.Documents.DocumentSignatureManager,MS.Internal.Documents.DocumentRightsManagementManager)">
    <parameter name="docSigManager">
      <attribute ctor="M:JetBrains.Annotations.NotNullAttribute.#ctor" />
    </parameter>
    <parameter name="rmManager">
      <attribute ctor="M:JetBrains.Annotations.NotNullAttribute.#ctor" />
    </parameter>
  </member>
  <member name="M:MS.Internal.Documents.DocumentApplicationDocumentViewer.OnRMPolicyChanged(System.Object,MS.Internal.Documents.DocumentRightsManagementManager.RightsManagementPolicyEventArgs)">
    <parameter name="args">
      <attribute ctor="M:JetBrains.Annotations.NotNullAttribute.#ctor" />
    </parameter>
  </member>
  <member name="M:MS.Internal.Documents.DocumentApplicationDocumentViewer.OnZoomComboBoxSelectionChanged(System.Object,)">
    <parameter name="sender">
      <attribute ctor="M:JetBrains.Annotations.NotNullAttribute.#ctor" />
    </parameter>
  </member>
  <member name="P:MS.Internal.Documents.DocumentApplicationDocumentViewer.PageTextBox">
    <attribute ctor="M:JetBrains.Annotations.CanBeNullAttribute.#ctor" />
  </member>
  <member name="P:MS.Internal.Documents.DocumentApplicationDocumentViewer.RootBrowserWindow">
    <attribute ctor="M:JetBrains.Annotations.NotNullAttribute.#ctor" />
  </member>
  <member name="P:MS.Internal.Documents.DocumentApplicationDocumentViewer.ZoomComboBox">
    <attribute ctor="M:JetBrains.Annotations.CanBeNullAttribute.#ctor" />
  </member>
  <member name="M:MS.Internal.Documents.DocumentRightsManagementManager.#ctor(MS.Internal.Documents.IRightsManagementProvider)">
    <parameter name="rmProvider">
      <attribute ctor="M:JetBrains.Annotations.NotNullAttribute.#ctor" />
    </parameter>
  </member>
  <member name="M:MS.Internal.Documents.DocumentRightsManagementManager.GetCredentialManagementResourceList">
    <attribute ctor="M:JetBrains.Annotations.NotNullAttribute.#ctor" />
  </member>
  <member name="M:MS.Internal.Documents.DocumentRightsManagementManager.GetDefaultCredentialManagementResource">
    <attribute ctor="M:JetBrains.Annotations.CanBeNullAttribute.#ctor" />
  </member>
  <member name="M:MS.Internal.Documents.DocumentRightsManagementManager.GetTemplateFromFile(System.Uri)">
    <attribute ctor="M:JetBrains.Annotations.NotNullAttribute.#ctor" />
  </member>
  <member name="M:MS.Internal.Documents.DocumentRightsManagementManager.Initialize(MS.Internal.Documents.IRightsManagementProvider)">
    <parameter name="rmProvider">
      <attribute ctor="M:JetBrains.Annotations.NotNullAttribute.#ctor" />
    </parameter>
  </member>
  <member name="M:MS.Internal.Documents.DocumentRightsManagementManager.OnCredentialManagementRemove(System.String)">
    <parameter name="accountName">
      <attribute ctor="M:JetBrains.Annotations.NotNullAttribute.#ctor" />
    </parameter>
  </member>
  <member name="M:MS.Internal.Documents.DocumentRightsManagementManager.OnCredentialManagementSetDefault(System.String)">
    <parameter name="defaultAccount">
      <attribute ctor="M:JetBrains.Annotations.NotNullAttribute.#ctor" />
    </parameter>
  </member>
  <member name="M:MS.Internal.Documents.DocumentRightsManagementManager.RMEnrollThreadProc(System.Object)">
    <parameter name="stateInfo">
      <attribute ctor="M:JetBrains.Annotations.NotNullAttribute.#ctor" />
    </parameter>
  </member>
  <member name="M:MS.Internal.Documents.DocumentSignatureManager.#ctor(MS.Internal.Documents.IDigitalSignatureProvider)">
    <parameter name="digSigProvider">
      <attribute ctor="M:JetBrains.Annotations.NotNullAttribute.#ctor" />
    </parameter>
  </member>
  <member name="M:MS.Internal.Documents.DocumentSignatureManager.AddRestrictionsFromSignature(MS.Internal.Documents.SignaturePolicy,MS.Internal.Documents.DigitalSignature)">
    <parameter name="digSig">
      <attribute ctor="M:JetBrains.Annotations.NotNullAttribute.#ctor" />
    </parameter>
  </member>
  <member name="M:MS.Internal.Documents.DocumentSignatureManager.CertificateStatusCheckWorkItem(System.Object)">
    <parameter name="stateInfo">
      <attribute ctor="M:JetBrains.Annotations.NotNullAttribute.#ctor" />
    </parameter>
  </member>
  <member name="M:MS.Internal.Documents.DocumentSignatureManager.GetCertificateStatusFromTable(MS.Internal.Documents.DigitalSignature)">
    <parameter name="digitalSignature">
      <attribute ctor="M:JetBrains.Annotations.NotNullAttribute.#ctor" />
    </parameter>
  </member>
  <member name="M:MS.Internal.Documents.DocumentSignatureManager.GetSignatureResourceList(System.Boolean)">
    <attribute ctor="M:JetBrains.Annotations.NotNullAttribute.#ctor" />
  </member>
  <member name="M:MS.Internal.Documents.DocumentSignatureManager.Initialize(MS.Internal.Documents.IDigitalSignatureProvider)">
    <parameter name="provider">
      <attribute ctor="M:JetBrains.Annotations.NotNullAttribute.#ctor" />
    </parameter>
  </member>
  <member name="M:MS.Internal.Documents.DocumentSignatureManager.OnRMPolicyChanged(System.Object,MS.Internal.Documents.DocumentRightsManagementManager.RightsManagementPolicyEventArgs)">
    <parameter name="args">
      <attribute ctor="M:JetBrains.Annotations.NotNullAttribute.#ctor" />
    </parameter>
  </member>
  <member name="M:MS.Internal.Documents.DocumentSignatureManager.SignDocument(MS.Internal.Documents.DigitalSignature,System.Windows.Forms.Form,System.Boolean)">
    <parameter name="digSig">
      <attribute ctor="M:JetBrains.Annotations.NotNullAttribute.#ctor" />
    </parameter>
  </member>
  <member name="M:MS.Internal.Documents.FindToolBar.OnGoToTextBox(System.Object)">
    <attribute ctor="M:JetBrains.Annotations.CanBeNullAttribute.#ctor" />
  </member>
  <member name="M:MS.Internal.Documents.PeoplePickerWrapper.DsObjectNamesWrapper.#ctor(System.IO.MemoryStream)">
    <parameter name="dataStream">
      <attribute ctor="M:JetBrains.Annotations.NotNullAttribute.#ctor" />
    </parameter>
  </member>
  <member name="M:MS.Internal.Documents.PeoplePickerWrapper.DsObjectNamesWrapper.BuildStringForItemName(System.Int32)">
    <attribute ctor="M:JetBrains.Annotations.CanBeNullAttribute.#ctor" />
  </member>
  <member name="M:MS.Internal.Documents.PeoplePickerWrapper.DsObjectNamesWrapper.GetNamesFromDsObjectStruct">
    <attribute ctor="M:JetBrains.Annotations.NotNullAttribute.#ctor" />
  </member>
  <member name="P:MS.Internal.Documents.PeoplePickerWrapper.DsObjectNamesWrapper.Names">
    <attribute ctor="M:JetBrains.Annotations.NotNullAttribute.#ctor" />
  </member>
  <member name="M:MS.Internal.Documents.PeoplePickerWrapper.GetEmailAddressesFromPaths(System.String[])">
    <attribute ctor="M:JetBrains.Annotations.NotNullAttribute.#ctor" />
    <parameter name="paths">
      <attribute ctor="M:JetBrains.Annotations.NotNullAttribute.#ctor" />
    </parameter>
  </member>
  <member name="M:MS.Internal.Documents.PeoplePickerWrapper.Show(System.IntPtr)">
    <attribute ctor="M:JetBrains.Annotations.NotNullAttribute.#ctor" />
  </member>
  <member name="M:MS.Internal.Documents.ProgressDialog.CloseThreaded(MS.Internal.Documents.ProgressDialog)">
    <parameter name="dialog">
      <attribute ctor="M:JetBrains.Annotations.NotNullAttribute.#ctor" />
    </parameter>
  </member>
  <member name="M:MS.Internal.Documents.ProgressDialog.CreateThreaded(System.String,System.String)">
    <attribute ctor="M:JetBrains.Annotations.NotNullAttribute.#ctor" />
  </member>
  <member name="M:MS.Internal.Documents.RequestedSignatureDialog.#ctor(MS.Internal.Documents.DocumentSignatureManager)">
    <parameter name="docSigManager">
      <attribute ctor="M:JetBrains.Annotations.NotNullAttribute.#ctor" />
    </parameter>
  </member>
  <member name="P:MS.Internal.Documents.Resources.DocumentApplication">
    <attribute ctor="M:JetBrains.Annotations.CanBeNullAttribute.#ctor" />
  </member>
  <member name="P:MS.Internal.Documents.Resources.Invalid_35x35">
    <attribute ctor="M:JetBrains.Annotations.CanBeNullAttribute.#ctor" />
  </member>
  <member name="P:MS.Internal.Documents.Resources.Invalid_48x48">
    <attribute ctor="M:JetBrains.Annotations.CanBeNullAttribute.#ctor" />
  </member>
  <member name="P:MS.Internal.Documents.Resources.NotSigned_35x35">
    <attribute ctor="M:JetBrains.Annotations.CanBeNullAttribute.#ctor" />
  </member>
  <member name="P:MS.Internal.Documents.Resources.NotSigned_48x48">
    <attribute ctor="M:JetBrains.Annotations.CanBeNullAttribute.#ctor" />
  </member>
  <member name="P:MS.Internal.Documents.Resources.RMPublishingEveryone">
    <attribute ctor="M:JetBrains.Annotations.CanBeNullAttribute.#ctor" />
  </member>
  <member name="P:MS.Internal.Documents.Resources.RMPublishingPeoplePicker">
    <attribute ctor="M:JetBrains.Annotations.CanBeNullAttribute.#ctor" />
  </member>
  <member name="P:MS.Internal.Documents.Resources.RMPublishingRemove">
    <attribute ctor="M:JetBrains.Annotations.CanBeNullAttribute.#ctor" />
  </member>
  <member name="P:MS.Internal.Documents.Resources.Undetermined_35x35">
    <attribute ctor="M:JetBrains.Annotations.CanBeNullAttribute.#ctor" />
  </member>
  <member name="P:MS.Internal.Documents.Resources.Undetermined_48x48">
    <attribute ctor="M:JetBrains.Annotations.CanBeNullAttribute.#ctor" />
  </member>
  <member name="P:MS.Internal.Documents.Resources.Unverifiable_35x35">
    <attribute ctor="M:JetBrains.Annotations.CanBeNullAttribute.#ctor" />
  </member>
  <member name="P:MS.Internal.Documents.Resources.Unverifiable_48x48">
    <attribute ctor="M:JetBrains.Annotations.CanBeNullAttribute.#ctor" />
  </member>
  <member name="P:MS.Internal.Documents.Resources.Valid_35x35">
    <attribute ctor="M:JetBrains.Annotations.CanBeNullAttribute.#ctor" />
  </member>
  <member name="P:MS.Internal.Documents.Resources.Valid_48x48">
    <attribute ctor="M:JetBrains.Annotations.CanBeNullAttribute.#ctor" />
  </member>
  <member name="M:MS.Internal.Documents.RightsManagementProvider.AddReferralInfo(MS.Internal.Documents.RightsManagementLicense)">
    <parameter name="rmLicense">
      <attribute ctor="M:JetBrains.Annotations.NotNullAttribute.#ctor" />
    </parameter>
  </member>
  <member name="M:MS.Internal.Documents.RightsManagementProvider.ConvertGrantList(MS.Internal.Documents.RightsManagementUser,System.Collections.Generic.IList{})">
    <attribute ctor="M:JetBrains.Annotations.NotNullAttribute.#ctor" />
  </member>
  <member name="M:MS.Internal.Documents.RightsManagementProvider.CreateGrant(MS.Internal.Documents.RightsManagementUser,,System.DateTime,System.DateTime)">
    <attribute ctor="M:JetBrains.Annotations.NotNullAttribute.#ctor" />
  </member>
  <member name="M:MS.Internal.Documents.RightsManagementProvider.GenerateCryptoProvider">
    <attribute ctor="M:JetBrains.Annotations.CanBeNullAttribute.#ctor" />
  </member>
  <member name="M:MS.Internal.Documents.RightsManagementProvider.GetApplicationManifest">
    <attribute ctor="M:JetBrains.Annotations.NotNullAttribute.#ctor" />
  </member>
  <member name="M:MS.Internal.Documents.RightsManagementProvider.GetGrantsFromLicense(MS.Internal.Documents.RightsManagementLicense)">
    <attribute ctor="M:JetBrains.Annotations.NotNullAttribute.#ctor" />
    <parameter name="rmLicense">
      <attribute ctor="M:JetBrains.Annotations.NotNullAttribute.#ctor" />
    </parameter>
  </member>
  <member name="M:MS.Internal.Documents.RightsManagementProvider.HasPermission(MS.Internal.Documents.RightsManagementLicense,MS.Internal.Documents.RightsManagementPermissions)">
    <parameter name="license">
      <attribute ctor="M:JetBrains.Annotations.NotNullAttribute.#ctor" />
    </parameter>
  </member>
  <member name="M:MS.Internal.Documents.RightsManagementProvider.MS#Internal#Documents#IRightsManagementProvider#EncryptPackage(System.IO.Stream)">
    <attribute ctor="M:JetBrains.Annotations.CanBeNullAttribute.#ctor" />
  </member>
  <member name="M:MS.Internal.Documents.RightsManagementProvider.MS#Internal#Documents#IRightsManagementProvider#GenerateUnsignedPublishLicense(System.Collections.Generic.IList{MS.Internal.Documents.RightsManagementLicense})">
    <parameter name="licenses">
      <attribute ctor="M:JetBrains.Annotations.NotNullAttribute.#ctor" />
    </parameter>
  </member>
  <member name="M:MS.Internal.Documents.RightsManagementProvider.MS#Internal#Documents#IRightsManagementProvider#GenerateUnsignedPublishLicense(System.String)">
    <parameter name="template">
      <attribute ctor="M:JetBrains.Annotations.NotNullAttribute.#ctor" />
    </parameter>
  </member>
  <member name="M:MS.Internal.Documents.RightsManagementProvider.MS#Internal#Documents#IRightsManagementProvider#GetAvailableCredentials">
    <attribute ctor="M:JetBrains.Annotations.NotNullAttribute.#ctor" />
  </member>
  <member name="M:MS.Internal.Documents.RightsManagementProvider.MS#Internal#Documents#IRightsManagementProvider#RemoveCredentials(MS.Internal.Documents.RightsManagementUser)">
    <parameter name="user">
      <attribute ctor="M:JetBrains.Annotations.NotNullAttribute.#ctor" />
    </parameter>
  </member>
  <member name="M:MS.Internal.Documents.RightsManagementProvider.MS#Internal#Documents#IRightsManagementProvider#SetDefaultCredentials(MS.Internal.Documents.RightsManagementUser)">
    <parameter name="user">
      <attribute ctor="M:JetBrains.Annotations.NotNullAttribute.#ctor" />
    </parameter>
  </member>
  <member name="M:MS.Internal.Documents.RightsManagementResourceHelper.GetCredentialManagementResources(MS.Internal.Documents.RightsManagementUser)">
    <parameter name="user">
      <attribute ctor="M:JetBrains.Annotations.NotNullAttribute.#ctor" />
    </parameter>
    <attribute ctor="M:JetBrains.Annotations.NotNullAttribute.#ctor" />
  </member>
  <member name="M:MS.Internal.Documents.RightsManagementUser.CreateUser()">
    <attribute ctor="M:JetBrains.Annotations.NotNullAttribute.#ctor" />
  </member>
  <member name="M:MS.Internal.Documents.RightsManagementUser.CreateUser(System.String,)">
    <attribute ctor="M:JetBrains.Annotations.NotNullAttribute.#ctor" />
  </member>
  <member name="M:MS.Internal.Documents.RMPermissionsDialog.#ctor(MS.Internal.Documents.RightsManagementLicense)">
    <parameter name="userLicense">
      <attribute ctor="M:JetBrains.Annotations.NotNullAttribute.#ctor" />
    </parameter>
  </member>
  <member name="M:MS.Internal.Documents.RMPermissionsDialog.AddPermissions(System.String[])">
    <parameter name="uiStrings">
      <attribute ctor="M:JetBrains.Annotations.NotNullAttribute.#ctor" />
    </parameter>
  </member>
  <member name="M:MS.Internal.Documents.RMPermissionsDialog.GetRightsFromPermissions(MS.Internal.Documents.RightsManagementLicense)">
    <attribute ctor="M:JetBrains.Annotations.NotNullAttribute.#ctor" />
    <parameter name="license">
      <attribute ctor="M:JetBrains.Annotations.NotNullAttribute.#ctor" />
    </parameter>
  </member>
  <member name="M:MS.Internal.Documents.RMPermissionsDialog.GetUtcDateAsString(System.Nullable{System.DateTime})">
    <attribute ctor="M:JetBrains.Annotations.CanBeNullAttribute.#ctor" />
  </member>
  <member name="M:MS.Internal.Documents.RMPermissionsDialog.InitializeReferralInformation(MS.Internal.Documents.RightsManagementLicense)">
    <parameter name="userLicense">
      <attribute ctor="M:JetBrains.Annotations.NotNullAttribute.#ctor" />
    </parameter>
  </member>
  <member name="M:MS.Internal.Documents.RMPublishingDialog.#ctor(MS.Internal.Documents.RightsManagementUser,System.Collections.Generic.IDictionary{MS.Internal.Documents.RightsManagementUser,MS.Internal.Documents.RightsManagementLicense})">
    <parameter name="user">
      <attribute ctor="M:JetBrains.Annotations.NotNullAttribute.#ctor" />
    </parameter>
  </member>
  <member name="M:MS.Internal.Documents.RMPublishingDialog.CreateRightsManagementLicenses">
    <attribute ctor="M:JetBrains.Annotations.NotNullAttribute.#ctor" />
  </member>
  <member name="M:MS.Internal.Documents.RMPublishingDialog.GetTemplatePath">
    <attribute ctor="M:JetBrains.Annotations.CanBeNullAttribute.#ctor" />
  </member>
  <member name="M:MS.Internal.Documents.RMPublishingDialog.GetUserFromUserName(System.String)">
    <parameter name="userName">
      <attribute ctor="M:JetBrains.Annotations.NotNullAttribute.#ctor" />
    </parameter>
  </member>
  <member name="M:MS.Internal.Documents.RMPublishingDialog.GetXmlTemplates">
    <attribute ctor="M:JetBrains.Annotations.NotNullAttribute.#ctor" />
  </member>
  <member name="M:MS.Internal.Documents.RMPublishingDialog.RightsTable.CreateCheckBoxCell(System.Boolean,System.Boolean)">
    <attribute ctor="M:JetBrains.Annotations.NotNullAttribute.#ctor" />
  </member>
  <member name="M:MS.Internal.Documents.RMPublishingDialog.RightsTable.CreateColumnHeader(System.String,System.String,System.Type,System.Int32)">
    <attribute ctor="M:JetBrains.Annotations.NotNullAttribute.#ctor" />
  </member>
  <member name="M:MS.Internal.Documents.RMPublishingDialog.RightsTable.CreateDataGridViewRow(MS.Internal.Documents.RMPublishingDialog.RightsTableUser,System.Boolean)">
    <attribute ctor="M:JetBrains.Annotations.NotNullAttribute.#ctor" />
  </member>
  <member name="M:MS.Internal.Documents.RMPublishingDialog.RightsTable.InitializeRightsTable(System.String,System.Collections.Generic.IDictionary{MS.Internal.Documents.RightsManagementUser,MS.Internal.Documents.RightsManagementLicense})">
    <parameter name="ownerName">
      <attribute ctor="M:JetBrains.Annotations.NotNullAttribute.#ctor" />
    </parameter>
  </member>
  <member name="M:MS.Internal.Documents.RMPublishingDialog.RightsTable.InitializeRightsTableContent(System.String,System.Collections.Generic.IDictionary{MS.Internal.Documents.RightsManagementUser,MS.Internal.Documents.RightsManagementLicense})">
    <parameter name="ownerName">
      <attribute ctor="M:JetBrains.Annotations.NotNullAttribute.#ctor" />
    </parameter>
  </member>
  <member name="M:MS.Internal.Documents.RMPublishingDialog.RightsTable.IsEveryone(System.String)">
    <parameter name="userName">
      <attribute ctor="M:JetBrains.Annotations.NotNullAttribute.#ctor" />
    </parameter>
  </member>
  <member name="M:MS.Internal.Documents.RMPublishingDialog.RightsTable.UpdateAllowOwner(System.Windows.Forms.DataGridViewRow)">
    <parameter name="row">
      <attribute ctor="M:JetBrains.Annotations.NotNullAttribute.#ctor" />
    </parameter>
  </member>
  <member name="M:MS.Internal.Documents.RMPublishingDialog.RightsTable.UpdateAllRowsFromEveryone(System.Windows.Forms.DataGridViewRow)">
    <parameter name="everyoneRow">
      <attribute ctor="M:JetBrains.Annotations.NotNullAttribute.#ctor" />
    </parameter>
  </member>
  <member name="M:MS.Internal.Documents.RMPublishingDialog.RightsTable.UpdateAllRowsOnEveryoneRemoval(System.Windows.Forms.DataGridViewRow)">
    <parameter name="everyoneRow">
      <attribute ctor="M:JetBrains.Annotations.NotNullAttribute.#ctor" />
    </parameter>
  </member>
  <member name="M:MS.Internal.Documents.RMPublishingDialog.RightsTable.UpdateRowFromEveryone(System.Windows.Forms.DataGridViewRow,System.Windows.Forms.DataGridViewRow)">
    <parameter name="everyoneRow">
      <attribute ctor="M:JetBrains.Annotations.NotNullAttribute.#ctor" />
    </parameter>
    <parameter name="targetRow">
      <attribute ctor="M:JetBrains.Annotations.NotNullAttribute.#ctor" />
    </parameter>
  </member>
  <member name="M:MS.Internal.Documents.RMPublishingDialog.ServerSideTemplate.BuildTemplateList(System.Collections.Generic.List{System.Uri})">
    <attribute ctor="M:JetBrains.Annotations.NotNullAttribute.#ctor" />
  </member>
  <member name="M:MS.Internal.Documents.RMPublishingDialog.ServerSideTemplate.ToString">
    <attribute ctor="M:JetBrains.Annotations.CanBeNullAttribute.#ctor" />
  </member>
  <member name="M:MS.Internal.Documents.RMPublishingDialog.SetupIconButton(System.Windows.Forms.Button,System.Drawing.Icon,System.String,System.String)">
    <parameter name="button">
      <attribute ctor="M:JetBrains.Annotations.NotNullAttribute.#ctor" />
    </parameter>
    <parameter name="icon">
      <attribute ctor="M:JetBrains.Annotations.NotNullAttribute.#ctor" />
    </parameter>
  </member>
  <member name="P:MS.Internal.Documents.RMPublishingDialog.ValidUntil">
    <attribute ctor="M:JetBrains.Annotations.CanBeNullAttribute.#ctor" />
  </member>
  <member name="M:MS.Internal.Documents.SignatureResourceHelper.GetCertificateSummaryMessage(MS.Internal.Documents.CertificatePriorityStatus)">
    <attribute ctor="M:JetBrains.Annotations.CanBeNullAttribute.#ctor" />
  </member>
  <member name="M:MS.Internal.Documents.SignatureResourceHelper.GetFormattedDate(System.Nullable{System.DateTime})">
    <attribute ctor="M:JetBrains.Annotations.CanBeNullAttribute.#ctor" />
  </member>
  <member name="M:MS.Internal.Documents.SignatureResourceHelper.GetImageFromStatus(System.Int32,System.Int32,MS.Internal.Documents.SignatureStatus,MS.Internal.Documents.CertificatePriorityStatus)">
    <attribute ctor="M:JetBrains.Annotations.CanBeNullAttribute.#ctor" />
  </member>
  <member name="M:MS.Internal.Documents.SignatureResourceHelper.GetResources(MS.Internal.Documents.DigitalSignature,MS.Internal.Documents.CertificatePriorityStatus)">
    <parameter name="signature">
      <attribute ctor="M:JetBrains.Annotations.NotNullAttribute.#ctor" />
    </parameter>
  </member>
  <member name="M:MS.Internal.Documents.SignatureResourceHelper.GetSignatureSummaryMessage(MS.Internal.Documents.SignatureStatus,MS.Internal.Documents.CertificatePriorityStatus)">
    <attribute ctor="M:JetBrains.Annotations.CanBeNullAttribute.#ctor" />
  </member>
  <member name="M:MS.Internal.Documents.SignatureResourceHelper.GetSummaryMessage(MS.Internal.Documents.DigitalSignature,MS.Internal.Documents.CertificatePriorityStatus)">
    <attribute ctor="M:JetBrains.Annotations.NotNullAttribute.#ctor" />
  </member>
  <member name="M:MS.Internal.Documents.SignatureResources.ToString">
    <attribute ctor="M:JetBrains.Annotations.NotNullAttribute.#ctor" />
  </member>
  <member name="M:MS.Internal.Documents.SignatureSummaryDialog.#ctor(System.Collections.Generic.IList{MS.Internal.Documents.SignatureResources},MS.Internal.Documents.DocumentSignatureManager,System.Boolean)">
    <parameter name="signatureResourcesList">
      <attribute ctor="M:JetBrains.Annotations.NotNullAttribute.#ctor" />
    </parameter>
  </member>
  <member name="M:MS.Internal.Documents.SignatureSummaryDialog._listBoxSummary_DrawItem(System.Object,System.Windows.Forms.DrawItemEventArgs)">
    <parameter name="e">
      <attribute ctor="M:JetBrains.Annotations.NotNullAttribute.#ctor" />
    </parameter>
  </member>
  <member name="M:MS.Internal.Documents.SignatureSummaryDialog._listBoxSummary_MeasureItem(System.Object,System.Windows.Forms.MeasureItemEventArgs)">
    <parameter name="e">
      <attribute ctor="M:JetBrains.Annotations.NotNullAttribute.#ctor" />
    </parameter>
  </member>
  <member name="M:MS.Internal.Documents.SignatureSummaryDialog.CalculateItemHeight(System.Drawing.Graphics,MS.Internal.Documents.SignatureResources)">
    <parameter name="graphics">
      <attribute ctor="M:JetBrains.Annotations.NotNullAttribute.#ctor" />
    </parameter>
  </member>
  <member name="M:MS.Internal.Documents.SignatureSummaryDialog.DrawListBoxSummaryItem(System.Drawing.Graphics,System.Drawing.Rectangle,MS.Internal.Documents.SignatureResources,System.Boolean)">
    <parameter name="graphics">
      <attribute ctor="M:JetBrains.Annotations.NotNullAttribute.#ctor" />
    </parameter>
  </member>
  <member name="M:MS.Internal.Documents.SigningDialog.#ctor(System.Security.Cryptography.X509Certificates.X509Certificate2,MS.Internal.Documents.DigitalSignature,MS.Internal.Documents.DocumentSignatureManager)">
    <parameter name="x509Certificate2">
      <attribute ctor="M:JetBrains.Annotations.NotNullAttribute.#ctor" />
    </parameter>
    <parameter name="docSigManager">
      <attribute ctor="M:JetBrains.Annotations.NotNullAttribute.#ctor" />
    </parameter>
  </member>
  <member name="M:System.Windows.TrustUI.SR.Get(System.Windows.TrustUI.SRID)">
    <attribute ctor="M:JetBrains.Annotations.CanBeNullAttribute.#ctor" />
  </member>
  <member name="M:System.Windows.TrustUI.SR.Get(System.Windows.TrustUI.SRID,System.Object[])">
    <attribute ctor="M:JetBrains.Annotations.CanBeNullAttribute.#ctor" />
  </member>
</assembly>