﻿<?xml version="1.0" encoding="utf-8"?>
<assembly name="System.Web.Mvc, Version=1.0.0.0">
  <member name="M:System.Web.Mvc.ActionNameAttribute.IsValidName(System.Web.Mvc.ControllerContext,System.String,System.Reflection.MethodInfo)">
    <parameter name="actionName">
      <attribute ctor="M:JetBrains.Annotations.AspMvcActionAttribute.#ctor" />
      <attribute ctor="M:JetBrains.Annotations.LocalizationRequiredAttribute.#ctor(System.Boolean)">
        <argument>false</argument>
      </attribute>
    </parameter>
  </member>
  <member name="M:System.Web.Mvc.ActionNameSelectorAttribute.IsValidName(System.Web.Mvc.ControllerContext,System.String,System.Reflection.MethodInfo)">
    <parameter name="actionName">
      <attribute ctor="M:JetBrains.Annotations.AspMvcActionAttribute.#ctor" />
      <attribute ctor="M:JetBrains.Annotations.LocalizationRequiredAttribute.#ctor(System.Boolean)">
        <argument>false</argument>
      </attribute>
    </parameter>
  </member>
  <member name="M:System.Web.Mvc.Ajax.AjaxExtensions.ActionLink(System.Web.Mvc.AjaxHelper,System.String,System.String,System.Web.Mvc.Ajax.AjaxOptions)">
    <attribute ctor="M:JetBrains.Annotations.AspMvcControllerAttribute.#ctor" />
    <parameter name="linkText">
      <attribute ctor="M:JetBrains.Annotations.NotNullAttribute.#ctor" />
    </parameter>
    <parameter name="actionName">
      <attribute ctor="M:JetBrains.Annotations.AspMvcActionAttribute.#ctor" />
      <attribute ctor="M:JetBrains.Annotations.LocalizationRequiredAttribute.#ctor(System.Boolean)">
        <argument>false</argument>
      </attribute>
    </parameter>
  </member>
  <member name="M:System.Web.Mvc.Ajax.AjaxExtensions.ActionLink(System.Web.Mvc.AjaxHelper,System.String,System.String,System.Object,System.Web.Mvc.Ajax.AjaxOptions)">
    <attribute ctor="M:JetBrains.Annotations.AspMvcControllerAttribute.#ctor" />
    <parameter name="linkText">
      <attribute ctor="M:JetBrains.Annotations.NotNullAttribute.#ctor" />
    </parameter>
    <parameter name="actionName">
      <attribute ctor="M:JetBrains.Annotations.AspMvcActionAttribute.#ctor" />
      <attribute ctor="M:JetBrains.Annotations.LocalizationRequiredAttribute.#ctor(System.Boolean)">
        <argument>false</argument>
      </attribute>
    </parameter>
    <parameter name="routeValues">
      <attribute ctor="M:JetBrains.Annotations.AspMvcActionAttribute.#ctor(System.String)">
        <argument>Action</argument>
      </attribute>
      <attribute ctor="M:JetBrains.Annotations.AspMvcAreaAttribute.#ctor(System.String)">
        <argument>Area</argument>
      </attribute>
      <attribute ctor="M:JetBrains.Annotations.AspMvcControllerAttribute.#ctor(System.String)">
        <argument>Controller</argument>
      </attribute>
      <attribute ctor="M:JetBrains.Annotations.AspMvcModelTypeAttribute.#ctor" />
    </parameter>
  </member>
  <member name="M:System.Web.Mvc.Ajax.AjaxExtensions.ActionLink(System.Web.Mvc.AjaxHelper,System.String,System.String,System.Object,System.Web.Mvc.Ajax.AjaxOptions,System.Object)">
    <attribute ctor="M:JetBrains.Annotations.AspMvcControllerAttribute.#ctor" />
    <parameter name="linkText">
      <attribute ctor="M:JetBrains.Annotations.NotNullAttribute.#ctor" />
    </parameter>
    <parameter name="actionName">
      <attribute ctor="M:JetBrains.Annotations.AspMvcActionAttribute.#ctor" />
      <attribute ctor="M:JetBrains.Annotations.LocalizationRequiredAttribute.#ctor(System.Boolean)">
        <argument>false</argument>
      </attribute>
    </parameter>
    <parameter name="routeValues">
      <attribute ctor="M:JetBrains.Annotations.AspMvcActionAttribute.#ctor(System.String)">
        <argument>Action</argument>
      </attribute>
      <attribute ctor="M:JetBrains.Annotations.AspMvcAreaAttribute.#ctor(System.String)">
        <argument>Area</argument>
      </attribute>
      <attribute ctor="M:JetBrains.Annotations.AspMvcControllerAttribute.#ctor(System.String)">
        <argument>Controller</argument>
      </attribute>
      <attribute ctor="M:JetBrains.Annotations.AspMvcModelTypeAttribute.#ctor" />
    </parameter>
  </member>
  <member name="M:System.Web.Mvc.Ajax.AjaxExtensions.ActionLink(System.Web.Mvc.AjaxHelper,System.String,System.String,System.Web.Routing.RouteValueDictionary,System.Web.Mvc.Ajax.AjaxOptions)">
    <attribute ctor="M:JetBrains.Annotations.AspMvcControllerAttribute.#ctor" />
    <parameter name="linkText">
      <attribute ctor="M:JetBrains.Annotations.NotNullAttribute.#ctor" />
    </parameter>
    <parameter name="actionName">
      <attribute ctor="M:JetBrains.Annotations.AspMvcActionAttribute.#ctor" />
      <attribute ctor="M:JetBrains.Annotations.LocalizationRequiredAttribute.#ctor(System.Boolean)">
        <argument>false</argument>
      </attribute>
    </parameter>
  </member>
  <member name="M:System.Web.Mvc.Ajax.AjaxExtensions.ActionLink(System.Web.Mvc.AjaxHelper,System.String,System.String,System.Web.Routing.RouteValueDictionary,System.Web.Mvc.Ajax.AjaxOptions,System.Collections.Generic.IDictionary{System.String,System.Object})">
    <attribute ctor="M:JetBrains.Annotations.AspMvcControllerAttribute.#ctor" />
    <parameter name="linkText">
      <attribute ctor="M:JetBrains.Annotations.NotNullAttribute.#ctor" />
    </parameter>
    <parameter name="actionName">
      <attribute ctor="M:JetBrains.Annotations.AspMvcActionAttribute.#ctor" />
      <attribute ctor="M:JetBrains.Annotations.LocalizationRequiredAttribute.#ctor(System.Boolean)">
        <argument>false</argument>
      </attribute>
    </parameter>
  </member>
  <member name="M:System.Web.Mvc.Ajax.AjaxExtensions.ActionLink(System.Web.Mvc.AjaxHelper,System.String,System.String,System.String,System.Web.Mvc.Ajax.AjaxOptions)">
    <parameter name="linkText">
      <attribute ctor="M:JetBrains.Annotations.NotNullAttribute.#ctor" />
    </parameter>
    <parameter name="actionName">
      <attribute ctor="M:JetBrains.Annotations.AspMvcActionAttribute.#ctor" />
      <attribute ctor="M:JetBrains.Annotations.LocalizationRequiredAttribute.#ctor(System.Boolean)">
        <argument>false</argument>
      </attribute>
    </parameter>
    <parameter name="controllerName">
      <attribute ctor="M:JetBrains.Annotations.AspMvcControllerAttribute.#ctor" />
      <attribute ctor="M:JetBrains.Annotations.LocalizationRequiredAttribute.#ctor(System.Boolean)">
        <argument>false</argument>
      </attribute>
    </parameter>
  </member>
  <member name="M:System.Web.Mvc.Ajax.AjaxExtensions.ActionLink(System.Web.Mvc.AjaxHelper,System.String,System.String,System.String,System.Object,System.Web.Mvc.Ajax.AjaxOptions)">
    <parameter name="linkText">
      <attribute ctor="M:JetBrains.Annotations.NotNullAttribute.#ctor" />
    </parameter>
    <parameter name="actionName">
      <attribute ctor="M:JetBrains.Annotations.AspMvcActionAttribute.#ctor" />
      <attribute ctor="M:JetBrains.Annotations.LocalizationRequiredAttribute.#ctor(System.Boolean)">
        <argument>false</argument>
      </attribute>
    </parameter>
    <parameter name="controllerName">
      <attribute ctor="M:JetBrains.Annotations.AspMvcControllerAttribute.#ctor" />
      <attribute ctor="M:JetBrains.Annotations.LocalizationRequiredAttribute.#ctor(System.Boolean)">
        <argument>false</argument>
      </attribute>
    </parameter>
    <parameter name="routeValues">
      <attribute ctor="M:JetBrains.Annotations.AspMvcActionAttribute.#ctor(System.String)">
        <argument>Action</argument>
      </attribute>
      <attribute ctor="M:JetBrains.Annotations.AspMvcAreaAttribute.#ctor(System.String)">
        <argument>Area</argument>
      </attribute>
      <attribute ctor="M:JetBrains.Annotations.AspMvcControllerAttribute.#ctor(System.String)">
        <argument>Controller</argument>
      </attribute>
      <attribute ctor="M:JetBrains.Annotations.AspMvcModelTypeAttribute.#ctor" />
    </parameter>
  </member>
  <member name="M:System.Web.Mvc.Ajax.AjaxExtensions.ActionLink(System.Web.Mvc.AjaxHelper,System.String,System.String,System.String,System.Object,System.Web.Mvc.Ajax.AjaxOptions,System.Object)">
    <parameter name="linkText">
      <attribute ctor="M:JetBrains.Annotations.NotNullAttribute.#ctor" />
    </parameter>
    <parameter name="actionName">
      <attribute ctor="M:JetBrains.Annotations.AspMvcActionAttribute.#ctor" />
      <attribute ctor="M:JetBrains.Annotations.LocalizationRequiredAttribute.#ctor(System.Boolean)">
        <argument>false</argument>
      </attribute>
    </parameter>
    <parameter name="controllerName">
      <attribute ctor="M:JetBrains.Annotations.AspMvcControllerAttribute.#ctor" />
      <attribute ctor="M:JetBrains.Annotations.LocalizationRequiredAttribute.#ctor(System.Boolean)">
        <argument>false</argument>
      </attribute>
    </parameter>
    <parameter name="routeValues">
      <attribute ctor="M:JetBrains.Annotations.AspMvcActionAttribute.#ctor(System.String)">
        <argument>Action</argument>
      </attribute>
      <attribute ctor="M:JetBrains.Annotations.AspMvcAreaAttribute.#ctor(System.String)">
        <argument>Area</argument>
      </attribute>
      <attribute ctor="M:JetBrains.Annotations.AspMvcControllerAttribute.#ctor(System.String)">
        <argument>Controller</argument>
      </attribute>
      <attribute ctor="M:JetBrains.Annotations.AspMvcModelTypeAttribute.#ctor" />
    </parameter>
  </member>
  <member name="M:System.Web.Mvc.Ajax.AjaxExtensions.ActionLink(System.Web.Mvc.AjaxHelper,System.String,System.String,System.String,System.Web.Routing.RouteValueDictionary,System.Web.Mvc.Ajax.AjaxOptions)">
    <parameter name="linkText">
      <attribute ctor="M:JetBrains.Annotations.NotNullAttribute.#ctor" />
    </parameter>
    <parameter name="actionName">
      <attribute ctor="M:JetBrains.Annotations.AspMvcActionAttribute.#ctor" />
      <attribute ctor="M:JetBrains.Annotations.LocalizationRequiredAttribute.#ctor(System.Boolean)">
        <argument>false</argument>
      </attribute>
    </parameter>
    <parameter name="controllerName">
      <attribute ctor="M:JetBrains.Annotations.AspMvcControllerAttribute.#ctor" />
      <attribute ctor="M:JetBrains.Annotations.LocalizationRequiredAttribute.#ctor(System.Boolean)">
        <argument>false</argument>
      </attribute>
    </parameter>
  </member>
  <member name="M:System.Web.Mvc.Ajax.AjaxExtensions.ActionLink(System.Web.Mvc.AjaxHelper,System.String,System.String,System.String,System.Web.Routing.RouteValueDictionary,System.Web.Mvc.Ajax.AjaxOptions,System.Collections.Generic.IDictionary{System.String,System.Object})">
    <parameter name="linkText">
      <attribute ctor="M:JetBrains.Annotations.NotNullAttribute.#ctor" />
    </parameter>
    <parameter name="actionName">
      <attribute ctor="M:JetBrains.Annotations.AspMvcActionAttribute.#ctor" />
      <attribute ctor="M:JetBrains.Annotations.LocalizationRequiredAttribute.#ctor(System.Boolean)">
        <argument>false</argument>
      </attribute>
    </parameter>
    <parameter name="controllerName">
      <attribute ctor="M:JetBrains.Annotations.AspMvcControllerAttribute.#ctor" />
      <attribute ctor="M:JetBrains.Annotations.LocalizationRequiredAttribute.#ctor(System.Boolean)">
        <argument>false</argument>
      </attribute>
    </parameter>
  </member>
  <member name="M:System.Web.Mvc.Ajax.AjaxExtensions.ActionLink(System.Web.Mvc.AjaxHelper,System.String,System.String,System.String,System.String,System.String,System.String,System.Object,System.Web.Mvc.Ajax.AjaxOptions,System.Object)">
    <parameter name="linkText">
      <attribute ctor="M:JetBrains.Annotations.NotNullAttribute.#ctor" />
    </parameter>
    <parameter name="actionName">
      <attribute ctor="M:JetBrains.Annotations.AspMvcActionAttribute.#ctor" />
      <attribute ctor="M:JetBrains.Annotations.LocalizationRequiredAttribute.#ctor(System.Boolean)">
        <argument>false</argument>
      </attribute>
    </parameter>
    <parameter name="controllerName">
      <attribute ctor="M:JetBrains.Annotations.AspMvcControllerAttribute.#ctor" />
      <attribute ctor="M:JetBrains.Annotations.LocalizationRequiredAttribute.#ctor(System.Boolean)">
        <argument>false</argument>
      </attribute>
    </parameter>
    <parameter name="routeValues">
      <attribute ctor="M:JetBrains.Annotations.AspMvcActionAttribute.#ctor(System.String)">
        <argument>Action</argument>
      </attribute>
      <attribute ctor="M:JetBrains.Annotations.AspMvcAreaAttribute.#ctor(System.String)">
        <argument>Area</argument>
      </attribute>
      <attribute ctor="M:JetBrains.Annotations.AspMvcControllerAttribute.#ctor(System.String)">
        <argument>Controller</argument>
      </attribute>
      <attribute ctor="M:JetBrains.Annotations.AspMvcModelTypeAttribute.#ctor" />
    </parameter>
  </member>
  <member name="M:System.Web.Mvc.Ajax.AjaxExtensions.ActionLink(System.Web.Mvc.AjaxHelper,System.String,System.String,System.String,System.String,System.String,System.String,System.Web.Routing.RouteValueDictionary,System.Web.Mvc.Ajax.AjaxOptions,System.Collections.Generic.IDictionary{System.String,System.Object})">
    <parameter name="linkText">
      <attribute ctor="M:JetBrains.Annotations.NotNullAttribute.#ctor" />
    </parameter>
    <parameter name="actionName">
      <attribute ctor="M:JetBrains.Annotations.AspMvcActionAttribute.#ctor" />
      <attribute ctor="M:JetBrains.Annotations.LocalizationRequiredAttribute.#ctor(System.Boolean)">
        <argument>false</argument>
      </attribute>
    </parameter>
    <parameter name="controllerName">
      <attribute ctor="M:JetBrains.Annotations.AspMvcControllerAttribute.#ctor" />
      <attribute ctor="M:JetBrains.Annotations.LocalizationRequiredAttribute.#ctor(System.Boolean)">
        <argument>false</argument>
      </attribute>
    </parameter>
  </member>
  <member name="M:System.Web.Mvc.Ajax.AjaxExtensions.BeginForm(System.Web.Mvc.AjaxHelper,System.Web.Mvc.Ajax.AjaxOptions)">
    <attribute ctor="M:JetBrains.Annotations.AspMvcActionAttribute.#ctor" />
    <attribute ctor="M:JetBrains.Annotations.AspMvcControllerAttribute.#ctor" />
  </member>
  <member name="M:System.Web.Mvc.Ajax.AjaxExtensions.BeginForm(System.Web.Mvc.AjaxHelper,System.String,System.Web.Mvc.Ajax.AjaxOptions)">
    <attribute ctor="M:JetBrains.Annotations.AspMvcControllerAttribute.#ctor" />
    <parameter name="actionName">
      <attribute ctor="M:JetBrains.Annotations.AspMvcActionAttribute.#ctor" />
      <attribute ctor="M:JetBrains.Annotations.LocalizationRequiredAttribute.#ctor(System.Boolean)">
        <argument>false</argument>
      </attribute>
    </parameter>
  </member>
  <member name="M:System.Web.Mvc.Ajax.AjaxExtensions.BeginForm(System.Web.Mvc.AjaxHelper,System.String,System.Object,System.Web.Mvc.Ajax.AjaxOptions)">
    <attribute ctor="M:JetBrains.Annotations.AspMvcControllerAttribute.#ctor" />
    <parameter name="actionName">
      <attribute ctor="M:JetBrains.Annotations.AspMvcActionAttribute.#ctor" />
      <attribute ctor="M:JetBrains.Annotations.LocalizationRequiredAttribute.#ctor(System.Boolean)">
        <argument>false</argument>
      </attribute>
    </parameter>
    <parameter name="routeValues">
      <attribute ctor="M:JetBrains.Annotations.AspMvcActionAttribute.#ctor(System.String)">
        <argument>Action</argument>
      </attribute>
      <attribute ctor="M:JetBrains.Annotations.AspMvcAreaAttribute.#ctor(System.String)">
        <argument>Area</argument>
      </attribute>
      <attribute ctor="M:JetBrains.Annotations.AspMvcControllerAttribute.#ctor(System.String)">
        <argument>Controller</argument>
      </attribute>
      <attribute ctor="M:JetBrains.Annotations.AspMvcModelTypeAttribute.#ctor" />
    </parameter>
  </member>
  <member name="M:System.Web.Mvc.Ajax.AjaxExtensions.BeginForm(System.Web.Mvc.AjaxHelper,System.String,System.Object,System.Web.Mvc.Ajax.AjaxOptions,System.Object)">
    <attribute ctor="M:JetBrains.Annotations.AspMvcControllerAttribute.#ctor" />
    <parameter name="actionName">
      <attribute ctor="M:JetBrains.Annotations.AspMvcActionAttribute.#ctor" />
      <attribute ctor="M:JetBrains.Annotations.LocalizationRequiredAttribute.#ctor(System.Boolean)">
        <argument>false</argument>
      </attribute>
    </parameter>
    <parameter name="routeValues">
      <attribute ctor="M:JetBrains.Annotations.AspMvcActionAttribute.#ctor(System.String)">
        <argument>Action</argument>
      </attribute>
      <attribute ctor="M:JetBrains.Annotations.AspMvcAreaAttribute.#ctor(System.String)">
        <argument>Area</argument>
      </attribute>
      <attribute ctor="M:JetBrains.Annotations.AspMvcControllerAttribute.#ctor(System.String)">
        <argument>Controller</argument>
      </attribute>
      <attribute ctor="M:JetBrains.Annotations.AspMvcModelTypeAttribute.#ctor" />
    </parameter>
  </member>
  <member name="M:System.Web.Mvc.Ajax.AjaxExtensions.BeginForm(System.Web.Mvc.AjaxHelper,System.String,System.Web.Routing.RouteValueDictionary,System.Web.Mvc.Ajax.AjaxOptions)">
    <attribute ctor="M:JetBrains.Annotations.AspMvcControllerAttribute.#ctor" />
    <parameter name="actionName">
      <attribute ctor="M:JetBrains.Annotations.AspMvcActionAttribute.#ctor" />
      <attribute ctor="M:JetBrains.Annotations.LocalizationRequiredAttribute.#ctor(System.Boolean)">
        <argument>false</argument>
      </attribute>
    </parameter>
  </member>
  <member name="M:System.Web.Mvc.Ajax.AjaxExtensions.BeginForm(System.Web.Mvc.AjaxHelper,System.String,System.Web.Routing.RouteValueDictionary,System.Web.Mvc.Ajax.AjaxOptions,System.Collections.Generic.IDictionary{System.String,System.Object})">
    <attribute ctor="M:JetBrains.Annotations.AspMvcControllerAttribute.#ctor" />
    <parameter name="actionName">
      <attribute ctor="M:JetBrains.Annotations.AspMvcActionAttribute.#ctor" />
      <attribute ctor="M:JetBrains.Annotations.LocalizationRequiredAttribute.#ctor(System.Boolean)">
        <argument>false</argument>
      </attribute>
    </parameter>
  </member>
  <member name="M:System.Web.Mvc.Ajax.AjaxExtensions.BeginForm(System.Web.Mvc.AjaxHelper,System.String,System.String,System.Web.Mvc.Ajax.AjaxOptions)">
    <parameter name="actionName">
      <attribute ctor="M:JetBrains.Annotations.AspMvcActionAttribute.#ctor" />
      <attribute ctor="M:JetBrains.Annotations.LocalizationRequiredAttribute.#ctor(System.Boolean)">
        <argument>false</argument>
      </attribute>
    </parameter>
    <parameter name="controllerName">
      <attribute ctor="M:JetBrains.Annotations.AspMvcControllerAttribute.#ctor" />
      <attribute ctor="M:JetBrains.Annotations.LocalizationRequiredAttribute.#ctor(System.Boolean)">
        <argument>false</argument>
      </attribute>
    </parameter>
  </member>
  <member name="M:System.Web.Mvc.Ajax.AjaxExtensions.BeginForm(System.Web.Mvc.AjaxHelper,System.String,System.String,System.Object,System.Web.Mvc.Ajax.AjaxOptions)">
    <parameter name="actionName">
      <attribute ctor="M:JetBrains.Annotations.AspMvcActionAttribute.#ctor" />
      <attribute ctor="M:JetBrains.Annotations.LocalizationRequiredAttribute.#ctor(System.Boolean)">
        <argument>false</argument>
      </attribute>
    </parameter>
    <parameter name="controllerName">
      <attribute ctor="M:JetBrains.Annotations.AspMvcControllerAttribute.#ctor" />
      <attribute ctor="M:JetBrains.Annotations.LocalizationRequiredAttribute.#ctor(System.Boolean)">
        <argument>false</argument>
      </attribute>
    </parameter>
    <parameter name="routeValues">
      <attribute ctor="M:JetBrains.Annotations.AspMvcActionAttribute.#ctor(System.String)">
        <argument>Action</argument>
      </attribute>
      <attribute ctor="M:JetBrains.Annotations.AspMvcAreaAttribute.#ctor(System.String)">
        <argument>Area</argument>
      </attribute>
      <attribute ctor="M:JetBrains.Annotations.AspMvcControllerAttribute.#ctor(System.String)">
        <argument>Controller</argument>
      </attribute>
      <attribute ctor="M:JetBrains.Annotations.AspMvcModelTypeAttribute.#ctor" />
    </parameter>
  </member>
  <member name="M:System.Web.Mvc.Ajax.AjaxExtensions.BeginForm(System.Web.Mvc.AjaxHelper,System.String,System.String,System.Object,System.Web.Mvc.Ajax.AjaxOptions,System.Object)">
    <parameter name="actionName">
      <attribute ctor="M:JetBrains.Annotations.AspMvcActionAttribute.#ctor" />
      <attribute ctor="M:JetBrains.Annotations.LocalizationRequiredAttribute.#ctor(System.Boolean)">
        <argument>false</argument>
      </attribute>
    </parameter>
    <parameter name="controllerName">
      <attribute ctor="M:JetBrains.Annotations.AspMvcControllerAttribute.#ctor" />
      <attribute ctor="M:JetBrains.Annotations.LocalizationRequiredAttribute.#ctor(System.Boolean)">
        <argument>false</argument>
      </attribute>
    </parameter>
    <parameter name="routeValues">
      <attribute ctor="M:JetBrains.Annotations.AspMvcActionAttribute.#ctor(System.String)">
        <argument>Action</argument>
      </attribute>
      <attribute ctor="M:JetBrains.Annotations.AspMvcAreaAttribute.#ctor(System.String)">
        <argument>Area</argument>
      </attribute>
      <attribute ctor="M:JetBrains.Annotations.AspMvcControllerAttribute.#ctor(System.String)">
        <argument>Controller</argument>
      </attribute>
      <attribute ctor="M:JetBrains.Annotations.AspMvcModelTypeAttribute.#ctor" />
    </parameter>
  </member>
  <member name="M:System.Web.Mvc.Ajax.AjaxExtensions.BeginForm(System.Web.Mvc.AjaxHelper,System.String,System.String,System.Web.Routing.RouteValueDictionary,System.Web.Mvc.Ajax.AjaxOptions)">
    <parameter name="actionName">
      <attribute ctor="M:JetBrains.Annotations.AspMvcActionAttribute.#ctor" />
      <attribute ctor="M:JetBrains.Annotations.LocalizationRequiredAttribute.#ctor(System.Boolean)">
        <argument>false</argument>
      </attribute>
    </parameter>
    <parameter name="controllerName">
      <attribute ctor="M:JetBrains.Annotations.AspMvcControllerAttribute.#ctor" />
      <attribute ctor="M:JetBrains.Annotations.LocalizationRequiredAttribute.#ctor(System.Boolean)">
        <argument>false</argument>
      </attribute>
    </parameter>
  </member>
  <member name="M:System.Web.Mvc.Ajax.AjaxExtensions.BeginForm(System.Web.Mvc.AjaxHelper,System.String,System.String,System.Web.Routing.RouteValueDictionary,System.Web.Mvc.Ajax.AjaxOptions,System.Collections.Generic.IDictionary{System.String,System.Object})">
    <parameter name="actionName">
      <attribute ctor="M:JetBrains.Annotations.AspMvcActionAttribute.#ctor" />
      <attribute ctor="M:JetBrains.Annotations.LocalizationRequiredAttribute.#ctor(System.Boolean)">
        <argument>false</argument>
      </attribute>
    </parameter>
    <parameter name="controllerName">
      <attribute ctor="M:JetBrains.Annotations.AspMvcControllerAttribute.#ctor" />
      <attribute ctor="M:JetBrains.Annotations.LocalizationRequiredAttribute.#ctor(System.Boolean)">
        <argument>false</argument>
      </attribute>
    </parameter>
  </member>
  <member name="M:System.Web.Mvc.Ajax.AjaxExtensions.BeginRouteForm(System.Web.Mvc.AjaxHelper,System.String,System.Object,System.Web.Mvc.Ajax.AjaxOptions)">
    <parameter name="routeValues">
      <attribute ctor="M:JetBrains.Annotations.AspMvcActionAttribute.#ctor(System.String)">
        <argument>Action</argument>
      </attribute>
      <attribute ctor="M:JetBrains.Annotations.AspMvcAreaAttribute.#ctor(System.String)">
        <argument>Area</argument>
      </attribute>
      <attribute ctor="M:JetBrains.Annotations.AspMvcControllerAttribute.#ctor(System.String)">
        <argument>Controller</argument>
      </attribute>
      <attribute ctor="M:JetBrains.Annotations.AspMvcModelTypeAttribute.#ctor" />
    </parameter>
  </member>
  <member name="M:System.Web.Mvc.Ajax.AjaxExtensions.BeginRouteForm(System.Web.Mvc.AjaxHelper,System.String,System.Object,System.Web.Mvc.Ajax.AjaxOptions,System.Object)">
    <parameter name="routeValues">
      <attribute ctor="M:JetBrains.Annotations.AspMvcActionAttribute.#ctor(System.String)">
        <argument>Action</argument>
      </attribute>
      <attribute ctor="M:JetBrains.Annotations.AspMvcAreaAttribute.#ctor(System.String)">
        <argument>Area</argument>
      </attribute>
      <attribute ctor="M:JetBrains.Annotations.AspMvcControllerAttribute.#ctor(System.String)">
        <argument>Controller</argument>
      </attribute>
      <attribute ctor="M:JetBrains.Annotations.AspMvcModelTypeAttribute.#ctor" />
    </parameter>
  </member>
  <member name="M:System.Web.Mvc.Ajax.AjaxExtensions.RouteLink(System.Web.Mvc.AjaxHelper,System.String,System.Object,System.Web.Mvc.Ajax.AjaxOptions)">
    <parameter name="linkText">
      <attribute ctor="M:JetBrains.Annotations.NotNullAttribute.#ctor" />
    </parameter>
    <parameter name="routeValues">
      <attribute ctor="M:JetBrains.Annotations.AspMvcActionAttribute.#ctor(System.String)">
        <argument>Action</argument>
      </attribute>
      <attribute ctor="M:JetBrains.Annotations.AspMvcAreaAttribute.#ctor(System.String)">
        <argument>Area</argument>
      </attribute>
      <attribute ctor="M:JetBrains.Annotations.AspMvcControllerAttribute.#ctor(System.String)">
        <argument>Controller</argument>
      </attribute>
      <attribute ctor="M:JetBrains.Annotations.AspMvcModelTypeAttribute.#ctor" />
    </parameter>
  </member>
  <member name="M:System.Web.Mvc.Ajax.AjaxExtensions.RouteLink(System.Web.Mvc.AjaxHelper,System.String,System.Object,System.Web.Mvc.Ajax.AjaxOptions,System.Object)">
    <parameter name="linkText">
      <attribute ctor="M:JetBrains.Annotations.NotNullAttribute.#ctor" />
    </parameter>
    <parameter name="routeValues">
      <attribute ctor="M:JetBrains.Annotations.AspMvcActionAttribute.#ctor(System.String)">
        <argument>Action</argument>
      </attribute>
      <attribute ctor="M:JetBrains.Annotations.AspMvcAreaAttribute.#ctor(System.String)">
        <argument>Area</argument>
      </attribute>
      <attribute ctor="M:JetBrains.Annotations.AspMvcControllerAttribute.#ctor(System.String)">
        <argument>Controller</argument>
      </attribute>
      <attribute ctor="M:JetBrains.Annotations.AspMvcModelTypeAttribute.#ctor" />
    </parameter>
  </member>
  <member name="M:System.Web.Mvc.Ajax.AjaxExtensions.RouteLink(System.Web.Mvc.AjaxHelper,System.String,System.Web.Routing.RouteValueDictionary,System.Web.Mvc.Ajax.AjaxOptions)">
    <parameter name="linkText">
      <attribute ctor="M:JetBrains.Annotations.NotNullAttribute.#ctor" />
    </parameter>
  </member>
  <member name="M:System.Web.Mvc.Ajax.AjaxExtensions.RouteLink(System.Web.Mvc.AjaxHelper,System.String,System.Web.Routing.RouteValueDictionary,System.Web.Mvc.Ajax.AjaxOptions,System.Collections.Generic.IDictionary{System.String,System.Object})">
    <parameter name="linkText">
      <attribute ctor="M:JetBrains.Annotations.NotNullAttribute.#ctor" />
    </parameter>
  </member>
  <member name="M:System.Web.Mvc.Ajax.AjaxExtensions.RouteLink(System.Web.Mvc.AjaxHelper,System.String,System.String,System.Web.Mvc.Ajax.AjaxOptions)">
    <parameter name="linkText">
      <attribute ctor="M:JetBrains.Annotations.NotNullAttribute.#ctor" />
    </parameter>
  </member>
  <member name="M:System.Web.Mvc.Ajax.AjaxExtensions.RouteLink(System.Web.Mvc.AjaxHelper,System.String,System.String,System.Web.Mvc.Ajax.AjaxOptions,System.Object)">
    <parameter name="linkText">
      <attribute ctor="M:JetBrains.Annotations.NotNullAttribute.#ctor" />
    </parameter>
  </member>
  <member name="M:System.Web.Mvc.Ajax.AjaxExtensions.RouteLink(System.Web.Mvc.AjaxHelper,System.String,System.String,System.Web.Mvc.Ajax.AjaxOptions,System.Collections.Generic.IDictionary{System.String,System.Object})">
    <parameter name="linkText">
      <attribute ctor="M:JetBrains.Annotations.NotNullAttribute.#ctor" />
    </parameter>
  </member>
  <member name="M:System.Web.Mvc.Ajax.AjaxExtensions.RouteLink(System.Web.Mvc.AjaxHelper,System.String,System.String,System.Object,System.Web.Mvc.Ajax.AjaxOptions)">
    <parameter name="linkText">
      <attribute ctor="M:JetBrains.Annotations.NotNullAttribute.#ctor" />
    </parameter>
    <parameter name="routeValues">
      <attribute ctor="M:JetBrains.Annotations.AspMvcActionAttribute.#ctor(System.String)">
        <argument>Action</argument>
      </attribute>
      <attribute ctor="M:JetBrains.Annotations.AspMvcAreaAttribute.#ctor(System.String)">
        <argument>Area</argument>
      </attribute>
      <attribute ctor="M:JetBrains.Annotations.AspMvcControllerAttribute.#ctor(System.String)">
        <argument>Controller</argument>
      </attribute>
      <attribute ctor="M:JetBrains.Annotations.AspMvcModelTypeAttribute.#ctor" />
    </parameter>
  </member>
  <member name="M:System.Web.Mvc.Ajax.AjaxExtensions.RouteLink(System.Web.Mvc.AjaxHelper,System.String,System.String,System.Object,System.Web.Mvc.Ajax.AjaxOptions,System.Object)">
    <parameter name="linkText">
      <attribute ctor="M:JetBrains.Annotations.NotNullAttribute.#ctor" />
    </parameter>
    <parameter name="routeValues">
      <attribute ctor="M:JetBrains.Annotations.AspMvcActionAttribute.#ctor(System.String)">
        <argument>Action</argument>
      </attribute>
      <attribute ctor="M:JetBrains.Annotations.AspMvcAreaAttribute.#ctor(System.String)">
        <argument>Area</argument>
      </attribute>
      <attribute ctor="M:JetBrains.Annotations.AspMvcControllerAttribute.#ctor(System.String)">
        <argument>Controller</argument>
      </attribute>
      <attribute ctor="M:JetBrains.Annotations.AspMvcModelTypeAttribute.#ctor" />
    </parameter>
  </member>
  <member name="M:System.Web.Mvc.Ajax.AjaxExtensions.RouteLink(System.Web.Mvc.AjaxHelper,System.String,System.String,System.Web.Routing.RouteValueDictionary,System.Web.Mvc.Ajax.AjaxOptions)">
    <parameter name="linkText">
      <attribute ctor="M:JetBrains.Annotations.NotNullAttribute.#ctor" />
    </parameter>
  </member>
  <member name="M:System.Web.Mvc.Ajax.AjaxExtensions.RouteLink(System.Web.Mvc.AjaxHelper,System.String,System.String,System.Web.Routing.RouteValueDictionary,System.Web.Mvc.Ajax.AjaxOptions,System.Collections.Generic.IDictionary{System.String,System.Object})">
    <parameter name="linkText">
      <attribute ctor="M:JetBrains.Annotations.NotNullAttribute.#ctor" />
    </parameter>
  </member>
  <member name="M:System.Web.Mvc.Ajax.AjaxExtensions.RouteLink(System.Web.Mvc.AjaxHelper,System.String,System.String,System.String,System.String,System.String,System.Web.Routing.RouteValueDictionary,System.Web.Mvc.Ajax.AjaxOptions,System.Collections.Generic.IDictionary{System.String,System.Object})">
    <parameter name="linkText">
      <attribute ctor="M:JetBrains.Annotations.NotNullAttribute.#ctor" />
    </parameter>
  </member>
  <member name="M:System.Web.Mvc.Controller.HandleUnknownAction(System.String)">
    <parameter name="actionName">
      <attribute ctor="M:JetBrains.Annotations.AspMvcActionAttribute.#ctor" />
      <attribute ctor="M:JetBrains.Annotations.LocalizationRequiredAttribute.#ctor(System.Boolean)">
        <argument>false</argument>
      </attribute>
    </parameter>
  </member>
  <member name="M:System.Web.Mvc.Controller.PartialView">
    <attribute ctor="M:JetBrains.Annotations.AspMvcPartialViewAttribute.#ctor" />
  </member>
  <member name="M:System.Web.Mvc.Controller.PartialView(System.Object)">
    <attribute ctor="M:JetBrains.Annotations.AspMvcPartialViewAttribute.#ctor" />
    <parameter name="model">
      <attribute ctor="M:JetBrains.Annotations.AspMvcModelTypeAttribute.#ctor" />
    </parameter>
  </member>
  <member name="M:System.Web.Mvc.Controller.PartialView(System.String)">
    <parameter name="viewName">
      <attribute ctor="M:JetBrains.Annotations.AspMvcPartialViewAttribute.#ctor" />
      <attribute ctor="M:JetBrains.Annotations.LocalizationRequiredAttribute.#ctor(System.Boolean)">
        <argument>false</argument>
      </attribute>
    </parameter>
  </member>
  <member name="M:System.Web.Mvc.Controller.PartialView(System.String,System.Object)">
    <parameter name="viewName">
      <attribute ctor="M:JetBrains.Annotations.AspMvcPartialViewAttribute.#ctor" />
      <attribute ctor="M:JetBrains.Annotations.LocalizationRequiredAttribute.#ctor(System.Boolean)">
        <argument>false</argument>
      </attribute>
    </parameter>
    <parameter name="model">
      <attribute ctor="M:JetBrains.Annotations.AspMvcModelTypeAttribute.#ctor" />
    </parameter>
  </member>
  <member name="M:System.Web.Mvc.Controller.RedirectToAction(System.String)">
    <attribute ctor="M:JetBrains.Annotations.AspMvcControllerAttribute.#ctor" />
    <parameter name="actionName">
      <attribute ctor="M:JetBrains.Annotations.AspMvcActionAttribute.#ctor" />
      <attribute ctor="M:JetBrains.Annotations.LocalizationRequiredAttribute.#ctor(System.Boolean)">
        <argument>false</argument>
      </attribute>
    </parameter>
  </member>
  <member name="M:System.Web.Mvc.Controller.RedirectToAction(System.String,System.Object)">
    <attribute ctor="M:JetBrains.Annotations.AspMvcControllerAttribute.#ctor" />
    <parameter name="actionName">
      <attribute ctor="M:JetBrains.Annotations.AspMvcActionAttribute.#ctor" />
      <attribute ctor="M:JetBrains.Annotations.LocalizationRequiredAttribute.#ctor(System.Boolean)">
        <argument>false</argument>
      </attribute>
    </parameter>
    <parameter name="routeValues">
      <attribute ctor="M:JetBrains.Annotations.AspMvcActionAttribute.#ctor(System.String)">
        <argument>Action</argument>
      </attribute>
      <attribute ctor="M:JetBrains.Annotations.AspMvcAreaAttribute.#ctor(System.String)">
        <argument>Area</argument>
      </attribute>
      <attribute ctor="M:JetBrains.Annotations.AspMvcControllerAttribute.#ctor(System.String)">
        <argument>Controller</argument>
      </attribute>
      <attribute ctor="M:JetBrains.Annotations.AspMvcModelTypeAttribute.#ctor" />
    </parameter>
  </member>
  <member name="M:System.Web.Mvc.Controller.RedirectToAction(System.String,System.Web.Routing.RouteValueDictionary)">
    <attribute ctor="M:JetBrains.Annotations.AspMvcControllerAttribute.#ctor" />
    <parameter name="actionName">
      <attribute ctor="M:JetBrains.Annotations.AspMvcActionAttribute.#ctor" />
      <attribute ctor="M:JetBrains.Annotations.LocalizationRequiredAttribute.#ctor(System.Boolean)">
        <argument>false</argument>
      </attribute>
    </parameter>
  </member>
  <member name="M:System.Web.Mvc.Controller.RedirectToAction(System.String,System.String)">
    <parameter name="actionName">
      <attribute ctor="M:JetBrains.Annotations.AspMvcActionAttribute.#ctor" />
      <attribute ctor="M:JetBrains.Annotations.LocalizationRequiredAttribute.#ctor(System.Boolean)">
        <argument>false</argument>
      </attribute>
    </parameter>
    <parameter name="controllerName">
      <attribute ctor="M:JetBrains.Annotations.AspMvcControllerAttribute.#ctor" />
      <attribute ctor="M:JetBrains.Annotations.LocalizationRequiredAttribute.#ctor(System.Boolean)">
        <argument>false</argument>
      </attribute>
    </parameter>
  </member>
  <member name="M:System.Web.Mvc.Controller.RedirectToAction(System.String,System.String,System.Object)">
    <parameter name="actionName">
      <attribute ctor="M:JetBrains.Annotations.AspMvcActionAttribute.#ctor" />
      <attribute ctor="M:JetBrains.Annotations.LocalizationRequiredAttribute.#ctor(System.Boolean)">
        <argument>false</argument>
      </attribute>
    </parameter>
    <parameter name="controllerName">
      <attribute ctor="M:JetBrains.Annotations.AspMvcControllerAttribute.#ctor" />
      <attribute ctor="M:JetBrains.Annotations.LocalizationRequiredAttribute.#ctor(System.Boolean)">
        <argument>false</argument>
      </attribute>
    </parameter>
    <parameter name="routeValues">
      <attribute ctor="M:JetBrains.Annotations.AspMvcActionAttribute.#ctor(System.String)">
        <argument>Action</argument>
      </attribute>
      <attribute ctor="M:JetBrains.Annotations.AspMvcAreaAttribute.#ctor(System.String)">
        <argument>Area</argument>
      </attribute>
      <attribute ctor="M:JetBrains.Annotations.AspMvcControllerAttribute.#ctor(System.String)">
        <argument>Controller</argument>
      </attribute>
      <attribute ctor="M:JetBrains.Annotations.AspMvcModelTypeAttribute.#ctor" />
    </parameter>
  </member>
  <member name="M:System.Web.Mvc.Controller.RedirectToAction(System.String,System.String,System.Web.Routing.RouteValueDictionary)">
    <parameter name="actionName">
      <attribute ctor="M:JetBrains.Annotations.AspMvcActionAttribute.#ctor" />
      <attribute ctor="M:JetBrains.Annotations.LocalizationRequiredAttribute.#ctor(System.Boolean)">
        <argument>false</argument>
      </attribute>
    </parameter>
    <parameter name="controllerName">
      <attribute ctor="M:JetBrains.Annotations.AspMvcControllerAttribute.#ctor" />
      <attribute ctor="M:JetBrains.Annotations.LocalizationRequiredAttribute.#ctor(System.Boolean)">
        <argument>false</argument>
      </attribute>
    </parameter>
  </member>
  <member name="M:System.Web.Mvc.Controller.RedirectToRoute(System.Object)">
    <parameter name="routeValues">
      <attribute ctor="M:JetBrains.Annotations.AspMvcActionAttribute.#ctor(System.String)">
        <argument>Action</argument>
      </attribute>
      <attribute ctor="M:JetBrains.Annotations.AspMvcAreaAttribute.#ctor(System.String)">
        <argument>Area</argument>
      </attribute>
      <attribute ctor="M:JetBrains.Annotations.AspMvcControllerAttribute.#ctor(System.String)">
        <argument>Controller</argument>
      </attribute>
      <attribute ctor="M:JetBrains.Annotations.AspMvcModelTypeAttribute.#ctor" />
    </parameter>
  </member>
  <member name="M:System.Web.Mvc.Controller.RedirectToRoute(System.String,System.Object)">
    <parameter name="routeValues">
      <attribute ctor="M:JetBrains.Annotations.AspMvcActionAttribute.#ctor(System.String)">
        <argument>Action</argument>
      </attribute>
      <attribute ctor="M:JetBrains.Annotations.AspMvcAreaAttribute.#ctor(System.String)">
        <argument>Area</argument>
      </attribute>
      <attribute ctor="M:JetBrains.Annotations.AspMvcControllerAttribute.#ctor(System.String)">
        <argument>Controller</argument>
      </attribute>
      <attribute ctor="M:JetBrains.Annotations.AspMvcModelTypeAttribute.#ctor" />
    </parameter>
  </member>
  <member name="M:System.Web.Mvc.Controller.View">
    <attribute ctor="M:JetBrains.Annotations.AspMvcViewAttribute.#ctor" />
  </member>
  <member name="M:System.Web.Mvc.Controller.View(System.Object)">
    <attribute ctor="M:JetBrains.Annotations.AspMvcViewAttribute.#ctor" />
    <parameter name="model">
      <attribute ctor="M:JetBrains.Annotations.AspMvcModelTypeAttribute.#ctor" />
    </parameter>
  </member>
  <member name="M:System.Web.Mvc.Controller.View(System.String)">
    <parameter name="viewName">
      <attribute ctor="M:JetBrains.Annotations.AspMvcViewAttribute.#ctor" />
      <attribute ctor="M:JetBrains.Annotations.LocalizationRequiredAttribute.#ctor(System.Boolean)">
        <argument>false</argument>
      </attribute>
    </parameter>
  </member>
  <member name="M:System.Web.Mvc.Controller.View(System.String,System.String)">
    <parameter name="viewName">
      <attribute ctor="M:JetBrains.Annotations.AspMvcViewAttribute.#ctor" />
      <attribute ctor="M:JetBrains.Annotations.LocalizationRequiredAttribute.#ctor(System.Boolean)">
        <argument>false</argument>
      </attribute>
    </parameter>
    <parameter name="masterName">
      <attribute ctor="M:JetBrains.Annotations.AspMvcMasterAttribute.#ctor" />
      <attribute ctor="M:JetBrains.Annotations.LocalizationRequiredAttribute.#ctor(System.Boolean)">
        <argument>false</argument>
      </attribute>
    </parameter>
  </member>
  <member name="M:System.Web.Mvc.Controller.View(System.String,System.Object)">
    <parameter name="viewName">
      <attribute ctor="M:JetBrains.Annotations.AspMvcViewAttribute.#ctor" />
      <attribute ctor="M:JetBrains.Annotations.LocalizationRequiredAttribute.#ctor(System.Boolean)">
        <argument>false</argument>
      </attribute>
    </parameter>
    <parameter name="model">
      <attribute ctor="M:JetBrains.Annotations.AspMvcModelTypeAttribute.#ctor" />
    </parameter>
  </member>
  <member name="M:System.Web.Mvc.Controller.View(System.String,System.String,System.Object)">
    <parameter name="viewName">
      <attribute ctor="M:JetBrains.Annotations.AspMvcViewAttribute.#ctor" />
      <attribute ctor="M:JetBrains.Annotations.LocalizationRequiredAttribute.#ctor(System.Boolean)">
        <argument>false</argument>
      </attribute>
    </parameter>
    <parameter name="masterName">
      <attribute ctor="M:JetBrains.Annotations.AspMvcMasterAttribute.#ctor" />
      <attribute ctor="M:JetBrains.Annotations.LocalizationRequiredAttribute.#ctor(System.Boolean)">
        <argument>false</argument>
      </attribute>
    </parameter>
    <parameter name="model">
      <attribute ctor="M:JetBrains.Annotations.AspMvcModelTypeAttribute.#ctor" />
    </parameter>
  </member>
  <member name="M:System.Web.Mvc.Controller.View(System.Web.Mvc.IView,System.Object)">
    <parameter name="model">
      <attribute ctor="M:JetBrains.Annotations.AspMvcModelTypeAttribute.#ctor" />
    </parameter>
  </member>
  <member name="M:System.Web.Mvc.ControllerActionInvoker.FindAction(System.Web.Mvc.ControllerContext,System.Web.Mvc.ControllerDescriptor,System.String)">
    <parameter name="actionName">
      <attribute ctor="M:JetBrains.Annotations.AspMvcActionAttribute.#ctor" />
      <attribute ctor="M:JetBrains.Annotations.LocalizationRequiredAttribute.#ctor(System.Boolean)">
        <argument>false</argument>
      </attribute>
    </parameter>
  </member>
  <member name="M:System.Web.Mvc.ControllerActionInvoker.InvokeAction(System.Web.Mvc.ControllerContext,System.String)">
    <parameter name="actionName">
      <attribute ctor="M:JetBrains.Annotations.AspMvcActionAttribute.#ctor" />
      <attribute ctor="M:JetBrains.Annotations.LocalizationRequiredAttribute.#ctor(System.Boolean)">
        <argument>false</argument>
      </attribute>
    </parameter>
  </member>
  <member name="M:System.Web.Mvc.ControllerDescriptor.FindAction(System.Web.Mvc.ControllerContext,System.String)">
    <parameter name="actionName">
      <attribute ctor="M:JetBrains.Annotations.AspMvcActionAttribute.#ctor" />
      <attribute ctor="M:JetBrains.Annotations.LocalizationRequiredAttribute.#ctor(System.Boolean)">
        <argument>false</argument>
      </attribute>
    </parameter>
  </member>
  <member name="M:System.Web.Mvc.DefaultControllerFactory.CreateController(System.Web.Routing.RequestContext,System.String)">
    <parameter name="controllerName">
      <attribute ctor="M:JetBrains.Annotations.AspMvcControllerAttribute.#ctor" />
      <attribute ctor="M:JetBrains.Annotations.LocalizationRequiredAttribute.#ctor(System.Boolean)">
        <argument>false</argument>
      </attribute>
    </parameter>
  </member>
  <member name="M:System.Web.Mvc.DefaultControllerFactory.GetControllerType(System.String)">
    <parameter name="controllerName">
      <attribute ctor="M:JetBrains.Annotations.AspMvcControllerAttribute.#ctor" />
      <attribute ctor="M:JetBrains.Annotations.LocalizationRequiredAttribute.#ctor(System.Boolean)">
        <argument>false</argument>
      </attribute>
    </parameter>
  </member>
  <member name="M:System.Web.Mvc.Html.FormExtensions.BeginForm(System.Web.Mvc.HtmlHelper)">
    <attribute ctor="M:JetBrains.Annotations.AspMvcActionAttribute.#ctor" />
    <attribute ctor="M:JetBrains.Annotations.AspMvcControllerAttribute.#ctor" />
  </member>
  <member name="M:System.Web.Mvc.Html.FormExtensions.BeginForm(System.Web.Mvc.HtmlHelper,System.Object)">
    <attribute ctor="M:JetBrains.Annotations.AspMvcActionAttribute.#ctor" />
    <attribute ctor="M:JetBrains.Annotations.AspMvcControllerAttribute.#ctor" />
    <parameter name="routeValues">
      <attribute ctor="M:JetBrains.Annotations.AspMvcActionAttribute.#ctor(System.String)">
        <argument>Action</argument>
      </attribute>
      <attribute ctor="M:JetBrains.Annotations.AspMvcAreaAttribute.#ctor(System.String)">
        <argument>Area</argument>
      </attribute>
      <attribute ctor="M:JetBrains.Annotations.AspMvcControllerAttribute.#ctor(System.String)">
        <argument>Controller</argument>
      </attribute>
      <attribute ctor="M:JetBrains.Annotations.AspMvcModelTypeAttribute.#ctor" />
    </parameter>
  </member>
  <member name="M:System.Web.Mvc.Html.FormExtensions.BeginForm(System.Web.Mvc.HtmlHelper,System.String,System.String)">
    <parameter name="actionName">
      <attribute ctor="M:JetBrains.Annotations.AspMvcActionAttribute.#ctor" />
      <attribute ctor="M:JetBrains.Annotations.LocalizationRequiredAttribute.#ctor(System.Boolean)">
        <argument>false</argument>
      </attribute>
    </parameter>
    <parameter name="controllerName">
      <attribute ctor="M:JetBrains.Annotations.AspMvcControllerAttribute.#ctor" />
      <attribute ctor="M:JetBrains.Annotations.LocalizationRequiredAttribute.#ctor(System.Boolean)">
        <argument>false</argument>
      </attribute>
    </parameter>
  </member>
  <member name="M:System.Web.Mvc.Html.FormExtensions.BeginForm(System.Web.Mvc.HtmlHelper,System.String,System.String,System.Object)">
    <parameter name="actionName">
      <attribute ctor="M:JetBrains.Annotations.AspMvcActionAttribute.#ctor" />
      <attribute ctor="M:JetBrains.Annotations.LocalizationRequiredAttribute.#ctor(System.Boolean)">
        <argument>false</argument>
      </attribute>
    </parameter>
    <parameter name="controllerName">
      <attribute ctor="M:JetBrains.Annotations.AspMvcControllerAttribute.#ctor" />
      <attribute ctor="M:JetBrains.Annotations.LocalizationRequiredAttribute.#ctor(System.Boolean)">
        <argument>false</argument>
      </attribute>
    </parameter>
    <parameter name="routeValues">
      <attribute ctor="M:JetBrains.Annotations.AspMvcActionAttribute.#ctor(System.String)">
        <argument>Action</argument>
      </attribute>
      <attribute ctor="M:JetBrains.Annotations.AspMvcAreaAttribute.#ctor(System.String)">
        <argument>Area</argument>
      </attribute>
      <attribute ctor="M:JetBrains.Annotations.AspMvcControllerAttribute.#ctor(System.String)">
        <argument>Controller</argument>
      </attribute>
      <attribute ctor="M:JetBrains.Annotations.AspMvcModelTypeAttribute.#ctor" />
    </parameter>
  </member>
  <member name="M:System.Web.Mvc.Html.FormExtensions.BeginForm(System.Web.Mvc.HtmlHelper,System.String,System.String,System.Web.Routing.RouteValueDictionary)">
    <parameter name="actionName">
      <attribute ctor="M:JetBrains.Annotations.AspMvcActionAttribute.#ctor" />
      <attribute ctor="M:JetBrains.Annotations.LocalizationRequiredAttribute.#ctor(System.Boolean)">
        <argument>false</argument>
      </attribute>
    </parameter>
    <parameter name="controllerName">
      <attribute ctor="M:JetBrains.Annotations.AspMvcControllerAttribute.#ctor" />
      <attribute ctor="M:JetBrains.Annotations.LocalizationRequiredAttribute.#ctor(System.Boolean)">
        <argument>false</argument>
      </attribute>
    </parameter>
  </member>
  <member name="M:System.Web.Mvc.Html.FormExtensions.BeginForm(System.Web.Mvc.HtmlHelper,System.String,System.String,System.Web.Mvc.FormMethod)">
    <parameter name="actionName">
      <attribute ctor="M:JetBrains.Annotations.AspMvcActionAttribute.#ctor" />
      <attribute ctor="M:JetBrains.Annotations.LocalizationRequiredAttribute.#ctor(System.Boolean)">
        <argument>false</argument>
      </attribute>
    </parameter>
    <parameter name="controllerName">
      <attribute ctor="M:JetBrains.Annotations.AspMvcControllerAttribute.#ctor" />
      <attribute ctor="M:JetBrains.Annotations.LocalizationRequiredAttribute.#ctor(System.Boolean)">
        <argument>false</argument>
      </attribute>
    </parameter>
  </member>
  <member name="M:System.Web.Mvc.Html.FormExtensions.BeginForm(System.Web.Mvc.HtmlHelper,System.String,System.String,System.Object,System.Web.Mvc.FormMethod)">
    <parameter name="actionName">
      <attribute ctor="M:JetBrains.Annotations.AspMvcActionAttribute.#ctor" />
      <attribute ctor="M:JetBrains.Annotations.LocalizationRequiredAttribute.#ctor(System.Boolean)">
        <argument>false</argument>
      </attribute>
    </parameter>
    <parameter name="controllerName">
      <attribute ctor="M:JetBrains.Annotations.AspMvcControllerAttribute.#ctor" />
      <attribute ctor="M:JetBrains.Annotations.LocalizationRequiredAttribute.#ctor(System.Boolean)">
        <argument>false</argument>
      </attribute>
    </parameter>
    <parameter name="routeValues">
      <attribute ctor="M:JetBrains.Annotations.AspMvcActionAttribute.#ctor(System.String)">
        <argument>Action</argument>
      </attribute>
      <attribute ctor="M:JetBrains.Annotations.AspMvcAreaAttribute.#ctor(System.String)">
        <argument>Area</argument>
      </attribute>
      <attribute ctor="M:JetBrains.Annotations.AspMvcControllerAttribute.#ctor(System.String)">
        <argument>Controller</argument>
      </attribute>
      <attribute ctor="M:JetBrains.Annotations.AspMvcModelTypeAttribute.#ctor" />
    </parameter>
  </member>
  <member name="M:System.Web.Mvc.Html.FormExtensions.BeginForm(System.Web.Mvc.HtmlHelper,System.String,System.String,System.Web.Routing.RouteValueDictionary,System.Web.Mvc.FormMethod)">
    <parameter name="actionName">
      <attribute ctor="M:JetBrains.Annotations.AspMvcActionAttribute.#ctor" />
      <attribute ctor="M:JetBrains.Annotations.LocalizationRequiredAttribute.#ctor(System.Boolean)">
        <argument>false</argument>
      </attribute>
    </parameter>
    <parameter name="controllerName">
      <attribute ctor="M:JetBrains.Annotations.AspMvcControllerAttribute.#ctor" />
      <attribute ctor="M:JetBrains.Annotations.LocalizationRequiredAttribute.#ctor(System.Boolean)">
        <argument>false</argument>
      </attribute>
    </parameter>
  </member>
  <member name="M:System.Web.Mvc.Html.FormExtensions.BeginForm(System.Web.Mvc.HtmlHelper,System.String,System.String,System.Web.Mvc.FormMethod,System.Object)">
    <parameter name="actionName">
      <attribute ctor="M:JetBrains.Annotations.AspMvcActionAttribute.#ctor" />
      <attribute ctor="M:JetBrains.Annotations.LocalizationRequiredAttribute.#ctor(System.Boolean)">
        <argument>false</argument>
      </attribute>
    </parameter>
    <parameter name="controllerName">
      <attribute ctor="M:JetBrains.Annotations.AspMvcControllerAttribute.#ctor" />
      <attribute ctor="M:JetBrains.Annotations.LocalizationRequiredAttribute.#ctor(System.Boolean)">
        <argument>false</argument>
      </attribute>
    </parameter>
  </member>
  <member name="M:System.Web.Mvc.Html.FormExtensions.BeginForm(System.Web.Mvc.HtmlHelper,System.String,System.String,System.Web.Mvc.FormMethod,System.Collections.Generic.IDictionary{System.String,System.Object})">
    <parameter name="actionName">
      <attribute ctor="M:JetBrains.Annotations.AspMvcActionAttribute.#ctor" />
      <attribute ctor="M:JetBrains.Annotations.LocalizationRequiredAttribute.#ctor(System.Boolean)">
        <argument>false</argument>
      </attribute>
    </parameter>
    <parameter name="controllerName">
      <attribute ctor="M:JetBrains.Annotations.AspMvcControllerAttribute.#ctor" />
      <attribute ctor="M:JetBrains.Annotations.LocalizationRequiredAttribute.#ctor(System.Boolean)">
        <argument>false</argument>
      </attribute>
    </parameter>
  </member>
  <member name="M:System.Web.Mvc.Html.FormExtensions.BeginForm(System.Web.Mvc.HtmlHelper,System.String,System.String,System.Object,System.Web.Mvc.FormMethod,System.Object)">
    <parameter name="actionName">
      <attribute ctor="M:JetBrains.Annotations.AspMvcActionAttribute.#ctor" />
      <attribute ctor="M:JetBrains.Annotations.LocalizationRequiredAttribute.#ctor(System.Boolean)">
        <argument>false</argument>
      </attribute>
    </parameter>
    <parameter name="controllerName">
      <attribute ctor="M:JetBrains.Annotations.AspMvcControllerAttribute.#ctor" />
      <attribute ctor="M:JetBrains.Annotations.LocalizationRequiredAttribute.#ctor(System.Boolean)">
        <argument>false</argument>
      </attribute>
    </parameter>
    <parameter name="routeValues">
      <attribute ctor="M:JetBrains.Annotations.AspMvcActionAttribute.#ctor(System.String)">
        <argument>Action</argument>
      </attribute>
      <attribute ctor="M:JetBrains.Annotations.AspMvcAreaAttribute.#ctor(System.String)">
        <argument>Area</argument>
      </attribute>
      <attribute ctor="M:JetBrains.Annotations.AspMvcControllerAttribute.#ctor(System.String)">
        <argument>Controller</argument>
      </attribute>
      <attribute ctor="M:JetBrains.Annotations.AspMvcModelTypeAttribute.#ctor" />
    </parameter>
  </member>
  <member name="M:System.Web.Mvc.Html.FormExtensions.BeginForm(System.Web.Mvc.HtmlHelper,System.String,System.String,System.Web.Routing.RouteValueDictionary,System.Web.Mvc.FormMethod,System.Collections.Generic.IDictionary{System.String,System.Object})">
    <parameter name="actionName">
      <attribute ctor="M:JetBrains.Annotations.AspMvcActionAttribute.#ctor" />
      <attribute ctor="M:JetBrains.Annotations.LocalizationRequiredAttribute.#ctor(System.Boolean)">
        <argument>false</argument>
      </attribute>
    </parameter>
    <parameter name="controllerName">
      <attribute ctor="M:JetBrains.Annotations.AspMvcControllerAttribute.#ctor" />
      <attribute ctor="M:JetBrains.Annotations.LocalizationRequiredAttribute.#ctor(System.Boolean)">
        <argument>false</argument>
      </attribute>
    </parameter>
  </member>
  <member name="M:System.Web.Mvc.Html.FormExtensions.BeginRouteForm(System.Web.Mvc.HtmlHelper,System.Object)">
    <parameter name="routeValues">
      <attribute ctor="M:JetBrains.Annotations.AspMvcActionAttribute.#ctor(System.String)">
        <argument>Action</argument>
      </attribute>
      <attribute ctor="M:JetBrains.Annotations.AspMvcAreaAttribute.#ctor(System.String)">
        <argument>Area</argument>
      </attribute>
      <attribute ctor="M:JetBrains.Annotations.AspMvcControllerAttribute.#ctor(System.String)">
        <argument>Controller</argument>
      </attribute>
      <attribute ctor="M:JetBrains.Annotations.AspMvcModelTypeAttribute.#ctor" />
    </parameter>
  </member>
  <member name="M:System.Web.Mvc.Html.FormExtensions.BeginRouteForm(System.Web.Mvc.HtmlHelper,System.String,System.Object)">
    <parameter name="routeValues">
      <attribute ctor="M:JetBrains.Annotations.AspMvcActionAttribute.#ctor(System.String)">
        <argument>Action</argument>
      </attribute>
      <attribute ctor="M:JetBrains.Annotations.AspMvcAreaAttribute.#ctor(System.String)">
        <argument>Area</argument>
      </attribute>
      <attribute ctor="M:JetBrains.Annotations.AspMvcControllerAttribute.#ctor(System.String)">
        <argument>Controller</argument>
      </attribute>
      <attribute ctor="M:JetBrains.Annotations.AspMvcModelTypeAttribute.#ctor" />
    </parameter>
  </member>
  <member name="M:System.Web.Mvc.Html.FormExtensions.BeginRouteForm(System.Web.Mvc.HtmlHelper,System.String,System.Object,System.Web.Mvc.FormMethod)">
    <parameter name="routeValues">
      <attribute ctor="M:JetBrains.Annotations.AspMvcActionAttribute.#ctor(System.String)">
        <argument>Action</argument>
      </attribute>
      <attribute ctor="M:JetBrains.Annotations.AspMvcAreaAttribute.#ctor(System.String)">
        <argument>Area</argument>
      </attribute>
      <attribute ctor="M:JetBrains.Annotations.AspMvcControllerAttribute.#ctor(System.String)">
        <argument>Controller</argument>
      </attribute>
      <attribute ctor="M:JetBrains.Annotations.AspMvcModelTypeAttribute.#ctor" />
    </parameter>
  </member>
  <member name="M:System.Web.Mvc.Html.FormExtensions.BeginRouteForm(System.Web.Mvc.HtmlHelper,System.String,System.Object,System.Web.Mvc.FormMethod,System.Object)">
    <parameter name="routeValues">
      <attribute ctor="M:JetBrains.Annotations.AspMvcActionAttribute.#ctor(System.String)">
        <argument>Action</argument>
      </attribute>
      <attribute ctor="M:JetBrains.Annotations.AspMvcAreaAttribute.#ctor(System.String)">
        <argument>Area</argument>
      </attribute>
      <attribute ctor="M:JetBrains.Annotations.AspMvcControllerAttribute.#ctor(System.String)">
        <argument>Controller</argument>
      </attribute>
      <attribute ctor="M:JetBrains.Annotations.AspMvcModelTypeAttribute.#ctor" />
    </parameter>
  </member>
  <member name="M:System.Web.Mvc.Html.LinkExtensions.ActionLink(System.Web.Mvc.HtmlHelper,System.String,System.String)">
    <attribute ctor="M:JetBrains.Annotations.AspMvcControllerAttribute.#ctor" />
    <parameter name="linkText">
      <attribute ctor="M:JetBrains.Annotations.NotNullAttribute.#ctor" />
    </parameter>
    <parameter name="actionName">
      <attribute ctor="M:JetBrains.Annotations.AspMvcActionAttribute.#ctor" />
      <attribute ctor="M:JetBrains.Annotations.LocalizationRequiredAttribute.#ctor(System.Boolean)">
        <argument>false</argument>
      </attribute>
    </parameter>
  </member>
  <member name="M:System.Web.Mvc.Html.LinkExtensions.ActionLink(System.Web.Mvc.HtmlHelper,System.String,System.String,System.Object)">
    <attribute ctor="M:JetBrains.Annotations.AspMvcControllerAttribute.#ctor" />
    <parameter name="linkText">
      <attribute ctor="M:JetBrains.Annotations.NotNullAttribute.#ctor" />
    </parameter>
    <parameter name="actionName">
      <attribute ctor="M:JetBrains.Annotations.AspMvcActionAttribute.#ctor" />
      <attribute ctor="M:JetBrains.Annotations.LocalizationRequiredAttribute.#ctor(System.Boolean)">
        <argument>false</argument>
      </attribute>
    </parameter>
    <parameter name="routeValues">
      <attribute ctor="M:JetBrains.Annotations.AspMvcActionAttribute.#ctor(System.String)">
        <argument>Action</argument>
      </attribute>
      <attribute ctor="M:JetBrains.Annotations.AspMvcAreaAttribute.#ctor(System.String)">
        <argument>Area</argument>
      </attribute>
      <attribute ctor="M:JetBrains.Annotations.AspMvcControllerAttribute.#ctor(System.String)">
        <argument>Controller</argument>
      </attribute>
      <attribute ctor="M:JetBrains.Annotations.AspMvcModelTypeAttribute.#ctor" />
    </parameter>
  </member>
  <member name="M:System.Web.Mvc.Html.LinkExtensions.ActionLink(System.Web.Mvc.HtmlHelper,System.String,System.String,System.Object,System.Object)">
    <attribute ctor="M:JetBrains.Annotations.AspMvcControllerAttribute.#ctor" />
    <parameter name="linkText">
      <attribute ctor="M:JetBrains.Annotations.NotNullAttribute.#ctor" />
    </parameter>
    <parameter name="actionName">
      <attribute ctor="M:JetBrains.Annotations.AspMvcActionAttribute.#ctor" />
      <attribute ctor="M:JetBrains.Annotations.LocalizationRequiredAttribute.#ctor(System.Boolean)">
        <argument>false</argument>
      </attribute>
    </parameter>
    <parameter name="routeValues">
      <attribute ctor="M:JetBrains.Annotations.AspMvcActionAttribute.#ctor(System.String)">
        <argument>Action</argument>
      </attribute>
      <attribute ctor="M:JetBrains.Annotations.AspMvcAreaAttribute.#ctor(System.String)">
        <argument>Area</argument>
      </attribute>
      <attribute ctor="M:JetBrains.Annotations.AspMvcControllerAttribute.#ctor(System.String)">
        <argument>Controller</argument>
      </attribute>
      <attribute ctor="M:JetBrains.Annotations.AspMvcModelTypeAttribute.#ctor" />
    </parameter>
  </member>
  <member name="M:System.Web.Mvc.Html.LinkExtensions.ActionLink(System.Web.Mvc.HtmlHelper,System.String,System.String,System.Web.Routing.RouteValueDictionary)">
    <attribute ctor="M:JetBrains.Annotations.AspMvcControllerAttribute.#ctor" />
    <parameter name="linkText">
      <attribute ctor="M:JetBrains.Annotations.NotNullAttribute.#ctor" />
    </parameter>
    <parameter name="actionName">
      <attribute ctor="M:JetBrains.Annotations.AspMvcActionAttribute.#ctor" />
      <attribute ctor="M:JetBrains.Annotations.LocalizationRequiredAttribute.#ctor(System.Boolean)">
        <argument>false</argument>
      </attribute>
    </parameter>
  </member>
  <member name="M:System.Web.Mvc.Html.LinkExtensions.ActionLink(System.Web.Mvc.HtmlHelper,System.String,System.String,System.Web.Routing.RouteValueDictionary,System.Collections.Generic.IDictionary{System.String,System.Object})">
    <attribute ctor="M:JetBrains.Annotations.AspMvcControllerAttribute.#ctor" />
    <parameter name="linkText">
      <attribute ctor="M:JetBrains.Annotations.NotNullAttribute.#ctor" />
    </parameter>
    <parameter name="actionName">
      <attribute ctor="M:JetBrains.Annotations.AspMvcActionAttribute.#ctor" />
      <attribute ctor="M:JetBrains.Annotations.LocalizationRequiredAttribute.#ctor(System.Boolean)">
        <argument>false</argument>
      </attribute>
    </parameter>
  </member>
  <member name="M:System.Web.Mvc.Html.LinkExtensions.ActionLink(System.Web.Mvc.HtmlHelper,System.String,System.String,System.String)">
    <parameter name="linkText">
      <attribute ctor="M:JetBrains.Annotations.NotNullAttribute.#ctor" />
    </parameter>
    <parameter name="actionName">
      <attribute ctor="M:JetBrains.Annotations.AspMvcActionAttribute.#ctor" />
      <attribute ctor="M:JetBrains.Annotations.LocalizationRequiredAttribute.#ctor(System.Boolean)">
        <argument>false</argument>
      </attribute>
    </parameter>
    <parameter name="controllerName">
      <attribute ctor="M:JetBrains.Annotations.AspMvcControllerAttribute.#ctor" />
      <attribute ctor="M:JetBrains.Annotations.LocalizationRequiredAttribute.#ctor(System.Boolean)">
        <argument>false</argument>
      </attribute>
    </parameter>
  </member>
  <member name="M:System.Web.Mvc.Html.LinkExtensions.ActionLink(System.Web.Mvc.HtmlHelper,System.String,System.String,System.String,System.Object,System.Object)">
    <parameter name="linkText">
      <attribute ctor="M:JetBrains.Annotations.NotNullAttribute.#ctor" />
    </parameter>
    <parameter name="actionName">
      <attribute ctor="M:JetBrains.Annotations.AspMvcActionAttribute.#ctor" />
      <attribute ctor="M:JetBrains.Annotations.LocalizationRequiredAttribute.#ctor(System.Boolean)">
        <argument>false</argument>
      </attribute>
    </parameter>
    <parameter name="controllerName">
      <attribute ctor="M:JetBrains.Annotations.AspMvcControllerAttribute.#ctor" />
      <attribute ctor="M:JetBrains.Annotations.LocalizationRequiredAttribute.#ctor(System.Boolean)">
        <argument>false</argument>
      </attribute>
    </parameter>
    <parameter name="routeValues">
      <attribute ctor="M:JetBrains.Annotations.AspMvcActionAttribute.#ctor(System.String)">
        <argument>Action</argument>
      </attribute>
      <attribute ctor="M:JetBrains.Annotations.AspMvcAreaAttribute.#ctor(System.String)">
        <argument>Area</argument>
      </attribute>
      <attribute ctor="M:JetBrains.Annotations.AspMvcControllerAttribute.#ctor(System.String)">
        <argument>Controller</argument>
      </attribute>
      <attribute ctor="M:JetBrains.Annotations.AspMvcModelTypeAttribute.#ctor" />
    </parameter>
  </member>
  <member name="M:System.Web.Mvc.Html.LinkExtensions.ActionLink(System.Web.Mvc.HtmlHelper,System.String,System.String,System.String,System.Web.Routing.RouteValueDictionary,System.Collections.Generic.IDictionary{System.String,System.Object})">
    <parameter name="linkText">
      <attribute ctor="M:JetBrains.Annotations.NotNullAttribute.#ctor" />
    </parameter>
    <parameter name="actionName">
      <attribute ctor="M:JetBrains.Annotations.AspMvcActionAttribute.#ctor" />
      <attribute ctor="M:JetBrains.Annotations.LocalizationRequiredAttribute.#ctor(System.Boolean)">
        <argument>false</argument>
      </attribute>
    </parameter>
    <parameter name="controllerName">
      <attribute ctor="M:JetBrains.Annotations.AspMvcControllerAttribute.#ctor" />
      <attribute ctor="M:JetBrains.Annotations.LocalizationRequiredAttribute.#ctor(System.Boolean)">
        <argument>false</argument>
      </attribute>
    </parameter>
  </member>
  <member name="M:System.Web.Mvc.Html.LinkExtensions.ActionLink(System.Web.Mvc.HtmlHelper,System.String,System.String,System.String,System.String,System.String,System.String,System.Object,System.Object)">
    <parameter name="linkText">
      <attribute ctor="M:JetBrains.Annotations.NotNullAttribute.#ctor" />
    </parameter>
    <parameter name="actionName">
      <attribute ctor="M:JetBrains.Annotations.AspMvcActionAttribute.#ctor" />
      <attribute ctor="M:JetBrains.Annotations.LocalizationRequiredAttribute.#ctor(System.Boolean)">
        <argument>false</argument>
      </attribute>
    </parameter>
    <parameter name="controllerName">
      <attribute ctor="M:JetBrains.Annotations.AspMvcControllerAttribute.#ctor" />
      <attribute ctor="M:JetBrains.Annotations.LocalizationRequiredAttribute.#ctor(System.Boolean)">
        <argument>false</argument>
      </attribute>
    </parameter>
    <parameter name="routeValues">
      <attribute ctor="M:JetBrains.Annotations.AspMvcActionAttribute.#ctor(System.String)">
        <argument>Action</argument>
      </attribute>
      <attribute ctor="M:JetBrains.Annotations.AspMvcAreaAttribute.#ctor(System.String)">
        <argument>Area</argument>
      </attribute>
      <attribute ctor="M:JetBrains.Annotations.AspMvcControllerAttribute.#ctor(System.String)">
        <argument>Controller</argument>
      </attribute>
      <attribute ctor="M:JetBrains.Annotations.AspMvcModelTypeAttribute.#ctor" />
    </parameter>
  </member>
  <member name="M:System.Web.Mvc.Html.LinkExtensions.ActionLink(System.Web.Mvc.HtmlHelper,System.String,System.String,System.String,System.String,System.String,System.String,System.Web.Routing.RouteValueDictionary,System.Collections.Generic.IDictionary{System.String,System.Object})">
    <parameter name="linkText">
      <attribute ctor="M:JetBrains.Annotations.NotNullAttribute.#ctor" />
    </parameter>
    <parameter name="actionName">
      <attribute ctor="M:JetBrains.Annotations.AspMvcActionAttribute.#ctor" />
      <attribute ctor="M:JetBrains.Annotations.LocalizationRequiredAttribute.#ctor(System.Boolean)">
        <argument>false</argument>
      </attribute>
    </parameter>
    <parameter name="controllerName">
      <attribute ctor="M:JetBrains.Annotations.AspMvcControllerAttribute.#ctor" />
      <attribute ctor="M:JetBrains.Annotations.LocalizationRequiredAttribute.#ctor(System.Boolean)">
        <argument>false</argument>
      </attribute>
    </parameter>
  </member>
  <member name="M:System.Web.Mvc.Html.LinkExtensions.RouteLink(System.Web.Mvc.HtmlHelper,System.String,System.Object)">
    <parameter name="linkText">
      <attribute ctor="M:JetBrains.Annotations.NotNullAttribute.#ctor" />
    </parameter>
    <parameter name="routeValues">
      <attribute ctor="M:JetBrains.Annotations.AspMvcActionAttribute.#ctor(System.String)">
        <argument>Action</argument>
      </attribute>
      <attribute ctor="M:JetBrains.Annotations.AspMvcAreaAttribute.#ctor(System.String)">
        <argument>Area</argument>
      </attribute>
      <attribute ctor="M:JetBrains.Annotations.AspMvcControllerAttribute.#ctor(System.String)">
        <argument>Controller</argument>
      </attribute>
      <attribute ctor="M:JetBrains.Annotations.AspMvcModelTypeAttribute.#ctor" />
    </parameter>
  </member>
  <member name="M:System.Web.Mvc.Html.LinkExtensions.RouteLink(System.Web.Mvc.HtmlHelper,System.String,System.Web.Routing.RouteValueDictionary)">
    <parameter name="linkText">
      <attribute ctor="M:JetBrains.Annotations.NotNullAttribute.#ctor" />
    </parameter>
  </member>
  <member name="M:System.Web.Mvc.Html.LinkExtensions.RouteLink(System.Web.Mvc.HtmlHelper,System.String,System.String,System.Object)">
    <parameter name="linkText">
      <attribute ctor="M:JetBrains.Annotations.NotNullAttribute.#ctor" />
    </parameter>
    <parameter name="routeValues">
      <attribute ctor="M:JetBrains.Annotations.AspMvcActionAttribute.#ctor(System.String)">
        <argument>Action</argument>
      </attribute>
      <attribute ctor="M:JetBrains.Annotations.AspMvcAreaAttribute.#ctor(System.String)">
        <argument>Area</argument>
      </attribute>
      <attribute ctor="M:JetBrains.Annotations.AspMvcControllerAttribute.#ctor(System.String)">
        <argument>Controller</argument>
      </attribute>
      <attribute ctor="M:JetBrains.Annotations.AspMvcModelTypeAttribute.#ctor" />
    </parameter>
  </member>
  <member name="M:System.Web.Mvc.Html.LinkExtensions.RouteLink(System.Web.Mvc.HtmlHelper,System.String,System.String,System.Web.Routing.RouteValueDictionary)">
    <parameter name="linkText">
      <attribute ctor="M:JetBrains.Annotations.NotNullAttribute.#ctor" />
    </parameter>
  </member>
  <member name="M:System.Web.Mvc.Html.LinkExtensions.RouteLink(System.Web.Mvc.HtmlHelper,System.String,System.Object,System.Object)">
    <parameter name="linkText">
      <attribute ctor="M:JetBrains.Annotations.NotNullAttribute.#ctor" />
    </parameter>
    <parameter name="routeValues">
      <attribute ctor="M:JetBrains.Annotations.AspMvcActionAttribute.#ctor(System.String)">
        <argument>Action</argument>
      </attribute>
      <attribute ctor="M:JetBrains.Annotations.AspMvcAreaAttribute.#ctor(System.String)">
        <argument>Area</argument>
      </attribute>
      <attribute ctor="M:JetBrains.Annotations.AspMvcControllerAttribute.#ctor(System.String)">
        <argument>Controller</argument>
      </attribute>
      <attribute ctor="M:JetBrains.Annotations.AspMvcModelTypeAttribute.#ctor" />
    </parameter>
  </member>
  <member name="M:System.Web.Mvc.Html.LinkExtensions.RouteLink(System.Web.Mvc.HtmlHelper,System.String,System.Web.Routing.RouteValueDictionary,System.Collections.Generic.IDictionary{System.String,System.Object})">
    <parameter name="linkText">
      <attribute ctor="M:JetBrains.Annotations.NotNullAttribute.#ctor" />
    </parameter>
  </member>
  <member name="M:System.Web.Mvc.Html.LinkExtensions.RouteLink(System.Web.Mvc.HtmlHelper,System.String,System.String,System.Object,System.Object)">
    <parameter name="linkText">
      <attribute ctor="M:JetBrains.Annotations.NotNullAttribute.#ctor" />
    </parameter>
    <parameter name="routeValues">
      <attribute ctor="M:JetBrains.Annotations.AspMvcActionAttribute.#ctor(System.String)">
        <argument>Action</argument>
      </attribute>
      <attribute ctor="M:JetBrains.Annotations.AspMvcAreaAttribute.#ctor(System.String)">
        <argument>Area</argument>
      </attribute>
      <attribute ctor="M:JetBrains.Annotations.AspMvcControllerAttribute.#ctor(System.String)">
        <argument>Controller</argument>
      </attribute>
      <attribute ctor="M:JetBrains.Annotations.AspMvcModelTypeAttribute.#ctor" />
    </parameter>
  </member>
  <member name="M:System.Web.Mvc.Html.LinkExtensions.RouteLink(System.Web.Mvc.HtmlHelper,System.String,System.String,System.Web.Routing.RouteValueDictionary,System.Collections.Generic.IDictionary{System.String,System.Object})">
    <parameter name="linkText">
      <attribute ctor="M:JetBrains.Annotations.NotNullAttribute.#ctor" />
    </parameter>
  </member>
  <member name="M:System.Web.Mvc.Html.LinkExtensions.RouteLink(System.Web.Mvc.HtmlHelper,System.String,System.String,System.String,System.String,System.String,System.Object,System.Object)">
    <parameter name="linkText">
      <attribute ctor="M:JetBrains.Annotations.NotNullAttribute.#ctor" />
    </parameter>
    <parameter name="routeValues">
      <attribute ctor="M:JetBrains.Annotations.AspMvcActionAttribute.#ctor(System.String)">
        <argument>Action</argument>
      </attribute>
      <attribute ctor="M:JetBrains.Annotations.AspMvcAreaAttribute.#ctor(System.String)">
        <argument>Area</argument>
      </attribute>
      <attribute ctor="M:JetBrains.Annotations.AspMvcControllerAttribute.#ctor(System.String)">
        <argument>Controller</argument>
      </attribute>
      <attribute ctor="M:JetBrains.Annotations.AspMvcModelTypeAttribute.#ctor" />
    </parameter>
  </member>
  <member name="M:System.Web.Mvc.Html.LinkExtensions.RouteLink(System.Web.Mvc.HtmlHelper,System.String,System.String,System.String,System.String,System.String,System.Web.Routing.RouteValueDictionary,System.Collections.Generic.IDictionary{System.String,System.Object})">
    <parameter name="linkText">
      <attribute ctor="M:JetBrains.Annotations.NotNullAttribute.#ctor" />
    </parameter>
  </member>
  <member name="M:System.Web.Mvc.Html.RenderPartialExtensions.RenderPartial(System.Web.Mvc.HtmlHelper,System.String)">
    <parameter name="partialViewName">
      <attribute ctor="M:JetBrains.Annotations.AspMvcPartialViewAttribute.#ctor" />
      <attribute ctor="M:JetBrains.Annotations.LocalizationRequiredAttribute.#ctor(System.Boolean)">
        <argument>false</argument>
      </attribute>
    </parameter>
  </member>
  <member name="M:System.Web.Mvc.Html.RenderPartialExtensions.RenderPartial(System.Web.Mvc.HtmlHelper,System.String,System.Web.Mvc.ViewDataDictionary)">
    <parameter name="partialViewName">
      <attribute ctor="M:JetBrains.Annotations.AspMvcPartialViewAttribute.#ctor" />
      <attribute ctor="M:JetBrains.Annotations.LocalizationRequiredAttribute.#ctor(System.Boolean)">
        <argument>false</argument>
      </attribute>
    </parameter>
  </member>
  <member name="M:System.Web.Mvc.Html.RenderPartialExtensions.RenderPartial(System.Web.Mvc.HtmlHelper,System.String,System.Object)">
    <parameter name="partialViewName">
      <attribute ctor="M:JetBrains.Annotations.AspMvcPartialViewAttribute.#ctor" />
      <attribute ctor="M:JetBrains.Annotations.LocalizationRequiredAttribute.#ctor(System.Boolean)">
        <argument>false</argument>
      </attribute>
    </parameter>
    <parameter name="model">
      <attribute ctor="M:JetBrains.Annotations.AspMvcModelTypeAttribute.#ctor" />
    </parameter>
  </member>
  <member name="M:System.Web.Mvc.Html.RenderPartialExtensions.RenderPartial(System.Web.Mvc.HtmlHelper,System.String,System.Object,System.Web.Mvc.ViewDataDictionary)">
    <parameter name="partialViewName">
      <attribute ctor="M:JetBrains.Annotations.AspMvcPartialViewAttribute.#ctor" />
      <attribute ctor="M:JetBrains.Annotations.LocalizationRequiredAttribute.#ctor(System.Boolean)">
        <argument>false</argument>
      </attribute>
    </parameter>
    <parameter name="model">
      <attribute ctor="M:JetBrains.Annotations.AspMvcModelTypeAttribute.#ctor" />
    </parameter>
  </member>
  <member name="M:System.Web.Mvc.HtmlHelper.AntiForgeryToken(System.String,System.String,System.String)">
    <parameter name="path">
      <attribute ctor="M:JetBrains.Annotations.LocalizationRequiredAttribute.#ctor(System.Boolean)">
        <argument>false</argument>
      </attribute>
      <attribute ctor="M:JetBrains.Annotations.PathReferenceAttribute.#ctor" />
    </parameter>
  </member>
  <member name="M:System.Web.Mvc.HtmlHelper.GenerateLink(System.Web.Routing.RequestContext,System.Web.Routing.RouteCollection,System.String,System.String,System.String,System.String,System.Web.Routing.RouteValueDictionary,System.Collections.Generic.IDictionary{System.String,System.Object})">
    <parameter name="linkText">
      <attribute ctor="M:JetBrains.Annotations.NotNullAttribute.#ctor" />
    </parameter>
    <parameter name="actionName">
      <attribute ctor="M:JetBrains.Annotations.AspMvcActionAttribute.#ctor" />
      <attribute ctor="M:JetBrains.Annotations.LocalizationRequiredAttribute.#ctor(System.Boolean)">
        <argument>false</argument>
      </attribute>
    </parameter>
    <parameter name="controllerName">
      <attribute ctor="M:JetBrains.Annotations.AspMvcControllerAttribute.#ctor" />
      <attribute ctor="M:JetBrains.Annotations.LocalizationRequiredAttribute.#ctor(System.Boolean)">
        <argument>false</argument>
      </attribute>
    </parameter>
  </member>
  <member name="M:System.Web.Mvc.HtmlHelper.GenerateLink(System.Web.Routing.RequestContext,System.Web.Routing.RouteCollection,System.String,System.String,System.String,System.String,System.String,System.String,System.String,System.Web.Routing.RouteValueDictionary,System.Collections.Generic.IDictionary{System.String,System.Object})">
    <parameter name="linkText">
      <attribute ctor="M:JetBrains.Annotations.NotNullAttribute.#ctor" />
    </parameter>
    <parameter name="actionName">
      <attribute ctor="M:JetBrains.Annotations.AspMvcActionAttribute.#ctor" />
      <attribute ctor="M:JetBrains.Annotations.LocalizationRequiredAttribute.#ctor(System.Boolean)">
        <argument>false</argument>
      </attribute>
    </parameter>
    <parameter name="controllerName">
      <attribute ctor="M:JetBrains.Annotations.AspMvcControllerAttribute.#ctor" />
      <attribute ctor="M:JetBrains.Annotations.LocalizationRequiredAttribute.#ctor(System.Boolean)">
        <argument>false</argument>
      </attribute>
    </parameter>
  </member>
  <member name="M:System.Web.Mvc.HtmlHelper.GenerateRouteLink(System.Web.Routing.RequestContext,System.Web.Routing.RouteCollection,System.String,System.String,System.Web.Routing.RouteValueDictionary,System.Collections.Generic.IDictionary{System.String,System.Object})">
    <parameter name="linkText">
      <attribute ctor="M:JetBrains.Annotations.NotNullAttribute.#ctor" />
    </parameter>
  </member>
  <member name="M:System.Web.Mvc.HtmlHelper.GenerateRouteLink(System.Web.Routing.RequestContext,System.Web.Routing.RouteCollection,System.String,System.String,System.String,System.String,System.String,System.Web.Routing.RouteValueDictionary,System.Collections.Generic.IDictionary{System.String,System.Object})">
    <parameter name="linkText">
      <attribute ctor="M:JetBrains.Annotations.NotNullAttribute.#ctor" />
    </parameter>
  </member>
  <member name="M:System.Web.Mvc.ReflectedControllerDescriptor.FindAction(System.Web.Mvc.ControllerContext,System.String)">
    <parameter name="actionName">
      <attribute ctor="M:JetBrains.Annotations.AspMvcActionAttribute.#ctor" />
      <attribute ctor="M:JetBrains.Annotations.LocalizationRequiredAttribute.#ctor(System.Boolean)">
        <argument>false</argument>
      </attribute>
    </parameter>
  </member>
  <member name="M:System.Web.Mvc.UrlHelper.Action(System.String)">
    <attribute ctor="M:JetBrains.Annotations.AspMvcControllerAttribute.#ctor" />
    <parameter name="actionName">
      <attribute ctor="M:JetBrains.Annotations.AspMvcActionAttribute.#ctor" />
      <attribute ctor="M:JetBrains.Annotations.LocalizationRequiredAttribute.#ctor(System.Boolean)">
        <argument>false</argument>
      </attribute>
    </parameter>
  </member>
  <member name="M:System.Web.Mvc.UrlHelper.Action(System.String,System.Object)">
    <attribute ctor="M:JetBrains.Annotations.AspMvcControllerAttribute.#ctor" />
    <parameter name="actionName">
      <attribute ctor="M:JetBrains.Annotations.AspMvcActionAttribute.#ctor" />
      <attribute ctor="M:JetBrains.Annotations.LocalizationRequiredAttribute.#ctor(System.Boolean)">
        <argument>false</argument>
      </attribute>
    </parameter>
    <parameter name="routeValues">
      <attribute ctor="M:JetBrains.Annotations.AspMvcActionAttribute.#ctor(System.String)">
        <argument>Action</argument>
      </attribute>
      <attribute ctor="M:JetBrains.Annotations.AspMvcAreaAttribute.#ctor(System.String)">
        <argument>Area</argument>
      </attribute>
      <attribute ctor="M:JetBrains.Annotations.AspMvcControllerAttribute.#ctor(System.String)">
        <argument>Controller</argument>
      </attribute>
      <attribute ctor="M:JetBrains.Annotations.AspMvcModelTypeAttribute.#ctor" />
    </parameter>
  </member>
  <member name="M:System.Web.Mvc.UrlHelper.Action(System.String,System.Web.Routing.RouteValueDictionary)">
    <attribute ctor="M:JetBrains.Annotations.AspMvcControllerAttribute.#ctor" />
    <parameter name="actionName">
      <attribute ctor="M:JetBrains.Annotations.AspMvcActionAttribute.#ctor" />
      <attribute ctor="M:JetBrains.Annotations.LocalizationRequiredAttribute.#ctor(System.Boolean)">
        <argument>false</argument>
      </attribute>
    </parameter>
  </member>
  <member name="M:System.Web.Mvc.UrlHelper.Action(System.String,System.String)">
    <parameter name="actionName">
      <attribute ctor="M:JetBrains.Annotations.AspMvcActionAttribute.#ctor" />
      <attribute ctor="M:JetBrains.Annotations.LocalizationRequiredAttribute.#ctor(System.Boolean)">
        <argument>false</argument>
      </attribute>
    </parameter>
    <parameter name="controllerName">
      <attribute ctor="M:JetBrains.Annotations.AspMvcControllerAttribute.#ctor" />
      <attribute ctor="M:JetBrains.Annotations.LocalizationRequiredAttribute.#ctor(System.Boolean)">
        <argument>false</argument>
      </attribute>
    </parameter>
  </member>
  <member name="M:System.Web.Mvc.UrlHelper.Action(System.String,System.String,System.Object)">
    <parameter name="actionName">
      <attribute ctor="M:JetBrains.Annotations.AspMvcActionAttribute.#ctor" />
      <attribute ctor="M:JetBrains.Annotations.LocalizationRequiredAttribute.#ctor(System.Boolean)">
        <argument>false</argument>
      </attribute>
    </parameter>
    <parameter name="controllerName">
      <attribute ctor="M:JetBrains.Annotations.AspMvcControllerAttribute.#ctor" />
      <attribute ctor="M:JetBrains.Annotations.LocalizationRequiredAttribute.#ctor(System.Boolean)">
        <argument>false</argument>
      </attribute>
    </parameter>
    <parameter name="routeValues">
      <attribute ctor="M:JetBrains.Annotations.AspMvcActionAttribute.#ctor(System.String)">
        <argument>Action</argument>
      </attribute>
      <attribute ctor="M:JetBrains.Annotations.AspMvcAreaAttribute.#ctor(System.String)">
        <argument>Area</argument>
      </attribute>
      <attribute ctor="M:JetBrains.Annotations.AspMvcControllerAttribute.#ctor(System.String)">
        <argument>Controller</argument>
      </attribute>
      <attribute ctor="M:JetBrains.Annotations.AspMvcModelTypeAttribute.#ctor" />
    </parameter>
  </member>
  <member name="M:System.Web.Mvc.UrlHelper.Action(System.String,System.String,System.Web.Routing.RouteValueDictionary)">
    <parameter name="actionName">
      <attribute ctor="M:JetBrains.Annotations.AspMvcActionAttribute.#ctor" />
      <attribute ctor="M:JetBrains.Annotations.LocalizationRequiredAttribute.#ctor(System.Boolean)">
        <argument>false</argument>
      </attribute>
    </parameter>
    <parameter name="controllerName">
      <attribute ctor="M:JetBrains.Annotations.AspMvcControllerAttribute.#ctor" />
      <attribute ctor="M:JetBrains.Annotations.LocalizationRequiredAttribute.#ctor(System.Boolean)">
        <argument>false</argument>
      </attribute>
    </parameter>
  </member>
  <member name="M:System.Web.Mvc.UrlHelper.Action(System.String,System.String,System.Object,System.String)">
    <parameter name="actionName">
      <attribute ctor="M:JetBrains.Annotations.AspMvcActionAttribute.#ctor" />
      <attribute ctor="M:JetBrains.Annotations.LocalizationRequiredAttribute.#ctor(System.Boolean)">
        <argument>false</argument>
      </attribute>
    </parameter>
    <parameter name="controllerName">
      <attribute ctor="M:JetBrains.Annotations.AspMvcControllerAttribute.#ctor" />
      <attribute ctor="M:JetBrains.Annotations.LocalizationRequiredAttribute.#ctor(System.Boolean)">
        <argument>false</argument>
      </attribute>
    </parameter>
    <parameter name="routeValues">
      <attribute ctor="M:JetBrains.Annotations.AspMvcActionAttribute.#ctor(System.String)">
        <argument>Action</argument>
      </attribute>
      <attribute ctor="M:JetBrains.Annotations.AspMvcAreaAttribute.#ctor(System.String)">
        <argument>Area</argument>
      </attribute>
      <attribute ctor="M:JetBrains.Annotations.AspMvcControllerAttribute.#ctor(System.String)">
        <argument>Controller</argument>
      </attribute>
      <attribute ctor="M:JetBrains.Annotations.AspMvcModelTypeAttribute.#ctor" />
    </parameter>
  </member>
  <member name="M:System.Web.Mvc.UrlHelper.Action(System.String,System.String,System.Web.Routing.RouteValueDictionary,System.String,System.String)">
    <parameter name="actionName">
      <attribute ctor="M:JetBrains.Annotations.AspMvcActionAttribute.#ctor" />
      <attribute ctor="M:JetBrains.Annotations.LocalizationRequiredAttribute.#ctor(System.Boolean)">
        <argument>false</argument>
      </attribute>
    </parameter>
    <parameter name="controllerName">
      <attribute ctor="M:JetBrains.Annotations.AspMvcControllerAttribute.#ctor" />
      <attribute ctor="M:JetBrains.Annotations.LocalizationRequiredAttribute.#ctor(System.Boolean)">
        <argument>false</argument>
      </attribute>
    </parameter>
  </member>
  <member name="M:System.Web.Mvc.UrlHelper.Content(System.String)">
    <parameter name="contentPath">
      <attribute ctor="M:JetBrains.Annotations.LocalizationRequiredAttribute.#ctor(System.Boolean)">
        <argument>false</argument>
      </attribute>
      <attribute ctor="M:JetBrains.Annotations.PathReferenceAttribute.#ctor" />
    </parameter>
  </member>
  <member name="M:System.Web.Mvc.UrlHelper.RouteUrl(System.Object)">
    <parameter name="routeValues">
      <attribute ctor="M:JetBrains.Annotations.AspMvcActionAttribute.#ctor(System.String)">
        <argument>Action</argument>
      </attribute>
      <attribute ctor="M:JetBrains.Annotations.AspMvcAreaAttribute.#ctor(System.String)">
        <argument>Area</argument>
      </attribute>
      <attribute ctor="M:JetBrains.Annotations.AspMvcControllerAttribute.#ctor(System.String)">
        <argument>Controller</argument>
      </attribute>
      <attribute ctor="M:JetBrains.Annotations.AspMvcModelTypeAttribute.#ctor" />
    </parameter>
  </member>
  <member name="M:System.Web.Mvc.UrlHelper.RouteUrl(System.String,System.Object)">
    <parameter name="routeValues">
      <attribute ctor="M:JetBrains.Annotations.AspMvcActionAttribute.#ctor(System.String)">
        <argument>Action</argument>
      </attribute>
      <attribute ctor="M:JetBrains.Annotations.AspMvcAreaAttribute.#ctor(System.String)">
        <argument>Area</argument>
      </attribute>
      <attribute ctor="M:JetBrains.Annotations.AspMvcControllerAttribute.#ctor(System.String)">
        <argument>Controller</argument>
      </attribute>
      <attribute ctor="M:JetBrains.Annotations.AspMvcModelTypeAttribute.#ctor" />
    </parameter>
  </member>
  <member name="M:System.Web.Mvc.UrlHelper.RouteUrl(System.String,System.Object,System.String)">
    <parameter name="routeValues">
      <attribute ctor="M:JetBrains.Annotations.AspMvcActionAttribute.#ctor(System.String)">
        <argument>Action</argument>
      </attribute>
      <attribute ctor="M:JetBrains.Annotations.AspMvcAreaAttribute.#ctor(System.String)">
        <argument>Area</argument>
      </attribute>
      <attribute ctor="M:JetBrains.Annotations.AspMvcControllerAttribute.#ctor(System.String)">
        <argument>Controller</argument>
      </attribute>
      <attribute ctor="M:JetBrains.Annotations.AspMvcModelTypeAttribute.#ctor" />
    </parameter>
  </member>
  <member name="M:System.Web.Mvc.ViewEngineCollection.FindPartialView(System.Web.Mvc.ControllerContext,System.String)">
    <parameter name="partialViewName">
      <attribute ctor="M:JetBrains.Annotations.AspMvcPartialViewAttribute.#ctor" />
      <attribute ctor="M:JetBrains.Annotations.LocalizationRequiredAttribute.#ctor(System.Boolean)">
        <argument>false</argument>
      </attribute>
    </parameter>
  </member>
  <member name="M:System.Web.Mvc.ViewEngineCollection.FindView(System.Web.Mvc.ControllerContext,System.String,System.String)">
    <parameter name="viewName">
      <attribute ctor="M:JetBrains.Annotations.AspMvcViewAttribute.#ctor" />
      <attribute ctor="M:JetBrains.Annotations.LocalizationRequiredAttribute.#ctor(System.Boolean)">
        <argument>false</argument>
      </attribute>
    </parameter>
    <parameter name="masterName">
      <attribute ctor="M:JetBrains.Annotations.AspMvcMasterAttribute.#ctor" />
      <attribute ctor="M:JetBrains.Annotations.LocalizationRequiredAttribute.#ctor(System.Boolean)">
        <argument>false</argument>
      </attribute>
    </parameter>
  </member>
  <member name="M:System.Web.Mvc.VirtualPathProviderViewEngine.FindPartialView(System.Web.Mvc.ControllerContext,System.String,System.Boolean)">
    <parameter name="partialViewName">
      <attribute ctor="M:JetBrains.Annotations.AspMvcPartialViewAttribute.#ctor" />
      <attribute ctor="M:JetBrains.Annotations.LocalizationRequiredAttribute.#ctor(System.Boolean)">
        <argument>false</argument>
      </attribute>
    </parameter>
  </member>
  <member name="M:System.Web.Mvc.VirtualPathProviderViewEngine.FindView(System.Web.Mvc.ControllerContext,System.String,System.String,System.Boolean)">
    <parameter name="viewName">
      <attribute ctor="M:JetBrains.Annotations.AspMvcViewAttribute.#ctor" />
      <attribute ctor="M:JetBrains.Annotations.LocalizationRequiredAttribute.#ctor(System.Boolean)">
        <argument>false</argument>
      </attribute>
    </parameter>
    <parameter name="masterName">
      <attribute ctor="M:JetBrains.Annotations.AspMvcMasterAttribute.#ctor" />
      <attribute ctor="M:JetBrains.Annotations.LocalizationRequiredAttribute.#ctor(System.Boolean)">
        <argument>false</argument>
      </attribute>
    </parameter>
  </member>
</assembly>