<?xml version="1.0" encoding="utf-8"?>
<assembly name="System.Web.Mvc">
  <member name="T:System.Web.Mvc.Controller">
    <attribute ctor="M:JetBrains.Annotations.UsedImplicitlyAttribute.#ctor(JetBrains.Annotations.ImplicitUseKindFlags)">
      <argument>1</argument>
    </attribute>
  </member>
  <member name="M:System.Web.Mvc.Html.PartialExtensions.Partial(System.Web.Mvc.HtmlHelper)">
    <attribute ctor="M:JetBrains.Annotations.AspMvcPartialViewAttribute.#ctor" />
  </member>

  <member name="M:System.Web.Mvc.ActionNameAttribute.#ctor(System.String)">
    <parameter name="name">
      <attribute ctor="M:JetBrains.Annotations.AspMvcActionSelectorAttribute.#ctor" />
    </parameter>
  </member>
  <member name="P:System.Web.Mvc.ActionNameAttribute.ActionName">
    <attribute ctor="M:JetBrains.Annotations.AspMvcActionSelectorAttribute.#ctor" />
  </member>

  <member name="P:System.Web.Mvc.WebViewPage.Html">
    <attribute ctor="M:JetBrains.Annotations.RazorHelperCommonAttribute.#ctor" />
  </member>
  <member name="P:System.Web.Mvc.WebViewPage`1.Html">
    <attribute ctor="M:JetBrains.Annotations.RazorHelperCommonAttribute.#ctor" />
  </member>
  
  <member name="M:System.Web.Mvc.HandleErrorInfo.#ctor(System.Exception,System.String,System.String)">
    <parameter name="controllerName">
      <attribute ctor="M:JetBrains.Annotations.AspMvcControllerAttribute.#ctor" />
    </parameter>
    <parameter name="actionName">
      <attribute ctor="M:JetBrains.Annotations.AspMvcActionAttribute.#ctor" />
    </parameter>
  </member>

  <!-- References in attributes -->
  <member name="M:System.Web.Mvc.RemoteAttribute.#ctor(System.String,System.String)">
    <parameter name="action">
      <attribute ctor="M:JetBrains.Annotations.AspMvcActionAttribute.#ctor" />
    </parameter>
    <parameter name="controller">
      <attribute ctor="M:JetBrains.Annotations.AspMvcControllerAttribute.#ctor" />
    </parameter>
  </member>
  <member name="M:System.Web.Mvc.RemoteAttribute.#ctor(System.String,System.String,System.String)">
    <parameter name="action">
      <attribute ctor="M:JetBrains.Annotations.AspMvcActionAttribute.#ctor" />
    </parameter>
    <parameter name="controller">
      <attribute ctor="M:JetBrains.Annotations.AspMvcControllerAttribute.#ctor" />
    </parameter>
    <parameter name="area">
      <attribute ctor="M:JetBrains.Annotations.AspMvcAreaAttribute.#ctor" />
    </parameter>
  </member>
</assembly>