﻿<?xml version="1.0" encoding="utf-8"?>
<assembly name="System.Xml.Utils, Version=2.0.5.0">
  <member name="M:System.Xml.Resolvers.XmlPreloadedResolver.Add(,System.Byte[])">
    <parameter name="uri">
      <attribute ctor="M:JetBrains.Annotations.NotNullAttribute.#ctor" />
    </parameter>
    <parameter name="value">
      <attribute ctor="M:JetBrains.Annotations.NotNullAttribute.#ctor" />
    </parameter>
  </member>
  <member name="M:System.Xml.Resolvers.XmlPreloadedResolver.Add(,System.Byte[],System.Int32,System.Int32)">
    <parameter name="uri">
      <attribute ctor="M:JetBrains.Annotations.NotNullAttribute.#ctor" />
    </parameter>
    <parameter name="value">
      <attribute ctor="M:JetBrains.Annotations.NotNullAttribute.#ctor" />
    </parameter>
  </member>
  <member name="M:System.Xml.Resolvers.XmlPreloadedResolver.Add(,System.IO.Stream)">
    <parameter name="uri">
      <attribute ctor="M:JetBrains.Annotations.NotNullAttribute.#ctor" />
    </parameter>
    <parameter name="value">
      <attribute ctor="M:JetBrains.Annotations.NotNullAttribute.#ctor" />
    </parameter>
  </member>
  <member name="M:System.Xml.Resolvers.XmlPreloadedResolver.Add(,System.String)">
    <parameter name="uri">
      <attribute ctor="M:JetBrains.Annotations.NotNullAttribute.#ctor" />
    </parameter>
    <parameter name="value">
      <attribute ctor="M:JetBrains.Annotations.NotNullAttribute.#ctor" />
    </parameter>
  </member>
  <member name="M:System.Xml.Resolvers.XmlPreloadedResolver.Add(,System.Xml.Resolvers.XmlPreloadedResolver.PreloadedData)">
    <parameter name="uri">
      <attribute ctor="M:JetBrains.Annotations.NotNullAttribute.#ctor" />
    </parameter>
  </member>
  <member name="M:System.Xml.Resolvers.XmlPreloadedResolver.AddKnownDtd(System.Xml.Resolvers.XmlPreloadedResolver.XmlKnownDtdData[])">
    <parameter name="dtdSet">
      <attribute ctor="M:JetBrains.Annotations.NotNullAttribute.#ctor" />
    </parameter>
  </member>
  <member name="M:System.Xml.Resolvers.XmlPreloadedResolver.ByteArrayChunk.#ctor(System.Byte[])">
    <parameter name="array">
      <attribute ctor="M:JetBrains.Annotations.NotNullAttribute.#ctor" />
    </parameter>
  </member>
  <member name="M:System.Xml.Resolvers.XmlPreloadedResolver.ByteArrayChunk.AsStream">
    <attribute ctor="M:JetBrains.Annotations.NotNullAttribute.#ctor" />
  </member>
  <member name="M:System.Xml.Resolvers.XmlPreloadedResolver.GetEntity(,System.String,System.Type)">
    <parameter name="absoluteUri">
      <attribute ctor="M:JetBrains.Annotations.NotNullAttribute.#ctor" />
    </parameter>
  </member>
  <member name="P:System.Xml.Resolvers.XmlPreloadedResolver.PreloadedUris">
    <attribute ctor="M:JetBrains.Annotations.NotNullAttribute.#ctor" />
  </member>
  <member name="M:System.Xml.Resolvers.XmlPreloadedResolver.Remove()">
    <parameter name="uri">
      <attribute ctor="M:JetBrains.Annotations.NotNullAttribute.#ctor" />
    </parameter>
  </member>
  <member name="M:System.Xml.Resolvers.XmlPreloadedResolver.StringData.AsStream">
    <attribute ctor="M:JetBrains.Annotations.NotNullAttribute.#ctor" />
  </member>
  <member name="M:System.Xml.Resolvers.XmlPreloadedResolver.StringData.AsTextReader">
    <attribute ctor="M:JetBrains.Annotations.NotNullAttribute.#ctor" />
  </member>
  <member name="M:System.Xml.Resolvers.XmlPreloadedResolver.SupportsType(,System.Type)">
    <parameter name="absoluteUri">
      <attribute ctor="M:JetBrains.Annotations.NotNullAttribute.#ctor" />
    </parameter>
  </member>
  <member name="P:System.Xml.Utils.Res.Culture">
    <attribute ctor="M:JetBrains.Annotations.CanBeNullAttribute.#ctor" />
  </member>
  <member name="M:System.Xml.Utils.Res.GetObject(System.String)">
    <attribute ctor="M:JetBrains.Annotations.CanBeNullAttribute.#ctor" />
    <parameter name="name">
      <attribute ctor="M:JetBrains.Annotations.NotNullAttribute.#ctor" />
    </parameter>
  </member>
  <member name="M:System.Xml.Utils.Res.GetString(System.String)">
    <attribute ctor="M:JetBrains.Annotations.CanBeNullAttribute.#ctor" />
    <parameter name="name">
      <attribute ctor="M:JetBrains.Annotations.NotNullAttribute.#ctor" />
    </parameter>
  </member>
  <member name="M:System.Xml.Utils.Res.GetString(System.String,System.Boolean@)">
    <attribute ctor="M:JetBrains.Annotations.CanBeNullAttribute.#ctor" />
    <parameter name="name">
      <attribute ctor="M:JetBrains.Annotations.NotNullAttribute.#ctor" />
    </parameter>
  </member>
  <member name="M:System.Xml.Utils.Res.GetString(System.String,System.Object[])">
    <attribute ctor="M:JetBrains.Annotations.CanBeNullAttribute.#ctor" />
    <parameter name="name">
      <attribute ctor="M:JetBrains.Annotations.NotNullAttribute.#ctor" />
    </parameter>
  </member>
  <member name="M:System.Xml.Utils.ResCategoryAttribute.GetLocalizedString(System.String)">
    <attribute ctor="M:JetBrains.Annotations.CanBeNullAttribute.#ctor" />
    <parameter name="value">
      <attribute ctor="M:JetBrains.Annotations.NotNullAttribute.#ctor" />
    </parameter>
  </member>
</assembly>