<?xml version="1.0" encoding="utf-8"?>
<assembly name="JulMar.Wpf.Helpers">
  <member name="M:JulMar.Windows.Mvvm.SimpleViewModel.OnPropertyChanged(System.String,System.String[])">
    <attribute ctor="M:JetBrains.Annotations.NotifyPropertyChangedInvocatorAttribute.#ctor(System.String)"><argument>name</argument></attribute>
  </member>
  <member name="M:JulMar.Windows.Mvvm.SimpleViewModel.OnPropertyChanged``1(System.Linq.Expressions.Expression{System.Func{``0}})">
    <attribute ctor="M:JetBrains.Annotations.NotifyPropertyChangedInvocatorAttribute.#ctor" />
  </member>
</assembly>