﻿<?xml version="1.0" encoding="utf-8"?>
<assembly name="ADODB">
  <member name="P:ADODB.ErrorEnumerator.Current">
    <attribute ctor="M:JetBrains.Annotations.NotNullAttribute.#ctor" />
  </member>
  <member name="M:ADODB.ErrorsToInternalErrorsMarshaler.MarshalManagedToNative(System.Object)">
    <parameter name="ManagedObj">
      <attribute ctor="M:JetBrains.Annotations.NotNullAttribute.#ctor" />
    </parameter>
  </member>
  <member name="M:ADODB.ErrorsToInternalErrorsMarshaler.MarshalNativeToManaged()">
    <attribute ctor="M:JetBrains.Annotations.NotNullAttribute.#ctor" />
  </member>
  <member name="M:ADODB.FieldsToInternalFieldsMarshaler.MarshalManagedToNative(System.Object)">
    <parameter name="ManagedObj">
      <attribute ctor="M:JetBrains.Annotations.NotNullAttribute.#ctor" />
    </parameter>
  </member>
  <member name="M:ADODB.FieldsToInternalFieldsMarshaler.MarshalNativeToManaged()">
    <attribute ctor="M:JetBrains.Annotations.NotNullAttribute.#ctor" />
  </member>
  <member name="P:ADODB.InternalEnumerator.Current">
    <attribute ctor="M:JetBrains.Annotations.NotNullAttribute.#ctor" />
  </member>
  <member name="M:ADODB.InternalErrors.GetEnumerator">
    <attribute ctor="M:JetBrains.Annotations.NotNullAttribute.#ctor" />
  </member>
  <member name="P:ADODB.InternalErrors.Item(System.Object)">
    <attribute ctor="M:JetBrains.Annotations.NotNullAttribute.#ctor" />
  </member>
  <member name="M:ADODB.InternalFields.GetEnumerator">
    <attribute ctor="M:JetBrains.Annotations.NotNullAttribute.#ctor" />
  </member>
  <member name="P:ADODB.InternalFields.Item(System.Object)">
    <attribute ctor="M:JetBrains.Annotations.NotNullAttribute.#ctor" />
  </member>
  <member name="M:ADODB.InternalParameters.Append(System.Object)">
    <parameter name="oParam">
      <attribute ctor="M:JetBrains.Annotations.NotNullAttribute.#ctor" />
    </parameter>
  </member>
  <member name="M:ADODB.InternalParameters.GetEnumerator">
    <attribute ctor="M:JetBrains.Annotations.NotNullAttribute.#ctor" />
  </member>
  <member name="P:ADODB.InternalParameters.Item(System.Object)">
    <attribute ctor="M:JetBrains.Annotations.NotNullAttribute.#ctor" />
  </member>
  <member name="M:ADODB.InternalProperties.GetEnumerator">
    <attribute ctor="M:JetBrains.Annotations.NotNullAttribute.#ctor" />
  </member>
  <member name="P:ADODB.InternalProperties.Item(System.Object)">
    <attribute ctor="M:JetBrains.Annotations.NotNullAttribute.#ctor" />
  </member>
  <member name="P:ADODB.ParameterEnumerator.Current">
    <attribute ctor="M:JetBrains.Annotations.NotNullAttribute.#ctor" />
  </member>
  <member name="M:ADODB.ParametersToInternalParametersMarshaler.MarshalManagedToNative(System.Object)">
    <parameter name="ManagedObj">
      <attribute ctor="M:JetBrains.Annotations.NotNullAttribute.#ctor" />
    </parameter>
  </member>
  <member name="M:ADODB.ParametersToInternalParametersMarshaler.MarshalNativeToManaged()">
    <attribute ctor="M:JetBrains.Annotations.NotNullAttribute.#ctor" />
  </member>
  <member name="M:ADODB.ParameterToInternalParameterMarshaler.MarshalManagedToNative(System.Object)">
    <parameter name="ManagedObj">
      <attribute ctor="M:JetBrains.Annotations.NotNullAttribute.#ctor" />
    </parameter>
  </member>
  <member name="M:ADODB.ParameterToInternalParameterMarshaler.MarshalNativeToManaged()">
    <attribute ctor="M:JetBrains.Annotations.NotNullAttribute.#ctor" />
  </member>
  <member name="M:ADODB.PropertiesToInternalPropertiesMarshaler.MarshalManagedToNative(System.Object)">
    <parameter name="ManagedObj">
      <attribute ctor="M:JetBrains.Annotations.NotNullAttribute.#ctor" />
    </parameter>
  </member>
  <member name="M:ADODB.PropertiesToInternalPropertiesMarshaler.MarshalNativeToManaged()">
    <attribute ctor="M:JetBrains.Annotations.NotNullAttribute.#ctor" />
  </member>
  <member name="P:ADODB.PropertyEnumerator.Current">
    <attribute ctor="M:JetBrains.Annotations.NotNullAttribute.#ctor" />
  </member>
</assembly>