<?xml version="1.0" encoding="utf-8"?>
<assembly name="System.Data, Version=4.0.0.0">
  <member name="M:System.Data.DataTable.GetChanges">
    <attribute ctor="M:JetBrains.Annotations.PureAttribute.#ctor" />
  </member>
  <member name="M:System.Data.DataTable.GetChanges(System.Data.DataRowState)">
    <attribute ctor="M:JetBrains.Annotations.PureAttribute.#ctor" />
  </member>
  <member name="M:System.Data.DataTable.GetDataTableSchema(System.Xml.Schema.XmlSchemaSet)">
    <attribute ctor="M:JetBrains.Annotations.PureAttribute.#ctor" />
  </member>
  <member name="M:System.Data.DataTable.GetErrors">
    <attribute ctor="M:JetBrains.Annotations.PureAttribute.#ctor" />
  </member>
  <member name="M:System.Data.DataSet.GetChanges">
    <attribute ctor="M:JetBrains.Annotations.PureAttribute.#ctor" />
  </member>
  <member name="M:System.Data.DataSet.HasChanges">
    <attribute ctor="M:JetBrains.Annotations.PureAttribute.#ctor" />
  </member>
  <member name="M:System.Data.DataSet.HasChanges(System.Data.DataRowState)">
    <attribute ctor="M:JetBrains.Annotations.PureAttribute.#ctor" />
  </member>
  <member name="M:System.Data.Common.DbDataReader.GetBoolean(System.Int32)">
    <attribute ctor="M:JetBrains.Annotations.PureAttribute.#ctor" />
  </member>
  <member name="M:System.Data.Common.DbDataReader.GetByte(System.Int32)">
    <attribute ctor="M:JetBrains.Annotations.PureAttribute.#ctor" />
  </member>
  <member name="M:System.Data.Common.DbDataReader.GetChar(System.Int32)">
    <attribute ctor="M:JetBrains.Annotations.PureAttribute.#ctor" />
  </member>
  <member name="M:System.Data.Common.DbDataReader.GetData(System.Int32)">
    <attribute ctor="M:JetBrains.Annotations.PureAttribute.#ctor" />
  </member>
  <member name="M:System.Data.Common.DbDataReader.GetDataTypeName(System.Int32)">
    <attribute ctor="M:JetBrains.Annotations.PureAttribute.#ctor" />
  </member>
  <member name="M:System.Data.Common.DbDataReader.GetDateTime(System.Int32)">
    <attribute ctor="M:JetBrains.Annotations.PureAttribute.#ctor" />
  </member>
  <member name="M:System.Data.Common.DbDataReader.GetDecimal(System.Int32)">
    <attribute ctor="M:JetBrains.Annotations.PureAttribute.#ctor" />
  </member>
  <member name="M:System.Data.Common.DbDataReader.GetDouble(System.Int32)">
    <attribute ctor="M:JetBrains.Annotations.PureAttribute.#ctor" />
  </member>
  <member name="M:System.Data.Common.DbDataReader.GetEnumerator">
    <attribute ctor="M:JetBrains.Annotations.PureAttribute.#ctor" />
  </member>
  <member name="M:System.Data.Common.DbDataReader.GetFieldType(System.Int32)">
    <attribute ctor="M:JetBrains.Annotations.PureAttribute.#ctor" />
  </member>
  <member name="M:System.Data.Common.DbDataReader.GetFloat(System.Int32)">
    <attribute ctor="M:JetBrains.Annotations.PureAttribute.#ctor" />
  </member>
  <member name="M:System.Data.Common.DbDataReader.GetGuid(System.Int32)">
    <attribute ctor="M:JetBrains.Annotations.PureAttribute.#ctor" />
  </member>
  <member name="M:System.Data.Common.DbDataReader.GetInt16(System.Int32)">
    <attribute ctor="M:JetBrains.Annotations.PureAttribute.#ctor" />
  </member>
  <member name="M:System.Data.Common.DbDataReader.GetInt32(System.Int32)">
    <attribute ctor="M:JetBrains.Annotations.PureAttribute.#ctor" />
  </member>
  <member name="M:System.Data.Common.DbDataReader.GetInt64(System.Int32)">
    <attribute ctor="M:JetBrains.Annotations.PureAttribute.#ctor" />
  </member>
  <member name="M:System.Data.Common.DbDataReader.GetName(System.Int32)">
    <attribute ctor="M:JetBrains.Annotations.PureAttribute.#ctor" />
  </member>
  <member name="M:System.Data.Common.DbDataReader.GetOrdinal(System.String)">
    <attribute ctor="M:JetBrains.Annotations.PureAttribute.#ctor" />
  </member>
  <member name="M:System.Data.Common.DbDataReader.GetProviderSpecificFieldType(System.Int32)">
    <attribute ctor="M:JetBrains.Annotations.PureAttribute.#ctor" />
  </member>
  <member name="M:System.Data.Common.DbDataReader.GetProviderSpecificValue(System.Int32)">
    <attribute ctor="M:JetBrains.Annotations.PureAttribute.#ctor" />
  </member>
  <member name="M:System.Data.Common.DbDataReader.GetString(System.Int32)">
    <attribute ctor="M:JetBrains.Annotations.PureAttribute.#ctor" />
  </member>
  <member name="M:System.Data.Common.DbDataReader.GetValue(System.Int32)">
    <attribute ctor="M:JetBrains.Annotations.PureAttribute.#ctor" />
  </member>
  <member name="M:System.Data.Common.DbDataReader.GetValues(System.Object[])">
    <attribute ctor="M:JetBrains.Annotations.PureAttribute.#ctor" />
  </member>
  <member name="M:System.Data.Common.DbDataReader.IsDBNull(System.Int32)">
    <attribute ctor="M:JetBrains.Annotations.PureAttribute.#ctor" />
  </member>
  <member name="M:System.Data.Common.DbDataReader.get_Item(System.Int32)">
    <attribute ctor="M:JetBrains.Annotations.PureAttribute.#ctor" />
  </member>
</assembly>