﻿<?xml version="1.0" encoding="utf-8"?>
<assembly name="log4net">
  <member name="M:log4net.ILog.DebugFormat(System.String,System.Object[])">
    <attribute ctor="M:JetBrains.Annotations.StringFormatMethodAttribute.#ctor(System.String)"><argument>format</argument></attribute>
  </member>
  <member name="M:log4net.ILog.DebugFormat(System.String,System.Object)">
    <attribute ctor="M:JetBrains.Annotations.StringFormatMethodAttribute.#ctor(System.String)"><argument>format</argument></attribute>
  </member>
  <member name="M:log4net.ILog.DebugFormat(System.String,System.Object,System.Object)">
    <attribute ctor="M:JetBrains.Annotations.StringFormatMethodAttribute.#ctor(System.String)"><argument>format</argument></attribute>
  </member>
  <member name="M:log4net.ILog.DebugFormat(System.String,System.Object,System.Object,System.Object)">
    <attribute ctor="M:JetBrains.Annotations.StringFormatMethodAttribute.#ctor(System.String)"><argument>format</argument></attribute>
  </member>
  <member name="M:log4net.ILog.DebugFormat(System.IFormatProvider,System.String,System.Object[])">
    <attribute ctor="M:JetBrains.Annotations.StringFormatMethodAttribute.#ctor(System.String)"><argument>format</argument></attribute>
  </member>

  <member name="M:log4net.ILog.InfoFormat(System.String,System.Object[])">
    <attribute ctor="M:JetBrains.Annotations.StringFormatMethodAttribute.#ctor(System.String)"><argument>format</argument></attribute>
  </member>
  <member name="M:log4net.ILog.InfoFormat(System.String,System.Object)">
    <attribute ctor="M:JetBrains.Annotations.StringFormatMethodAttribute.#ctor(System.String)"><argument>format</argument></attribute>
  </member>
  <member name="M:log4net.ILog.InfoFormat(System.String,System.Object,System.Object)">
    <attribute ctor="M:JetBrains.Annotations.StringFormatMethodAttribute.#ctor(System.String)"><argument>format</argument></attribute>
  </member>
  <member name="M:log4net.ILog.InfoFormat(System.String,System.Object,System.Object,System.Object)">
    <attribute ctor="M:JetBrains.Annotations.StringFormatMethodAttribute.#ctor(System.String)"><argument>format</argument></attribute>
  </member>
  <member name="M:log4net.ILog.InfoFormat(System.IFormatProvider,System.String,System.Object[])">
    <attribute ctor="M:JetBrains.Annotations.StringFormatMethodAttribute.#ctor(System.String)"><argument>format</argument></attribute>
  </member>

  <member name="M:log4net.ILog.WarnFormat(System.String,System.Object[])">
    <attribute ctor="M:JetBrains.Annotations.StringFormatMethodAttribute.#ctor(System.String)"><argument>format</argument></attribute>
  </member>
  <member name="M:log4net.ILog.WarnFormat(System.String,System.Object)">
    <attribute ctor="M:JetBrains.Annotations.StringFormatMethodAttribute.#ctor(System.String)"><argument>format</argument></attribute>
  </member>
  <member name="M:log4net.ILog.WarnFormat(System.String,System.Object,System.Object)">
    <attribute ctor="M:JetBrains.Annotations.StringFormatMethodAttribute.#ctor(System.String)"><argument>format</argument></attribute>
  </member>
  <member name="M:log4net.ILog.WarnFormat(System.String,System.Object,System.Object,System.Object)">
    <attribute ctor="M:JetBrains.Annotations.StringFormatMethodAttribute.#ctor(System.String)"><argument>format</argument></attribute>
  </member>
  <member name="M:log4net.ILog.WarnFormat(System.IFormatProvider,System.String,System.Object[])">
    <attribute ctor="M:JetBrains.Annotations.StringFormatMethodAttribute.#ctor(System.String)"><argument>format</argument></attribute>
  </member>

  <member name="M:log4net.ILog.ErrorFormat(System.String,System.Object[])">
    <attribute ctor="M:JetBrains.Annotations.StringFormatMethodAttribute.#ctor(System.String)"><argument>format</argument></attribute>
  </member>
  <member name="M:log4net.ILog.ErrorFormat(System.String,System.Object)">
    <attribute ctor="M:JetBrains.Annotations.StringFormatMethodAttribute.#ctor(System.String)"><argument>format</argument></attribute>
  </member>
  <member name="M:log4net.ILog.ErrorFormat(System.String,System.Object,System.Object)">
    <attribute ctor="M:JetBrains.Annotations.StringFormatMethodAttribute.#ctor(System.String)"><argument>format</argument></attribute>
  </member>
  <member name="M:log4net.ILog.ErrorFormat(System.String,System.Object,System.Object,System.Object)">
    <attribute ctor="M:JetBrains.Annotations.StringFormatMethodAttribute.#ctor(System.String)"><argument>format</argument></attribute>
  </member>
  <member name="M:log4net.ILog.ErrorFormat(System.IFormatProvider,System.String,System.Object[])">
    <attribute ctor="M:JetBrains.Annotations.StringFormatMethodAttribute.#ctor(System.String)"><argument>format</argument></attribute>
  </member>

  <member name="M:log4net.ILog.FatalFormat(System.String,System.Object[])">
    <attribute ctor="M:JetBrains.Annotations.StringFormatMethodAttribute.#ctor(System.String)"><argument>format</argument></attribute>
  </member>
  <member name="M:log4net.ILog.FatalFormat(System.String,System.Object)">
    <attribute ctor="M:JetBrains.Annotations.StringFormatMethodAttribute.#ctor(System.String)"><argument>format</argument></attribute>
  </member>
  <member name="M:log4net.ILog.FatalFormat(System.String,System.Object,System.Object)">
    <attribute ctor="M:JetBrains.Annotations.StringFormatMethodAttribute.#ctor(System.String)"><argument>format</argument></attribute>
  </member>
  <member name="M:log4net.ILog.FatalFormat(System.String,System.Object,System.Object,System.Object)">
    <attribute ctor="M:JetBrains.Annotations.StringFormatMethodAttribute.#ctor(System.String)"><argument>format</argument></attribute>
  </member>
  <member name="M:log4net.ILog.FatalFormat(System.IFormatProvider,System.String,System.Object[])">
    <attribute ctor="M:JetBrains.Annotations.StringFormatMethodAttribute.#ctor(System.String)"><argument>format</argument></attribute>
  </member>
</assembly>