﻿<?xml version="1.0" encoding="utf-8"?>
<assembly name="log4net">
  <member name="M:log4net.LogManager.Exists(System.String)">
    <parameter name="name">
      <attribute ctor="M:JetBrains.Annotations.LocalizationRequiredAttribute.#ctor(System.Boolean)"><argument>false</argument></attribute>
    </parameter>
  </member>
  <member name="M:log4net.LogManager.Exists(System.String,System.String)">
    <parameter name="repository">
      <attribute ctor="M:JetBrains.Annotations.LocalizationRequiredAttribute.#ctor(System.Boolean)"><argument>false</argument></attribute>
    </parameter>
    <parameter name="name">
      <attribute ctor="M:JetBrains.Annotations.LocalizationRequiredAttribute.#ctor(System.Boolean)"><argument>false</argument></attribute>
    </parameter>
  </member>
  <member name="M:log4net.LogManager.Exists(System.Reflection.Assembly,System.String)">
    <parameter name="name">
      <attribute ctor="M:JetBrains.Annotations.LocalizationRequiredAttribute.#ctor(System.Boolean)"><argument>false</argument></attribute>
    </parameter>
  </member>

  <member name="M:log4net.LogManager.GetLogger(System.String)">
    <parameter name="name">
      <attribute ctor="M:JetBrains.Annotations.LocalizationRequiredAttribute.#ctor(System.Boolean)"><argument>false</argument></attribute>
    </parameter>
  </member>
  <member name="M:log4net.LogManager.GetLogger(System.String,System.String)">
    <parameter name="repository">
      <attribute ctor="M:JetBrains.Annotations.LocalizationRequiredAttribute.#ctor(System.Boolean)"><argument>false</argument></attribute>
    </parameter>
    <parameter name="name">
      <attribute ctor="M:JetBrains.Annotations.LocalizationRequiredAttribute.#ctor(System.Boolean)"><argument>false</argument></attribute>
    </parameter>
  </member>
  <member name="M:log4net.LogManager.GetLogger(System.Reflection.Assembly,System.String)">
    <parameter name="name">
      <attribute ctor="M:JetBrains.Annotations.LocalizationRequiredAttribute.#ctor(System.Boolean)"><argument>false</argument></attribute>
    </parameter>
  </member>

  <member name="M:log4net.ILog.DebugFormat(System.String,System.Object[])">
    <parameter name="format">
      <attribute ctor="M:JetBrains.Annotations.LocalizationRequiredAttribute.#ctor(System.Boolean)"><argument>false</argument></attribute>
    </parameter>
  </member>
  <member name="M:log4net.ILog.DebugFormat(System.String,System.Object)">
    <parameter name="format">
      <attribute ctor="M:JetBrains.Annotations.LocalizationRequiredAttribute.#ctor(System.Boolean)"><argument>false</argument></attribute>
    </parameter>
  </member>
  <member name="M:log4net.ILog.DebugFormat(System.String,System.Object,System.Object)">
    <parameter name="format">
      <attribute ctor="M:JetBrains.Annotations.LocalizationRequiredAttribute.#ctor(System.Boolean)"><argument>false</argument></attribute>
    </parameter>
  </member>
  <member name="M:log4net.ILog.DebugFormat(System.String,System.Object,System.Object,System.Object)">
    <parameter name="format">
      <attribute ctor="M:JetBrains.Annotations.LocalizationRequiredAttribute.#ctor(System.Boolean)"><argument>false</argument></attribute>
    </parameter>
  </member>
  <member name="M:log4net.ILog.DebugFormat(System.IFormatProvider,System.String,System.Object[])">
    <parameter name="format">
      <attribute ctor="M:JetBrains.Annotations.LocalizationRequiredAttribute.#ctor(System.Boolean)"><argument>false</argument></attribute>
    </parameter>
  </member>

  <member name="M:log4net.ILog.InfoFormat(System.String,System.Object[])">
    <parameter name="format">
      <attribute ctor="M:JetBrains.Annotations.LocalizationRequiredAttribute.#ctor(System.Boolean)"><argument>false</argument></attribute>
    </parameter>
  </member>
  <member name="M:log4net.ILog.InfoFormat(System.String,System.Object)">
    <parameter name="format">
      <attribute ctor="M:JetBrains.Annotations.LocalizationRequiredAttribute.#ctor(System.Boolean)"><argument>false</argument></attribute>
    </parameter>
  </member>
  <member name="M:log4net.ILog.InfoFormat(System.String,System.Object,System.Object)">
    <parameter name="format">
      <attribute ctor="M:JetBrains.Annotations.LocalizationRequiredAttribute.#ctor(System.Boolean)"><argument>false</argument></attribute>
    </parameter>
  </member>
  <member name="M:log4net.ILog.InfoFormat(System.String,System.Object,System.Object,System.Object)">
    <parameter name="format">
      <attribute ctor="M:JetBrains.Annotations.LocalizationRequiredAttribute.#ctor(System.Boolean)"><argument>false</argument></attribute>
    </parameter>
  </member>
  <member name="M:log4net.ILog.InfoFormat(System.IFormatProvider,System.String,System.Object[])">
    <parameter name="format">
      <attribute ctor="M:JetBrains.Annotations.LocalizationRequiredAttribute.#ctor(System.Boolean)"><argument>false</argument></attribute>
    </parameter>
  </member>

  <member name="M:log4net.ILog.WarnFormat(System.String,System.Object[])">
    <parameter name="format">
      <attribute ctor="M:JetBrains.Annotations.LocalizationRequiredAttribute.#ctor(System.Boolean)"><argument>false</argument></attribute>
    </parameter>
  </member>
  <member name="M:log4net.ILog.WarnFormat(System.String,System.Object)">
    <parameter name="format">
      <attribute ctor="M:JetBrains.Annotations.LocalizationRequiredAttribute.#ctor(System.Boolean)"><argument>false</argument></attribute>
    </parameter>
  </member>
  <member name="M:log4net.ILog.WarnFormat(System.String,System.Object,System.Object)">
    <parameter name="format">
      <attribute ctor="M:JetBrains.Annotations.LocalizationRequiredAttribute.#ctor(System.Boolean)"><argument>false</argument></attribute>
    </parameter>
  </member>
  <member name="M:log4net.ILog.WarnFormat(System.String,System.Object,System.Object,System.Object)">
    <parameter name="format">
      <attribute ctor="M:JetBrains.Annotations.LocalizationRequiredAttribute.#ctor(System.Boolean)"><argument>false</argument></attribute>
    </parameter>
  </member>
  <member name="M:log4net.ILog.WarnFormat(System.IFormatProvider,System.String,System.Object[])">
    <parameter name="format">
      <attribute ctor="M:JetBrains.Annotations.LocalizationRequiredAttribute.#ctor(System.Boolean)"><argument>false</argument></attribute>
    </parameter>
  </member>

  <member name="M:log4net.ILog.ErrorFormat(System.String,System.Object[])">
    <parameter name="format">
      <attribute ctor="M:JetBrains.Annotations.LocalizationRequiredAttribute.#ctor(System.Boolean)"><argument>false</argument></attribute>
    </parameter>
  </member>
  <member name="M:log4net.ILog.ErrorFormat(System.String,System.Object)">
    <parameter name="format">
      <attribute ctor="M:JetBrains.Annotations.LocalizationRequiredAttribute.#ctor(System.Boolean)"><argument>false</argument></attribute>
    </parameter>
  </member>
  <member name="M:log4net.ILog.ErrorFormat(System.String,System.Object,System.Object)">
    <parameter name="format">
      <attribute ctor="M:JetBrains.Annotations.LocalizationRequiredAttribute.#ctor(System.Boolean)"><argument>false</argument></attribute>
    </parameter>
  </member>
  <member name="M:log4net.ILog.ErrorFormat(System.String,System.Object,System.Object,System.Object)">
    <parameter name="format">
      <attribute ctor="M:JetBrains.Annotations.LocalizationRequiredAttribute.#ctor(System.Boolean)"><argument>false</argument></attribute>
    </parameter>
  </member>
  <member name="M:log4net.ILog.ErrorFormat(System.IFormatProvider,System.String,System.Object[])">
    <parameter name="format">
      <attribute ctor="M:JetBrains.Annotations.LocalizationRequiredAttribute.#ctor(System.Boolean)"><argument>false</argument></attribute>
    </parameter>
  </member>

  <member name="M:log4net.ILog.FatalFormat(System.String,System.Object[])">
    <parameter name="format">
      <attribute ctor="M:JetBrains.Annotations.LocalizationRequiredAttribute.#ctor(System.Boolean)"><argument>false</argument></attribute>
    </parameter>
  </member>
  <member name="M:log4net.ILog.FatalFormat(System.String,System.Object)">
    <parameter name="format">
      <attribute ctor="M:JetBrains.Annotations.LocalizationRequiredAttribute.#ctor(System.Boolean)"><argument>false</argument></attribute>
    </parameter>
  </member>
  <member name="M:log4net.ILog.FatalFormat(System.String,System.Object,System.Object)">
    <parameter name="format">
      <attribute ctor="M:JetBrains.Annotations.LocalizationRequiredAttribute.#ctor(System.Boolean)"><argument>false</argument></attribute>
    </parameter>
  </member>
  <member name="M:log4net.ILog.FatalFormat(System.String,System.Object,System.Object,System.Object)">
    <parameter name="format">
      <attribute ctor="M:JetBrains.Annotations.LocalizationRequiredAttribute.#ctor(System.Boolean)"><argument>false</argument></attribute>
    </parameter>
  </member>
  <member name="M:log4net.ILog.FatalFormat(System.IFormatProvider,System.String,System.Object[])">
    <parameter name="format">
      <attribute ctor="M:JetBrains.Annotations.LocalizationRequiredAttribute.#ctor(System.Boolean)"><argument>false</argument></attribute>
    </parameter>
  </member>
</assembly>