﻿<?xml version="1.0" encoding="utf-8"?>
<assembly name="System.Windows.Controls.Data, Version=2.0.5.0">
  <member name="M:System.ComponentModel.InvalidEnumArgumentException.#ctor(System.String,System.Int32,System.Type)">
    <parameter name="enumClass">
      <attribute ctor="M:JetBrains.Annotations.NotNullAttribute.#ctor" />
    </parameter>
  </member>
  <member name="M:System.Windows.Automation.Peers.DataGridAutomationPeer.#GetColumnHeaders">
    <attribute ctor="M:JetBrains.Annotations.CanBeNullAttribute.#ctor" />
  </member>
  <member name="M:System.Windows.Automation.Peers.DataGridAutomationPeer.#GetRowHeaders">
    <attribute ctor="M:JetBrains.Annotations.CanBeNullAttribute.#ctor" />
  </member>
  <member name="M:System.Windows.Automation.Peers.DataGridAutomationPeer.#GetSelection">
    <attribute ctor="M:JetBrains.Annotations.CanBeNullAttribute.#ctor" />
  </member>
  <member name="M:System.Windows.Automation.Peers.DataGridAutomationPeer.GetChildPeers">
    <attribute ctor="M:JetBrains.Annotations.NotNullAttribute.#ctor" />
  </member>
  <member name="M:System.Windows.Automation.Peers.DataGridAutomationPeer.GetOrCreateGroupItemPeer(System.Object)">
    <attribute ctor="M:JetBrains.Annotations.CanBeNullAttribute.#ctor" />
  </member>
  <member name="M:System.Windows.Automation.Peers.DataGridAutomationPeer.GetOrCreateItemPeer(System.Object)">
    <attribute ctor="M:JetBrains.Annotations.CanBeNullAttribute.#ctor" />
  </member>
  <member name="M:System.Windows.Automation.Peers.DataGridAutomationPeer.RaiseAutomationInvokeEvents(System.Windows.Controls.DataGridEditingUnit,System.Windows.Controls.DataGridColumn,System.Windows.Controls.DataGridRow)">
    <parameter name="column">
      <attribute ctor="M:JetBrains.Annotations.NotNullAttribute.#ctor" />
    </parameter>
    <parameter name="row">
      <attribute ctor="M:JetBrains.Annotations.NotNullAttribute.#ctor" />
    </parameter>
  </member>
  <member name="M:System.Windows.Automation.Peers.DataGridAutomationPeer.UpdateRowGroupHeaderPeerEventsSource(System.Windows.Controls.DataGridRowGroupHeader)">
    <parameter name="header">
      <attribute ctor="M:JetBrains.Annotations.NotNullAttribute.#ctor" />
    </parameter>
  </member>
  <member name="M:System.Windows.Automation.Peers.DataGridCellAutomationPeer.#GetColumnHeaderItems">
    <attribute ctor="M:JetBrains.Annotations.CanBeNullAttribute.#ctor" />
  </member>
  <member name="M:System.Windows.Automation.Peers.DataGridCellAutomationPeer.#GetRowHeaderItems">
    <attribute ctor="M:JetBrains.Annotations.CanBeNullAttribute.#ctor" />
  </member>
  <member name="M:System.Windows.Automation.Peers.DataGridGroupItemAutomationPeer.#ctor(,System.Windows.Controls.DataGrid)">
    <parameter name="group">
      <attribute ctor="M:JetBrains.Annotations.NotNullAttribute.#ctor" />
    </parameter>
    <parameter name="dataGrid">
      <attribute ctor="M:JetBrains.Annotations.NotNullAttribute.#ctor" />
    </parameter>
  </member>
  <member name="M:System.Windows.Automation.Peers.DataGridGroupItemAutomationPeer.#GetSelection">
    <attribute ctor="M:JetBrains.Annotations.CanBeNullAttribute.#ctor" />
  </member>
  <member name="M:System.Windows.Automation.Peers.DataGridGroupItemAutomationPeer.GetAutomationIdCore">
    <attribute ctor="M:JetBrains.Annotations.NotNullAttribute.#ctor" />
  </member>
  <member name="M:System.Windows.Automation.Peers.DataGridGroupItemAutomationPeer.GetChildrenCore">
    <attribute ctor="M:JetBrains.Annotations.NotNullAttribute.#ctor" />
  </member>
  <member name="M:System.Windows.Automation.Peers.DataGridGroupItemAutomationPeer.GetPattern()">
    <attribute ctor="M:JetBrains.Annotations.CanBeNullAttribute.#ctor" />
  </member>
  <member name="P:System.Windows.Automation.Peers.DataGridGroupItemAutomationPeer.OwningDataGridPeer">
    <attribute ctor="M:JetBrains.Annotations.CanBeNullAttribute.#ctor" />
  </member>
  <member name="P:System.Windows.Automation.Peers.DataGridGroupItemAutomationPeer.OwningRowGroupHeader">
    <attribute ctor="M:JetBrains.Annotations.CanBeNullAttribute.#ctor" />
  </member>
  <member name="P:System.Windows.Automation.Peers.DataGridGroupItemAutomationPeer.OwningRowGroupHeaderPeer">
    <attribute ctor="M:JetBrains.Annotations.CanBeNullAttribute.#ctor" />
  </member>
  <member name="M:System.Windows.Automation.Peers.DataGridItemAutomationPeer.#ctor(System.Object,System.Windows.Controls.DataGrid)">
    <parameter name="item">
      <attribute ctor="M:JetBrains.Annotations.NotNullAttribute.#ctor" />
    </parameter>
    <parameter name="dataGrid">
      <attribute ctor="M:JetBrains.Annotations.NotNullAttribute.#ctor" />
    </parameter>
  </member>
  <member name="M:System.Windows.Automation.Peers.DataGridItemAutomationPeer.#GetSelection">
    <attribute ctor="M:JetBrains.Annotations.CanBeNullAttribute.#ctor" />
  </member>
  <member name="M:System.Windows.Automation.Peers.DataGridItemAutomationPeer.GetAutomationIdCore">
    <attribute ctor="M:JetBrains.Annotations.NotNullAttribute.#ctor" />
  </member>
  <member name="M:System.Windows.Automation.Peers.DataGridItemAutomationPeer.GetNameCore">
    <attribute ctor="M:JetBrains.Annotations.NotNullAttribute.#ctor" />
  </member>
  <member name="M:System.Windows.Automation.Peers.DataGridItemAutomationPeer.GetPattern()">
    <attribute ctor="M:JetBrains.Annotations.CanBeNullAttribute.#ctor" />
  </member>
  <member name="P:System.Windows.Automation.Peers.DataGridItemAutomationPeer.OwningRow">
    <attribute ctor="M:JetBrains.Annotations.CanBeNullAttribute.#ctor" />
  </member>
  <member name="P:System.Windows.Automation.Peers.DataGridItemAutomationPeer.OwningRowPeer">
    <attribute ctor="M:JetBrains.Annotations.CanBeNullAttribute.#ctor" />
  </member>
  <member name="M:System.Windows.Automation.Peers.DataGridRowsPresenterAutomationPeer.GetChildrenCore">
    <attribute ctor="M:JetBrains.Annotations.NotNullAttribute.#ctor" />
  </member>
  <member name="P:System.Windows.Automation.Peers.DataGridRowsPresenterAutomationPeer.GridPeer">
    <attribute ctor="M:JetBrains.Annotations.CanBeNullAttribute.#ctor" />
  </member>
  <member name="M:System.Windows.Automation.Peers.DataPagerAutomationPeer.#ctor(System.Windows.Controls.DataPager)">
    <parameter name="owner">
      <attribute ctor="M:JetBrains.Annotations.NotNullAttribute.#ctor" />
    </parameter>
  </member>
  <member name="P:System.Windows.Automation.Peers.DataPagerAutomationPeer.OwningDataPager">
    <attribute ctor="M:JetBrains.Annotations.CanBeNullAttribute.#ctor" />
  </member>
  <member name="M:System.Windows.Controls.DataGrid.AddGeneratedColumn(System.Windows.Controls.DataGridAutoGeneratingColumnEventArgs)">
    <parameter name="e">
      <attribute ctor="M:JetBrains.Annotations.NotNullAttribute.#ctor" />
    </parameter>
  </member>
  <member name="M:System.Windows.Controls.DataGrid.AddNewCellPrivate(System.Windows.Controls.DataGridRow,System.Windows.Controls.DataGridColumn)">
    <parameter name="row">
      <attribute ctor="M:JetBrains.Annotations.NotNullAttribute.#ctor" />
    </parameter>
    <parameter name="column">
      <attribute ctor="M:JetBrains.Annotations.NotNullAttribute.#ctor" />
    </parameter>
  </member>
  <member name="M:System.Windows.Controls.DataGrid.AutoSizeColumn(System.Windows.Controls.DataGridColumn,System.Double)">
    <parameter name="column">
      <attribute ctor="M:JetBrains.Annotations.NotNullAttribute.#ctor" />
    </parameter>
  </member>
  <member name="M:System.Windows.Controls.DataGrid.BeginRowEdit(System.Windows.Controls.DataGridRow)">
    <parameter name="dataGridRow">
      <attribute ctor="M:JetBrains.Annotations.NotNullAttribute.#ctor" />
    </parameter>
  </member>
  <member name="M:System.Windows.Controls.DataGrid.CompleteCellsCollection(System.Windows.Controls.DataGridRow)">
    <parameter name="dataGridRow">
      <attribute ctor="M:JetBrains.Annotations.NotNullAttribute.#ctor" />
    </parameter>
  </member>
  <member name="M:System.Windows.Controls.DataGrid.CorrectColumnDisplayIndexesAfterDeletion(System.Windows.Controls.DataGridColumn)">
    <parameter name="deletedColumn">
      <attribute ctor="M:JetBrains.Annotations.NotNullAttribute.#ctor" />
    </parameter>
  </member>
  <member name="M:System.Windows.Controls.DataGrid.CorrectColumnDisplayIndexesAfterInsertion(System.Windows.Controls.DataGridColumn)">
    <parameter name="insertedColumn">
      <attribute ctor="M:JetBrains.Annotations.NotNullAttribute.#ctor" />
    </parameter>
  </member>
  <member name="M:System.Windows.Controls.DataGrid.CorrectColumnIndexesAfterDeletion(System.Windows.Controls.DataGridColumn)">
    <parameter name="deletedColumn">
      <attribute ctor="M:JetBrains.Annotations.NotNullAttribute.#ctor" />
    </parameter>
  </member>
  <member name="M:System.Windows.Controls.DataGrid.CorrectColumnIndexesAfterInsertion(System.Windows.Controls.DataGridColumn,System.Int32)">
    <parameter name="insertedColumn">
      <attribute ctor="M:JetBrains.Annotations.NotNullAttribute.#ctor" />
    </parameter>
  </member>
  <member name="M:System.Windows.Controls.DataGrid.CorrectRowAfterDeletion(System.Windows.Controls.DataGridRow,System.Boolean)">
    <parameter name="row">
      <attribute ctor="M:JetBrains.Annotations.NotNullAttribute.#ctor" />
    </parameter>
  </member>
  <member name="M:System.Windows.Controls.DataGrid.CorrectRowAfterInsertion(System.Windows.Controls.DataGridRow,System.Boolean)">
    <parameter name="row">
      <attribute ctor="M:JetBrains.Annotations.NotNullAttribute.#ctor" />
    </parameter>
  </member>
  <member name="M:System.Windows.Controls.DataGrid.CreateColumnsInstance">
    <attribute ctor="M:JetBrains.Annotations.NotNullAttribute.#ctor" />
  </member>
  <member name="M:System.Windows.Controls.DataGrid.CreateValidationSummaryItem()">
    <attribute ctor="M:JetBrains.Annotations.NotNullAttribute.#ctor" />
  </member>
  <member name="M:System.Windows.Controls.DataGrid.DecreaseNonStarColumnWidth(System.Windows.Controls.DataGridColumn,System.Double,System.Double)">
    <parameter name="column">
      <attribute ctor="M:JetBrains.Annotations.NotNullAttribute.#ctor" />
    </parameter>
  </member>
  <member name="M:System.Windows.Controls.DataGrid.EnsureAnscestorsExpanderButtonChecked(System.Windows.Controls.DataGridRowGroupInfo)">
    <parameter name="parentGroupInfo">
      <attribute ctor="M:JetBrains.Annotations.NotNullAttribute.#ctor" />
    </parameter>
  </member>
  <member name="M:System.Windows.Controls.DataGrid.EnsureRowDetailsVisibility(System.Windows.Controls.DataGridRow,System.Boolean,System.Boolean)">
    <parameter name="row">
      <attribute ctor="M:JetBrains.Annotations.NotNullAttribute.#ctor" />
    </parameter>
  </member>
  <member name="M:System.Windows.Controls.DataGrid.FormatClipboardContent(System.Windows.Controls.DataGridRowClipboardEventArgs)">
    <attribute ctor="M:JetBrains.Annotations.NotNullAttribute.#ctor" />
    <parameter name="e">
      <attribute ctor="M:JetBrains.Annotations.NotNullAttribute.#ctor" />
    </parameter>
  </member>
  <member name="M:System.Windows.Controls.DataGrid.GenerateColumn(System.Type,System.String,System.String)">
    <attribute ctor="M:JetBrains.Annotations.NotNullAttribute.#ctor" />
  </member>
  <member name="M:System.Windows.Controls.DataGrid.GenerateRow(System.Int32,System.Int32)">
    <attribute ctor="M:JetBrains.Annotations.NotNullAttribute.#ctor" />
  </member>
  <member name="M:System.Windows.Controls.DataGrid.GenerateRow(System.Int32,System.Int32,System.Object)">
    <attribute ctor="M:JetBrains.Annotations.NotNullAttribute.#ctor" />
  </member>
  <member name="M:System.Windows.Controls.DataGrid.GenerateRowGroupHeader(System.Int32,System.Windows.Controls.DataGridRowGroupInfo)">
    <attribute ctor="M:JetBrains.Annotations.NotNullAttribute.#ctor" />
    <parameter name="rowGroupInfo">
      <attribute ctor="M:JetBrains.Annotations.NotNullAttribute.#ctor" />
    </parameter>
  </member>
  <member name="M:System.Windows.Controls.DataGrid.GetColumnEffectiveReadOnlyState(System.Windows.Controls.DataGridColumn)">
    <parameter name="dataGridColumn">
      <attribute ctor="M:JetBrains.Annotations.NotNullAttribute.#ctor" />
    </parameter>
  </member>
  <member name="M:System.Windows.Controls.DataGrid.GetDataGridColumnFromType(System.Type)">
    <attribute ctor="M:JetBrains.Annotations.NotNullAttribute.#ctor" />
  </member>
  <member name="M:System.Windows.Controls.DataGrid.GetEdgedColumnWidth(System.Windows.Controls.DataGridColumn)">
    <parameter name="dataGridColumn">
      <attribute ctor="M:JetBrains.Annotations.NotNullAttribute.#ctor" />
    </parameter>
  </member>
  <member name="M:System.Windows.Controls.DataGrid.GetGeneratedRow(System.Object)">
    <attribute ctor="M:JetBrains.Annotations.CanBeNullAttribute.#ctor" />
  </member>
  <member name="M:System.Windows.Controls.DataGrid.GetGroupFromItem(System.Object,System.Int32)">
    <parameter name="item">
      <attribute ctor="M:JetBrains.Annotations.NotNullAttribute.#ctor" />
    </parameter>
  </member>
  <member name="M:System.Windows.Controls.DataGrid.GetOwningCell()">
    <attribute ctor="M:JetBrains.Annotations.CanBeNullAttribute.#ctor" />
  </member>
  <member name="M:System.Windows.Controls.DataGrid.GetParentGroupInfo(System.Object)">
    <attribute ctor="M:JetBrains.Annotations.CanBeNullAttribute.#ctor" />
  </member>
  <member name="M:System.Windows.Controls.DataGrid.GetRowFromItem(System.Object)">
    <parameter name="dataItem">
      <attribute ctor="M:JetBrains.Annotations.NotNullAttribute.#ctor" />
    </parameter>
    <attribute ctor="M:JetBrains.Annotations.CanBeNullAttribute.#ctor" />
  </member>
  <member name="M:System.Windows.Controls.DataGrid.IncreaseNonStarColumnWidth(System.Windows.Controls.DataGridColumn,System.Double,System.Double)">
    <parameter name="column">
      <attribute ctor="M:JetBrains.Annotations.NotNullAttribute.#ctor" />
    </parameter>
  </member>
  <member name="M:System.Windows.Controls.DataGrid.InsertDisplayedColumnHeader(System.Windows.Controls.DataGridColumn)">
    <parameter name="dataGridColumn">
      <attribute ctor="M:JetBrains.Annotations.NotNullAttribute.#ctor" />
    </parameter>
  </member>
  <member name="M:System.Windows.Controls.DataGrid.InsertDisplayedElement(System.Int32,System.Boolean)">
    <attribute ctor="M:JetBrains.Annotations.NotNullAttribute.#ctor" />
  </member>
  <member name="M:System.Windows.Controls.DataGrid.InsertElementAt(System.Int32,System.Int32,System.Object,System.Windows.Controls.DataGridRowGroupInfo,System.Boolean)">
    <parameter name="groupInfo">
      <attribute ctor="M:JetBrains.Annotations.NotNullAttribute.#ctor" />
    </parameter>
  </member>
  <member name="M:System.Windows.Controls.DataGrid.InternalTestHook.GetRowFromItem(System.Object)">
    <attribute ctor="M:JetBrains.Annotations.CanBeNullAttribute.#ctor" />
    <parameter name="dataItem">
      <attribute ctor="M:JetBrains.Annotations.NotNullAttribute.#ctor" />
    </parameter>
  </member>
  <member name="M:System.Windows.Controls.DataGrid.LoadRowVisualsForDisplay(System.Windows.Controls.DataGridRow)">
    <parameter name="row">
      <attribute ctor="M:JetBrains.Annotations.NotNullAttribute.#ctor" />
    </parameter>
  </member>
  <member name="M:System.Windows.Controls.DataGrid.OnAlternatingRowBackgroundPropertyChanged(,)">
    <parameter name="d">
      <attribute ctor="M:JetBrains.Annotations.NotNullAttribute.#ctor" />
    </parameter>
  </member>
  <member name="M:System.Windows.Controls.DataGrid.OnAreRowGroupHeadersFrozenPropertyChanged(,)">
    <parameter name="d">
      <attribute ctor="M:JetBrains.Annotations.NotNullAttribute.#ctor" />
    </parameter>
  </member>
  <member name="M:System.Windows.Controls.DataGrid.OnAutoGenerateColumnsPropertyChanged(,)">
    <parameter name="d">
      <attribute ctor="M:JetBrains.Annotations.NotNullAttribute.#ctor" />
    </parameter>
  </member>
  <member name="M:System.Windows.Controls.DataGrid.OnCanUserResizeColumnsPropertyChanged(,)">
    <parameter name="d">
      <attribute ctor="M:JetBrains.Annotations.NotNullAttribute.#ctor" />
    </parameter>
  </member>
  <member name="M:System.Windows.Controls.DataGrid.OnCellEditEnded(System.Windows.Controls.DataGridCellEditEndedEventArgs)">
    <parameter name="e">
      <attribute ctor="M:JetBrains.Annotations.NotNullAttribute.#ctor" />
    </parameter>
  </member>
  <member name="M:System.Windows.Controls.DataGrid.OnColumnBindingChanged(System.Windows.Controls.DataGridBoundColumn)">
    <parameter name="column">
      <attribute ctor="M:JetBrains.Annotations.NotNullAttribute.#ctor" />
    </parameter>
  </member>
  <member name="M:System.Windows.Controls.DataGrid.OnColumnCanUserResizeChanged(System.Windows.Controls.DataGridColumn)">
    <parameter name="column">
      <attribute ctor="M:JetBrains.Annotations.NotNullAttribute.#ctor" />
    </parameter>
  </member>
  <member name="M:System.Windows.Controls.DataGrid.OnColumnCellStyleChanged(System.Windows.Controls.DataGridColumn,)">
    <parameter name="column">
      <attribute ctor="M:JetBrains.Annotations.NotNullAttribute.#ctor" />
    </parameter>
  </member>
  <member name="M:System.Windows.Controls.DataGrid.OnColumnDisplayIndexChanged(System.Windows.Controls.DataGridColumn)">
    <parameter name="dataGridColumn">
      <attribute ctor="M:JetBrains.Annotations.NotNullAttribute.#ctor" />
    </parameter>
  </member>
  <member name="M:System.Windows.Controls.DataGrid.OnColumnDisplayIndexChanging(System.Windows.Controls.DataGridColumn,System.Int32)">
    <parameter name="targetColumn">
      <attribute ctor="M:JetBrains.Annotations.NotNullAttribute.#ctor" />
    </parameter>
  </member>
  <member name="M:System.Windows.Controls.DataGrid.OnColumnElementStyleChanged(System.Windows.Controls.DataGridBoundColumn)">
    <parameter name="column">
      <attribute ctor="M:JetBrains.Annotations.NotNullAttribute.#ctor" />
    </parameter>
  </member>
  <member name="M:System.Windows.Controls.DataGrid.OnColumnMaxWidthChanged(System.Windows.Controls.DataGridColumn,System.Double)">
    <parameter name="column">
      <attribute ctor="M:JetBrains.Annotations.NotNullAttribute.#ctor" />
    </parameter>
  </member>
  <member name="M:System.Windows.Controls.DataGrid.OnColumnMinWidthChanged(System.Windows.Controls.DataGridColumn,System.Double)">
    <parameter name="column">
      <attribute ctor="M:JetBrains.Annotations.NotNullAttribute.#ctor" />
    </parameter>
  </member>
  <member name="M:System.Windows.Controls.DataGrid.OnColumnReadOnlyStateChanging(System.Windows.Controls.DataGridColumn,System.Boolean)">
    <parameter name="dataGridColumn">
      <attribute ctor="M:JetBrains.Annotations.NotNullAttribute.#ctor" />
    </parameter>
  </member>
  <member name="M:System.Windows.Controls.DataGrid.OnColumnVisibleStateChanged(System.Windows.Controls.DataGridColumn)">
    <parameter name="updatedColumn">
      <attribute ctor="M:JetBrains.Annotations.NotNullAttribute.#ctor" />
    </parameter>
  </member>
  <member name="M:System.Windows.Controls.DataGrid.OnColumnVisibleStateChanging(System.Windows.Controls.DataGridColumn)">
    <parameter name="targetColumn">
      <attribute ctor="M:JetBrains.Annotations.NotNullAttribute.#ctor" />
    </parameter>
  </member>
  <member name="M:System.Windows.Controls.DataGrid.OnColumnWidthChanged(System.Windows.Controls.DataGridColumn)">
    <parameter name="updatedColumn">
      <attribute ctor="M:JetBrains.Annotations.NotNullAttribute.#ctor" />
    </parameter>
  </member>
  <member name="M:System.Windows.Controls.DataGrid.OnColumnWidthPropertyChanged(,)">
    <parameter name="d">
      <attribute ctor="M:JetBrains.Annotations.NotNullAttribute.#ctor" />
    </parameter>
  </member>
  <member name="M:System.Windows.Controls.DataGrid.OnCreateAutomationPeer">
    <attribute ctor="M:JetBrains.Annotations.NotNullAttribute.#ctor" />
  </member>
  <member name="M:System.Windows.Controls.DataGrid.OnFrozenColumnCountPropertyChanged(,)">
    <parameter name="d">
      <attribute ctor="M:JetBrains.Annotations.NotNullAttribute.#ctor" />
    </parameter>
  </member>
  <member name="M:System.Windows.Controls.DataGrid.OnGridLinesVisibilityPropertyChanged(,)">
    <parameter name="d">
      <attribute ctor="M:JetBrains.Annotations.NotNullAttribute.#ctor" />
    </parameter>
  </member>
  <member name="M:System.Windows.Controls.DataGrid.OnHeadersVisibilityPropertyChanged(,)">
    <parameter name="d">
      <attribute ctor="M:JetBrains.Annotations.NotNullAttribute.#ctor" />
    </parameter>
  </member>
  <member name="M:System.Windows.Controls.DataGrid.OnHorizontalGridLinesBrushPropertyChanged(,)">
    <parameter name="d">
      <attribute ctor="M:JetBrains.Annotations.NotNullAttribute.#ctor" />
    </parameter>
  </member>
  <member name="M:System.Windows.Controls.DataGrid.OnHorizontalScrollBarVisibilityPropertyChanged(,)">
    <parameter name="d">
      <attribute ctor="M:JetBrains.Annotations.NotNullAttribute.#ctor" />
    </parameter>
  </member>
  <member name="M:System.Windows.Controls.DataGrid.OnInsertedColumn_PostNotification(System.Windows.Controls.DataGridCellCoordinates,System.Int32)">
    <parameter name="newCurrentCellCoordinates">
      <attribute ctor="M:JetBrains.Annotations.NotNullAttribute.#ctor" />
    </parameter>
  </member>
  <member name="M:System.Windows.Controls.DataGrid.OnInsertedColumn_PreNotification(System.Windows.Controls.DataGridColumn)">
    <parameter name="insertedColumn">
      <attribute ctor="M:JetBrains.Annotations.NotNullAttribute.#ctor" />
    </parameter>
  </member>
  <member name="M:System.Windows.Controls.DataGrid.OnInsertingColumn(System.Int32,System.Windows.Controls.DataGridColumn)">
    <attribute ctor="M:JetBrains.Annotations.NotNullAttribute.#ctor" />
    <parameter name="insertColumn">
      <attribute ctor="M:JetBrains.Annotations.NotNullAttribute.#ctor" />
    </parameter>
  </member>
  <member name="M:System.Windows.Controls.DataGrid.OnIsReadOnlyPropertyChanged(,)">
    <parameter name="d">
      <attribute ctor="M:JetBrains.Annotations.NotNullAttribute.#ctor" />
    </parameter>
  </member>
  <member name="M:System.Windows.Controls.DataGrid.OnItemsSourcePropertyChanged(,)">
    <parameter name="d">
      <attribute ctor="M:JetBrains.Annotations.NotNullAttribute.#ctor" />
    </parameter>
  </member>
  <member name="M:System.Windows.Controls.DataGrid.OnLoadingRow(System.Windows.Controls.DataGridRowEventArgs)">
    <parameter name="e">
      <attribute ctor="M:JetBrains.Annotations.NotNullAttribute.#ctor" />
    </parameter>
  </member>
  <member name="M:System.Windows.Controls.DataGrid.OnMaxColumnWidthPropertyChanged(,)">
    <parameter name="d">
      <attribute ctor="M:JetBrains.Annotations.NotNullAttribute.#ctor" />
    </parameter>
  </member>
  <member name="M:System.Windows.Controls.DataGrid.OnMinColumnWidthPropertyChanged(,)">
    <parameter name="d">
      <attribute ctor="M:JetBrains.Annotations.NotNullAttribute.#ctor" />
    </parameter>
  </member>
  <member name="M:System.Windows.Controls.DataGrid.OnPreparingCellForEdit(System.Windows.Controls.DataGridPreparingCellForEditEventArgs)">
    <parameter name="e">
      <attribute ctor="M:JetBrains.Annotations.NotNullAttribute.#ctor" />
    </parameter>
  </member>
  <member name="M:System.Windows.Controls.DataGrid.OnRemovedColumn_PostNotification(System.Windows.Controls.DataGridCellCoordinates)">
    <parameter name="newCurrentCellCoordinates">
      <attribute ctor="M:JetBrains.Annotations.NotNullAttribute.#ctor" />
    </parameter>
  </member>
  <member name="M:System.Windows.Controls.DataGrid.OnRemovedColumn_PreNotification(System.Windows.Controls.DataGridColumn)">
    <parameter name="removedColumn">
      <attribute ctor="M:JetBrains.Annotations.NotNullAttribute.#ctor" />
    </parameter>
  </member>
  <member name="M:System.Windows.Controls.DataGrid.OnRemovingColumn(System.Windows.Controls.DataGridColumn)">
    <attribute ctor="M:JetBrains.Annotations.NotNullAttribute.#ctor" />
    <parameter name="dataGridColumn">
      <attribute ctor="M:JetBrains.Annotations.NotNullAttribute.#ctor" />
    </parameter>
  </member>
  <member name="M:System.Windows.Controls.DataGrid.OnRowBackgroundPropertyChanged(,)">
    <parameter name="d">
      <attribute ctor="M:JetBrains.Annotations.NotNullAttribute.#ctor" />
    </parameter>
  </member>
  <member name="M:System.Windows.Controls.DataGrid.OnRowDetailsTemplatePropertyChanged(,)">
    <parameter name="d">
      <attribute ctor="M:JetBrains.Annotations.NotNullAttribute.#ctor" />
    </parameter>
  </member>
  <member name="M:System.Windows.Controls.DataGrid.OnRowDetailsVisibilityModePropertyChanged(,)">
    <parameter name="d">
      <attribute ctor="M:JetBrains.Annotations.NotNullAttribute.#ctor" />
    </parameter>
  </member>
  <member name="M:System.Windows.Controls.DataGrid.OnRowEditEnded(System.Windows.Controls.DataGridRowEditEndedEventArgs)">
    <parameter name="e">
      <attribute ctor="M:JetBrains.Annotations.NotNullAttribute.#ctor" />
    </parameter>
  </member>
  <member name="M:System.Windows.Controls.DataGrid.OnRowGroupHeaderToggled(System.Windows.Controls.DataGridRowGroupHeader,,System.Boolean)">
    <parameter name="groupHeader">
      <attribute ctor="M:JetBrains.Annotations.NotNullAttribute.#ctor" />
    </parameter>
  </member>
  <member name="M:System.Windows.Controls.DataGrid.OnRowHeaderWidthPropertyChanged(,)">
    <parameter name="d">
      <attribute ctor="M:JetBrains.Annotations.NotNullAttribute.#ctor" />
    </parameter>
  </member>
  <member name="M:System.Windows.Controls.DataGrid.OnRowHeightPropertyChanged(,)">
    <parameter name="d">
      <attribute ctor="M:JetBrains.Annotations.NotNullAttribute.#ctor" />
    </parameter>
  </member>
  <member name="M:System.Windows.Controls.DataGrid.OnSelectedIndexPropertyChanged(,)">
    <parameter name="d">
      <attribute ctor="M:JetBrains.Annotations.NotNullAttribute.#ctor" />
    </parameter>
  </member>
  <member name="M:System.Windows.Controls.DataGrid.OnSelectedItemPropertyChanged(,)">
    <parameter name="d">
      <attribute ctor="M:JetBrains.Annotations.NotNullAttribute.#ctor" />
    </parameter>
  </member>
  <member name="M:System.Windows.Controls.DataGrid.OnSelectionModePropertyChanged(,)">
    <parameter name="d">
      <attribute ctor="M:JetBrains.Annotations.NotNullAttribute.#ctor" />
    </parameter>
  </member>
  <member name="M:System.Windows.Controls.DataGrid.OnSublevelIndentUpdated(System.Windows.Controls.DataGridRowGroupHeader,System.Double)">
    <parameter name="groupHeader">
      <attribute ctor="M:JetBrains.Annotations.NotNullAttribute.#ctor" />
    </parameter>
  </member>
  <member name="M:System.Windows.Controls.DataGrid.OnVerticalGridLinesBrushPropertyChanged(,)">
    <parameter name="d">
      <attribute ctor="M:JetBrains.Annotations.NotNullAttribute.#ctor" />
    </parameter>
  </member>
  <member name="M:System.Windows.Controls.DataGrid.OnVerticalScrollBarVisibilityPropertyChanged(,)">
    <parameter name="d">
      <attribute ctor="M:JetBrains.Annotations.NotNullAttribute.#ctor" />
    </parameter>
  </member>
  <member name="M:System.Windows.Controls.DataGrid.PopulateCellContent(System.Boolean,System.Windows.Controls.DataGridColumn,System.Windows.Controls.DataGridRow,System.Windows.Controls.DataGridCell)">
    <parameter name="dataGridColumn">
      <attribute ctor="M:JetBrains.Annotations.NotNullAttribute.#ctor" />
    </parameter>
    <parameter name="dataGridCell">
      <attribute ctor="M:JetBrains.Annotations.NotNullAttribute.#ctor" />
    </parameter>
  </member>
  <member name="M:System.Windows.Controls.DataGrid.ProcessFrozenColumnCount(System.Windows.Controls.DataGrid)">
    <parameter name="dataGrid">
      <attribute ctor="M:JetBrains.Annotations.NotNullAttribute.#ctor" />
    </parameter>
  </member>
  <member name="M:System.Windows.Controls.DataGrid.ProcessSelectionAndCurrency(System.Int32,System.Object,System.Int32,System.Windows.Controls.DataGridSelectionAction,System.Boolean)">
    <parameter name="item">
      <attribute ctor="M:JetBrains.Annotations.NotNullAttribute.#ctor" />
    </parameter>
  </member>
  <member name="M:System.Windows.Controls.DataGrid.RefreshCellElement(System.Windows.Controls.DataGridColumn,System.Windows.Controls.DataGridRow,System.String)">
    <parameter name="dataGridColumn">
      <attribute ctor="M:JetBrains.Annotations.NotNullAttribute.#ctor" />
    </parameter>
    <parameter name="dataGridRow">
      <attribute ctor="M:JetBrains.Annotations.NotNullAttribute.#ctor" />
    </parameter>
  </member>
  <member name="M:System.Windows.Controls.DataGrid.RefreshColumnElements(System.Windows.Controls.DataGridColumn,System.String)">
    <parameter name="dataGridColumn">
      <attribute ctor="M:JetBrains.Annotations.NotNullAttribute.#ctor" />
    </parameter>
  </member>
  <member name="M:System.Windows.Controls.DataGrid.RemoveDisplayedColumnHeader(System.Windows.Controls.DataGridColumn)">
    <parameter name="dataGridColumn">
      <attribute ctor="M:JetBrains.Annotations.NotNullAttribute.#ctor" />
    </parameter>
  </member>
  <member name="M:System.Windows.Controls.DataGrid.RowGroupInfoFromCollectionViewGroup()">
    <attribute ctor="M:JetBrains.Annotations.CanBeNullAttribute.#ctor" />
  </member>
  <member name="P:System.Windows.Controls.DataGrid.TestHook">
    <attribute ctor="M:JetBrains.Annotations.NotNullAttribute.#ctor" />
  </member>
  <member name="M:System.Windows.Controls.DataGrid.UnloadRow(System.Windows.Controls.DataGridRow)">
    <parameter name="dataGridRow">
      <attribute ctor="M:JetBrains.Annotations.NotNullAttribute.#ctor" />
    </parameter>
  </member>
  <member name="M:System.Windows.Controls.DataGrid.UpdateRowGroupVisibility(System.Windows.Controls.DataGridRowGroupInfo,,System.Boolean)">
    <parameter name="targetRowGroupInfo">
      <attribute ctor="M:JetBrains.Annotations.NotNullAttribute.#ctor" />
    </parameter>
  </member>
  <member name="M:System.Windows.Controls.DataGrid.UpdateValidationResults(System.Collections.Generic.List{},System.Boolean)">
    <parameter name="newValidationResults">
      <attribute ctor="M:JetBrains.Annotations.NotNullAttribute.#ctor" />
    </parameter>
  </member>
  <member name="M:System.Windows.Controls.DataGrid.ValidateIdei(,System.String,System.String,System.Collections.Generic.List{})">
    <parameter name="validationResults">
      <attribute ctor="M:JetBrains.Annotations.NotNullAttribute.#ctor" />
    </parameter>
  </member>
  <member name="M:System.Windows.Controls.DataGrid.ValidateIndei(,System.String,System.String,System.String,System.Collections.Generic.List{},System.Boolean)">
    <parameter name="validationResults">
      <attribute ctor="M:JetBrains.Annotations.NotNullAttribute.#ctor" />
    </parameter>
  </member>
  <member name="P:System.Windows.Controls.DataGridCell.TestHook">
    <attribute ctor="M:JetBrains.Annotations.NotNullAttribute.#ctor" />
  </member>
  <member name="M:System.Windows.Controls.DataGridCellCollection.GetEnumerator">
    <attribute ctor="M:JetBrains.Annotations.NotNullAttribute.#ctor" />
  </member>
  <member name="M:System.Windows.Controls.DataGridCellCollection.Insert(System.Int32,System.Windows.Controls.DataGridCell)">
    <parameter name="cell">
      <attribute ctor="M:JetBrains.Annotations.NotNullAttribute.#ctor" />
    </parameter>
  </member>
  <member name="M:System.Windows.Controls.DataGridCellCoordinates.#ctor(System.Windows.Controls.DataGridCellCoordinates)">
    <parameter name="dataGridCellCoordinates">
      <attribute ctor="M:JetBrains.Annotations.NotNullAttribute.#ctor" />
    </parameter>
  </member>
  <member name="M:System.Windows.Controls.DataGridCheckBoxColumn.GenerateEditingElement(System.Windows.Controls.DataGridCell,System.Object)">
    <attribute ctor="M:JetBrains.Annotations.NotNullAttribute.#ctor" />
  </member>
  <member name="M:System.Windows.Controls.DataGridCheckBoxColumn.GenerateElement(System.Windows.Controls.DataGridCell,System.Object)">
    <attribute ctor="M:JetBrains.Annotations.NotNullAttribute.#ctor" />
  </member>
  <member name="M:System.Windows.Controls.DataGridCheckBoxColumn.OwningGrid_LoadingRow(System.Object,System.Windows.Controls.DataGridRowEventArgs)">
    <parameter name="e">
      <attribute ctor="M:JetBrains.Annotations.NotNullAttribute.#ctor" />
    </parameter>
  </member>
  <member name="P:System.Windows.Controls.DataGridColumn.BindingPaths">
    <attribute ctor="M:JetBrains.Annotations.NotNullAttribute.#ctor" />
  </member>
  <member name="M:System.Windows.Controls.DataGridColumn.CreateBindingPaths">
    <attribute ctor="M:JetBrains.Annotations.NotNullAttribute.#ctor" />
  </member>
  <member name="M:System.Windows.Controls.DataGridColumn.CreateHeader">
    <attribute ctor="M:JetBrains.Annotations.NotNullAttribute.#ctor" />
  </member>
  <member name="M:System.Windows.Controls.DataGridColumn.GenerateEditingElement(System.Windows.Controls.DataGridCell,System.Object)">
    <attribute ctor="M:JetBrains.Annotations.CanBeNullAttribute.#ctor" />
  </member>
  <member name="M:System.Windows.Controls.DataGridColumn.GenerateElement(System.Windows.Controls.DataGridCell,System.Object)">
    <parameter name="cell">
      <attribute ctor="M:JetBrains.Annotations.NotNullAttribute.#ctor" />
    </parameter>
    <attribute ctor="M:JetBrains.Annotations.CanBeNullAttribute.#ctor" />
  </member>
  <member name="M:System.Windows.Controls.DataGridColumn.GenerateElementInternal(System.Windows.Controls.DataGridCell,System.Object)">
    <parameter name="cell">
      <attribute ctor="M:JetBrains.Annotations.NotNullAttribute.#ctor" />
    </parameter>
    <attribute ctor="M:JetBrains.Annotations.CanBeNullAttribute.#ctor" />
  </member>
  <member name="M:System.Windows.Controls.DataGridColumn.GetCellContent(System.Object)">
    <parameter name="dataItem">
      <attribute ctor="M:JetBrains.Annotations.NotNullAttribute.#ctor" />
    </parameter>
    <attribute ctor="M:JetBrains.Annotations.CanBeNullAttribute.#ctor" />
  </member>
  <member name="M:System.Windows.Controls.DataGridColumn.GetCellContent(System.Windows.Controls.DataGridRow)">
    <attribute ctor="M:JetBrains.Annotations.CanBeNullAttribute.#ctor" />
    <parameter name="dataGridRow">
      <attribute ctor="M:JetBrains.Annotations.NotNullAttribute.#ctor" />
    </parameter>
  </member>
  <member name="M:System.Windows.Controls.DataGridColumn.GetSortDescription">
    <attribute ctor="M:JetBrains.Annotations.CanBeNullAttribute.#ctor" />
  </member>
  <member name="P:System.Windows.Controls.DataGridColumn.HeaderCell">
    <attribute ctor="M:JetBrains.Annotations.NotNullAttribute.#ctor" />
  </member>
  <member name="M:System.Windows.Controls.DataGridColumn.PrepareCellForEdit(,)">
    <attribute ctor="M:JetBrains.Annotations.CanBeNullAttribute.#ctor" />
  </member>
  <member name="M:System.Windows.Controls.DataGridColumn.PrepareCellForEditInternal(,)">
    <attribute ctor="M:JetBrains.Annotations.CanBeNullAttribute.#ctor" />
  </member>
  <member name="M:System.Windows.Controls.DataGridColumn.RefreshCellContent(,System.String)">
    <parameter name="element">
      <attribute ctor="M:JetBrains.Annotations.NotNullAttribute.#ctor" />
    </parameter>
  </member>
  <member name="M:System.Windows.Controls.DataGridColumnCollection.GetNextColumn(System.Windows.Controls.DataGridColumn)">
    <parameter name="dataGridColumnStart">
      <attribute ctor="M:JetBrains.Annotations.NotNullAttribute.#ctor" />
    </parameter>
  </member>
  <member name="M:System.Windows.Controls.DataGridColumnCollection.GetNextColumn(System.Windows.Controls.DataGridColumn,System.Nullable{System.Boolean},System.Nullable{System.Boolean},System.Nullable{System.Boolean})">
    <parameter name="dataGridColumnStart">
      <attribute ctor="M:JetBrains.Annotations.NotNullAttribute.#ctor" />
    </parameter>
  </member>
  <member name="M:System.Windows.Controls.DataGridColumnCollection.GetNextVisibleColumn(System.Windows.Controls.DataGridColumn)">
    <parameter name="dataGridColumnStart">
      <attribute ctor="M:JetBrains.Annotations.NotNullAttribute.#ctor" />
    </parameter>
  </member>
  <member name="M:System.Windows.Controls.DataGridColumnCollection.GetNextVisibleFrozenColumn(System.Windows.Controls.DataGridColumn)">
    <parameter name="dataGridColumnStart">
      <attribute ctor="M:JetBrains.Annotations.NotNullAttribute.#ctor" />
    </parameter>
  </member>
  <member name="M:System.Windows.Controls.DataGridColumnCollection.GetNextVisibleWritableColumn(System.Windows.Controls.DataGridColumn)">
    <parameter name="dataGridColumnStart">
      <attribute ctor="M:JetBrains.Annotations.NotNullAttribute.#ctor" />
    </parameter>
  </member>
  <member name="M:System.Windows.Controls.DataGridColumnCollection.GetPreviousColumn(System.Windows.Controls.DataGridColumn,System.Nullable{System.Boolean},System.Nullable{System.Boolean},System.Nullable{System.Boolean})">
    <parameter name="dataGridColumnStart">
      <attribute ctor="M:JetBrains.Annotations.NotNullAttribute.#ctor" />
    </parameter>
  </member>
  <member name="M:System.Windows.Controls.DataGridColumnCollection.GetPreviousVisibleNonFillerColumn(System.Windows.Controls.DataGridColumn)">
    <attribute ctor="M:JetBrains.Annotations.CanBeNullAttribute.#ctor" />
    <parameter name="dataGridColumnStart">
      <attribute ctor="M:JetBrains.Annotations.NotNullAttribute.#ctor" />
    </parameter>
  </member>
  <member name="M:System.Windows.Controls.DataGridColumnCollection.GetPreviousVisibleScrollingColumn(System.Windows.Controls.DataGridColumn)">
    <parameter name="dataGridColumnStart">
      <attribute ctor="M:JetBrains.Annotations.NotNullAttribute.#ctor" />
    </parameter>
  </member>
  <member name="M:System.Windows.Controls.DataGridColumnCollection.GetPreviousVisibleWritableColumn(System.Windows.Controls.DataGridColumn)">
    <parameter name="dataGridColumnStart">
      <attribute ctor="M:JetBrains.Annotations.NotNullAttribute.#ctor" />
    </parameter>
  </member>
  <member name="M:System.Windows.Controls.DataGridColumnCollection.InsertItem(System.Int32,System.Windows.Controls.DataGridColumn)">
    <parameter name="dataGridColumn">
      <attribute ctor="M:JetBrains.Annotations.NotNullAttribute.#ctor" />
    </parameter>
  </member>
  <member name="M:System.Windows.Controls.DataGridColumnEventArgs.#ctor(System.Windows.Controls.DataGridColumn)">
    <parameter name="column">
      <attribute ctor="M:JetBrains.Annotations.NotNullAttribute.#ctor" />
    </parameter>
  </member>
  <member name="M:System.Windows.Controls.DataGridDataConnection.CanEdit(System.Type)">
    <parameter name="type">
      <attribute ctor="M:JetBrains.Annotations.NotNullAttribute.#ctor" />
    </parameter>
  </member>
  <member name="P:System.Windows.Controls.DataGridDataConnection.CollectionView">
    <attribute ctor="M:JetBrains.Annotations.CanBeNullAttribute.#ctor" />
  </member>
  <member name="M:System.Windows.Controls.DataGridDataConnection.CreateView(System.Collections.IEnumerable)">
    <attribute ctor="M:JetBrains.Annotations.NotNullAttribute.#ctor" />
  </member>
  <member name="P:System.Windows.Controls.DataGridDataConnection.DataType">
    <attribute ctor="M:JetBrains.Annotations.CanBeNullAttribute.#ctor" />
  </member>
  <member name="P:System.Windows.Controls.DataGridDataConnection.EditableCollectionView">
    <attribute ctor="M:JetBrains.Annotations.CanBeNullAttribute.#ctor" />
  </member>
  <member name="M:System.Windows.Controls.DataGridDataConnection.IndexOf(System.Object)">
    <parameter name="dataItem">
      <attribute ctor="M:JetBrains.Annotations.NotNullAttribute.#ctor" />
    </parameter>
  </member>
  <member name="P:System.Windows.Controls.DataGridDataConnection.List">
    <attribute ctor="M:JetBrains.Annotations.CanBeNullAttribute.#ctor" />
  </member>
  <member name="M:System.Windows.Controls.DataGridDisplayData.AddRecylableRow(System.Windows.Controls.DataGridRow)">
    <parameter name="row">
      <attribute ctor="M:JetBrains.Annotations.NotNullAttribute.#ctor" />
    </parameter>
  </member>
  <member name="M:System.Windows.Controls.DataGridDisplayData.AddRecylableRowGroupHeader(System.Windows.Controls.DataGridRowGroupHeader)">
    <parameter name="groupHeader">
      <attribute ctor="M:JetBrains.Annotations.NotNullAttribute.#ctor" />
    </parameter>
  </member>
  <member name="M:System.Windows.Controls.DataGridDisplayData.GetDisplayedRow(System.Int32)">
    <attribute ctor="M:JetBrains.Annotations.CanBeNullAttribute.#ctor" />
  </member>
  <member name="M:System.Windows.Controls.DataGridError.DataGrid.CannotChangeColumnCollectionWhileAdjustingDisplayIndexes">
    <attribute ctor="M:JetBrains.Annotations.NotNullAttribute.#ctor" />
  </member>
  <member name="M:System.Windows.Controls.DataGridError.DataGrid.CannotChangeItemsWhenLoadingRows">
    <attribute ctor="M:JetBrains.Annotations.NotNullAttribute.#ctor" />
  </member>
  <member name="M:System.Windows.Controls.DataGridError.DataGrid.ColumnCannotBeCollapsed">
    <attribute ctor="M:JetBrains.Annotations.NotNullAttribute.#ctor" />
  </member>
  <member name="M:System.Windows.Controls.DataGridError.DataGrid.ColumnCannotBeReassignedToDifferentDataGrid">
    <attribute ctor="M:JetBrains.Annotations.NotNullAttribute.#ctor" />
  </member>
  <member name="M:System.Windows.Controls.DataGridError.DataGrid.ColumnNotInThisDataGrid">
    <attribute ctor="M:JetBrains.Annotations.NotNullAttribute.#ctor" />
  </member>
  <member name="M:System.Windows.Controls.DataGridError.DataGrid.ItemIsNotContainedInTheItemsSource(System.String)">
    <attribute ctor="M:JetBrains.Annotations.NotNullAttribute.#ctor" />
  </member>
  <member name="M:System.Windows.Controls.DataGridError.DataGrid.NoCurrentRow">
    <attribute ctor="M:JetBrains.Annotations.NotNullAttribute.#ctor" />
  </member>
  <member name="M:System.Windows.Controls.DataGridError.DataGrid.NoOwningGrid(System.Type)">
    <attribute ctor="M:JetBrains.Annotations.NotNullAttribute.#ctor" />
    <parameter name="type">
      <attribute ctor="M:JetBrains.Annotations.NotNullAttribute.#ctor" />
    </parameter>
  </member>
  <member name="M:System.Windows.Controls.DataGridError.DataGrid.UnderlyingPropertyIsReadOnly(System.String)">
    <attribute ctor="M:JetBrains.Annotations.NotNullAttribute.#ctor" />
  </member>
  <member name="M:System.Windows.Controls.DataGridError.DataGrid.ValueCannotBeSetToInfinity(System.String)">
    <attribute ctor="M:JetBrains.Annotations.NotNullAttribute.#ctor" />
  </member>
  <member name="M:System.Windows.Controls.DataGridError.DataGrid.ValueCannotBeSetToNAN(System.String)">
    <attribute ctor="M:JetBrains.Annotations.NotNullAttribute.#ctor" />
  </member>
  <member name="M:System.Windows.Controls.DataGridError.DataGrid.ValueCannotBeSetToNull(System.String,System.String)">
    <attribute ctor="M:JetBrains.Annotations.NotNullAttribute.#ctor" />
  </member>
  <member name="M:System.Windows.Controls.DataGridError.DataGrid.ValueIsNotAnInstanceOf(System.String,System.Type)">
    <attribute ctor="M:JetBrains.Annotations.NotNullAttribute.#ctor" />
    <parameter name="type">
      <attribute ctor="M:JetBrains.Annotations.NotNullAttribute.#ctor" />
    </parameter>
  </member>
  <member name="M:System.Windows.Controls.DataGridError.DataGrid.ValueIsNotAnInstanceOfEitherOr(System.String,System.Type,System.Type)">
    <attribute ctor="M:JetBrains.Annotations.NotNullAttribute.#ctor" />
    <parameter name="type1">
      <attribute ctor="M:JetBrains.Annotations.NotNullAttribute.#ctor" />
    </parameter>
    <parameter name="type2">
      <attribute ctor="M:JetBrains.Annotations.NotNullAttribute.#ctor" />
    </parameter>
  </member>
  <member name="M:System.Windows.Controls.DataGridError.DataGrid.ValueMustBeBetween(System.String,System.String,System.Object,System.Boolean,System.Object,System.Boolean)">
    <attribute ctor="M:JetBrains.Annotations.NotNullAttribute.#ctor" />
  </member>
  <member name="M:System.Windows.Controls.DataGridError.DataGrid.ValueMustBeGreaterThanOrEqualTo(System.String,System.String,System.Object)">
    <attribute ctor="M:JetBrains.Annotations.NotNullAttribute.#ctor" />
  </member>
  <member name="M:System.Windows.Controls.DataGridError.DataGrid.ValueMustBeLessThan(System.String,System.String,System.Object)">
    <attribute ctor="M:JetBrains.Annotations.NotNullAttribute.#ctor" />
  </member>
  <member name="M:System.Windows.Controls.DataGridError.DataGrid.ValueMustBeLessThanOrEqualTo(System.String,System.String,System.Object)">
    <attribute ctor="M:JetBrains.Annotations.NotNullAttribute.#ctor" />
  </member>
  <member name="M:System.Windows.Controls.DataGridError.DataGridColumnHeader.ContentDoesNotSupportUIElements">
    <attribute ctor="M:JetBrains.Annotations.NotNullAttribute.#ctor" />
  </member>
  <member name="M:System.Windows.Controls.DataGridError.DataGridLength.InvalidUnitType(System.String)">
    <attribute ctor="M:JetBrains.Annotations.NotNullAttribute.#ctor" />
  </member>
  <member name="M:System.Windows.Controls.DataGridError.DataGridLengthConverter.CannotConvertFrom(System.String)">
    <attribute ctor="M:JetBrains.Annotations.NotNullAttribute.#ctor" />
  </member>
  <member name="M:System.Windows.Controls.DataGridError.DataGridLengthConverter.CannotConvertTo(System.String)">
    <attribute ctor="M:JetBrains.Annotations.NotNullAttribute.#ctor" />
  </member>
  <member name="M:System.Windows.Controls.DataGridError.DataGridLengthConverter.InvalidDataGridLength(System.String)">
    <attribute ctor="M:JetBrains.Annotations.NotNullAttribute.#ctor" />
  </member>
  <member name="M:System.Windows.Controls.DataGridError.DataGridRow.InvalidRowIndexCannotCompleteOperation">
    <attribute ctor="M:JetBrains.Annotations.NotNullAttribute.#ctor" />
  </member>
  <member name="M:System.Windows.Controls.DataGridError.DataGridSelectedItemsCollection.CannotChangeSelectedItemsCollectionInSingleMode">
    <attribute ctor="M:JetBrains.Annotations.NotNullAttribute.#ctor" />
  </member>
  <member name="M:System.Windows.Controls.DataGridError.DataGridTemplateColumn.MissingTemplateForType(System.Type)">
    <attribute ctor="M:JetBrains.Annotations.NotNullAttribute.#ctor" />
    <parameter name="type">
      <attribute ctor="M:JetBrains.Annotations.NotNullAttribute.#ctor" />
    </parameter>
  </member>
  <member name="M:System.Windows.Controls.DataGridError.Format(System.String,System.Object[])">
    <attribute ctor="M:JetBrains.Annotations.NotNullAttribute.#ctor" />
    <parameter name="formatString">
      <attribute ctor="M:JetBrains.Annotations.NotNullAttribute.#ctor" />
    </parameter>
    <parameter name="args">
      <attribute ctor="M:JetBrains.Annotations.NotNullAttribute.#ctor" />
    </parameter>
  </member>
  <member name="M:System.Windows.Controls.DataGridFillerColumn.GenerateElement(System.Windows.Controls.DataGridCell,System.Object)">
    <parameter name="cell">
      <attribute ctor="M:JetBrains.Annotations.CanBeNullAttribute.#ctor" />
    </parameter>
  </member>
  <member name="M:System.Windows.Controls.DataGridLengthConverter.ConvertFrom(,System.Globalization.CultureInfo,System.Object)">
    <attribute ctor="M:JetBrains.Annotations.NotNullAttribute.#ctor" />
    <parameter name="value">
      <attribute ctor="M:JetBrains.Annotations.NotNullAttribute.#ctor" />
    </parameter>
  </member>
  <member name="M:System.Windows.Controls.DataGridLengthConverter.ConvertTo(,System.Globalization.CultureInfo,System.Object,System.Type)">
    <parameter name="value">
      <attribute ctor="M:JetBrains.Annotations.NotNullAttribute.#ctor" />
    </parameter>
    <parameter name="destinationType">
      <attribute ctor="M:JetBrains.Annotations.NotNullAttribute.#ctor" />
    </parameter>
  </member>
  <member name="M:System.Windows.Controls.DataGridRow.DataGridCellCollection_CellAdded(System.Object,System.Windows.Controls.DataGridCellEventArgs)">
    <parameter name="e">
      <attribute ctor="M:JetBrains.Annotations.NotNullAttribute.#ctor" />
    </parameter>
  </member>
  <member name="M:System.Windows.Controls.DataGridRow.DataGridCellCollection_CellRemoved(System.Object,System.Windows.Controls.DataGridCellEventArgs)">
    <parameter name="e">
      <attribute ctor="M:JetBrains.Annotations.NotNullAttribute.#ctor" />
    </parameter>
  </member>
  <member name="P:System.Windows.Controls.DataGridRow.FillerCell">
    <attribute ctor="M:JetBrains.Annotations.NotNullAttribute.#ctor" />
  </member>
  <member name="M:System.Windows.Controls.DataGridRow.GetRowContainingElement()">
    <attribute ctor="M:JetBrains.Annotations.CanBeNullAttribute.#ctor" />
  </member>
  <member name="M:System.Windows.Controls.DataGridRow.OnCreateAutomationPeer">
    <attribute ctor="M:JetBrains.Annotations.NotNullAttribute.#ctor" />
  </member>
  <member name="M:System.Windows.Controls.DataGridRow.OnDetailsVisibilityPropertyChanged(,)">
    <parameter name="d">
      <attribute ctor="M:JetBrains.Annotations.NotNullAttribute.#ctor" />
    </parameter>
  </member>
  <member name="M:System.Windows.Controls.DataGridRow.OnHeaderPropertyChanged(,)">
    <parameter name="d">
      <attribute ctor="M:JetBrains.Annotations.NotNullAttribute.#ctor" />
    </parameter>
  </member>
  <member name="P:System.Windows.Controls.DataGridRow.TestHook">
    <attribute ctor="M:JetBrains.Annotations.NotNullAttribute.#ctor" />
  </member>
  <member name="P:System.Windows.Controls.DataGridRowClipboardEventArgs.ClipboardRowContent">
    <attribute ctor="M:JetBrains.Annotations.NotNullAttribute.#ctor" />
  </member>
  <member name="M:System.Windows.Controls.DataGridRowGroupHeader.OnCreateAutomationPeer">
    <attribute ctor="M:JetBrains.Annotations.NotNullAttribute.#ctor" />
  </member>
  <member name="M:System.Windows.Controls.DataGridSelectedItemsCollection.Add(System.Object)">
    <parameter name="dataItem">
      <attribute ctor="M:JetBrains.Annotations.NotNullAttribute.#ctor" />
    </parameter>
  </member>
  <member name="M:System.Windows.Controls.DataGridSelectedItemsCollection.Contains(System.Object)">
    <parameter name="dataItem">
      <attribute ctor="M:JetBrains.Annotations.NotNullAttribute.#ctor" />
    </parameter>
  </member>
  <member name="M:System.Windows.Controls.DataGridSelectedItemsCollection.CopyTo(System.Array,System.Int32)">
    <parameter name="array">
      <attribute ctor="M:JetBrains.Annotations.CanBeNullAttribute.#ctor" />
    </parameter>
  </member>
  <member name="M:System.Windows.Controls.DataGridSelectedItemsCollection.GetSelectionChangedEventArgs">
    <attribute ctor="M:JetBrains.Annotations.NotNullAttribute.#ctor" />
  </member>
  <member name="M:System.Windows.Controls.DataGridSelectedItemsCollection.IndexOf(System.Object)">
    <parameter name="dataItem">
      <attribute ctor="M:JetBrains.Annotations.NotNullAttribute.#ctor" />
    </parameter>
  </member>
  <member name="M:System.Windows.Controls.DataGridSelectedItemsCollection.Insert(System.Int32,System.Object)">
    <parameter name="dataItem">
      <attribute ctor="M:JetBrains.Annotations.CanBeNullAttribute.#ctor" />
    </parameter>
  </member>
  <member name="M:System.Windows.Controls.DataGridSelectedItemsCollection.Remove(System.Object)">
    <parameter name="dataItem">
      <attribute ctor="M:JetBrains.Annotations.NotNullAttribute.#ctor" />
    </parameter>
  </member>
  <member name="M:System.Windows.Controls.DataGridTemplateColumn.GenerateElement(System.Windows.Controls.DataGridCell,System.Object)">
    <parameter name="cell">
      <attribute ctor="M:JetBrains.Annotations.CanBeNullAttribute.#ctor" />
    </parameter>
  </member>
  <member name="M:System.Windows.Controls.DataGridTextColumn.GenerateEditingElement(System.Windows.Controls.DataGridCell,System.Object)">
    <attribute ctor="M:JetBrains.Annotations.NotNullAttribute.#ctor" />
  </member>
  <member name="M:System.Windows.Controls.DataGridTextColumn.GenerateElement(System.Windows.Controls.DataGridCell,System.Object)">
    <attribute ctor="M:JetBrains.Annotations.NotNullAttribute.#ctor" />
    <parameter name="cell">
      <attribute ctor="M:JetBrains.Annotations.CanBeNullAttribute.#ctor" />
    </parameter>
  </member>
  <member name="M:System.Windows.Controls.DataGridTextColumn.OnFontFamilyPropertyChanged(,)">
    <parameter name="d">
      <attribute ctor="M:JetBrains.Annotations.NotNullAttribute.#ctor" />
    </parameter>
  </member>
  <member name="M:System.Windows.Controls.DataGridTextColumn.PrepareCellForEdit(,)">
    <attribute ctor="M:JetBrains.Annotations.NotNullAttribute.#ctor" />
  </member>
  <member name="M:System.Windows.Controls.DataPager.OnCreateAutomationPeer">
    <attribute ctor="M:JetBrains.Annotations.NotNullAttribute.#ctor" />
  </member>
  <member name="P:System.Windows.Controls.DataPager.PagedSource">
    <attribute ctor="M:JetBrains.Annotations.CanBeNullAttribute.#ctor" />
  </member>
  <member name="M:System.Windows.Controls.Extensions.GetItemType(System.Collections.IEnumerable)">
    <attribute ctor="M:JetBrains.Annotations.CanBeNullAttribute.#ctor" />
    <parameter name="list">
      <attribute ctor="M:JetBrains.Annotations.NotNullAttribute.#ctor" />
    </parameter>
  </member>
  <member name="M:System.Windows.Controls.IndexToValueTable`1.Copy">
    <attribute ctor="M:JetBrains.Annotations.NotNullAttribute.#ctor" />
  </member>
  <member name="M:System.Windows.Controls.IndexToValueTable`1.RemoveRangeIfInvalid(System.Windows.Controls.Range{`0},System.Int32)">
    <parameter name="range">
      <attribute ctor="M:JetBrains.Annotations.NotNullAttribute.#ctor" />
    </parameter>
  </member>
  <member name="P:System.Windows.Controls.PagerResources.AutoEllipsisString">
    <attribute ctor="M:JetBrains.Annotations.CanBeNullAttribute.#ctor" />
  </member>
  <member name="P:System.Windows.Controls.PagerResources.AutomationPeerName_TotalPageCountKnown">
    <attribute ctor="M:JetBrains.Annotations.CanBeNullAttribute.#ctor" />
  </member>
  <member name="P:System.Windows.Controls.PagerResources.AutomationPeerName_TotalPageCountUnknown">
    <attribute ctor="M:JetBrains.Annotations.CanBeNullAttribute.#ctor" />
  </member>
  <member name="P:System.Windows.Controls.PagerResources.CurrentPagePrefix_TotalPageCountKnown">
    <attribute ctor="M:JetBrains.Annotations.CanBeNullAttribute.#ctor" />
  </member>
  <member name="P:System.Windows.Controls.PagerResources.CurrentPagePrefix_TotalPageCountUnknown">
    <attribute ctor="M:JetBrains.Annotations.CanBeNullAttribute.#ctor" />
  </member>
  <member name="P:System.Windows.Controls.PagerResources.CurrentPageSuffix_TotalPageCountKnown">
    <attribute ctor="M:JetBrains.Annotations.CanBeNullAttribute.#ctor" />
  </member>
  <member name="P:System.Windows.Controls.PagerResources.CurrentPageSuffix_TotalPageCountUnknown">
    <attribute ctor="M:JetBrains.Annotations.CanBeNullAttribute.#ctor" />
  </member>
  <member name="P:System.Windows.Controls.PagerResources.InvalidButtonPanelContent">
    <attribute ctor="M:JetBrains.Annotations.CanBeNullAttribute.#ctor" />
  </member>
  <member name="P:System.Windows.Controls.PagerResources.InvalidTimeSpan">
    <attribute ctor="M:JetBrains.Annotations.CanBeNullAttribute.#ctor" />
  </member>
  <member name="P:System.Windows.Controls.PagerResources.PageIndexMustBeNegativeOne">
    <attribute ctor="M:JetBrains.Annotations.CanBeNullAttribute.#ctor" />
  </member>
  <member name="P:System.Windows.Controls.PagerResources.UnderlyingPropertyIsReadOnly">
    <attribute ctor="M:JetBrains.Annotations.CanBeNullAttribute.#ctor" />
  </member>
  <member name="P:System.Windows.Controls.PagerResources.ValueMustBeGreaterThanOrEqualTo">
    <attribute ctor="M:JetBrains.Annotations.CanBeNullAttribute.#ctor" />
  </member>
  <member name="M:System.Windows.Controls.Primitives.DataGridCellsPresenter.EnsureCellClip(System.Windows.Controls.DataGridCell,System.Double,System.Double,System.Double,System.Double)">
    <parameter name="cell">
      <attribute ctor="M:JetBrains.Annotations.NotNullAttribute.#ctor" />
    </parameter>
  </member>
  <member name="M:System.Windows.Controls.Primitives.DataGridCellsPresenter.EnsureCellDisplay(System.Windows.Controls.DataGridCell,System.Boolean)">
    <parameter name="cell">
      <attribute ctor="M:JetBrains.Annotations.NotNullAttribute.#ctor" />
    </parameter>
  </member>
  <member name="M:System.Windows.Controls.Primitives.DataGridCellsPresenter.ShouldDisplayCell(System.Windows.Controls.DataGridColumn,System.Double,System.Double)">
    <parameter name="column">
      <attribute ctor="M:JetBrains.Annotations.NotNullAttribute.#ctor" />
    </parameter>
  </member>
  <member name="M:System.Windows.Controls.Primitives.DataGridColumnHeader.CanResizeColumn(System.Windows.Controls.DataGridColumn)">
    <parameter name="column">
      <attribute ctor="M:JetBrains.Annotations.NotNullAttribute.#ctor" />
    </parameter>
  </member>
  <member name="M:System.Windows.Controls.Primitives.DataGridColumnHeader.OnMouseMove(System.Boolean@,,)">
    <parameter name="mousePositionHeaders">
      <attribute ctor="M:JetBrains.Annotations.NotNullAttribute.#ctor" />
    </parameter>
  </member>
  <member name="M:System.Windows.Controls.Primitives.DataGridColumnHeader.OnMouseMove_Reorder(System.Boolean@,,,System.Double,System.Double)">
    <parameter name="mousePositionHeaders">
      <attribute ctor="M:JetBrains.Annotations.NotNullAttribute.#ctor" />
    </parameter>
  </member>
  <member name="M:System.Windows.Controls.Primitives.DataGridColumnHeader.OnSeparatorVisibilityPropertyChanged(,)">
    <parameter name="d">
      <attribute ctor="M:JetBrains.Annotations.NotNullAttribute.#ctor" />
    </parameter>
  </member>
  <member name="P:System.Windows.Controls.Primitives.DataGridColumnHeader.OwningGrid">
    <attribute ctor="M:JetBrains.Annotations.CanBeNullAttribute.#ctor" />
  </member>
  <member name="P:System.Windows.Controls.Primitives.DataGridColumnHeader.TestHook">
    <attribute ctor="M:JetBrains.Annotations.NotNullAttribute.#ctor" />
  </member>
  <member name="M:System.Windows.Controls.Primitives.DataGridColumnHeader.TrySetResizeColumn(System.Windows.Controls.DataGridColumn)">
    <parameter name="column">
      <attribute ctor="M:JetBrains.Annotations.NotNullAttribute.#ctor" />
    </parameter>
  </member>
  <member name="M:System.Windows.Controls.Primitives.DataGridColumnHeadersPresenter.OnCreateAutomationPeer">
    <attribute ctor="M:JetBrains.Annotations.NotNullAttribute.#ctor" />
  </member>
  <member name="M:System.Windows.Controls.Primitives.DataGridDetailsPresenter.OnCreateAutomationPeer">
    <attribute ctor="M:JetBrains.Annotations.NotNullAttribute.#ctor" />
  </member>
  <member name="M:System.Windows.Controls.Primitives.DataGridFrozenGrid.GetIsFrozen()">
    <parameter name="element">
      <attribute ctor="M:JetBrains.Annotations.NotNullAttribute.#ctor" />
    </parameter>
  </member>
  <member name="M:System.Windows.Controls.Primitives.DataGridFrozenGrid.SetIsFrozen(,System.Boolean)">
    <parameter name="element">
      <attribute ctor="M:JetBrains.Annotations.NotNullAttribute.#ctor" />
    </parameter>
  </member>
  <member name="M:System.Windows.Controls.Primitives.DataGridRowHeader.OnCreateAutomationPeer">
    <attribute ctor="M:JetBrains.Annotations.NotNullAttribute.#ctor" />
  </member>
  <member name="P:System.Windows.Controls.Primitives.DataGridRowHeader.OwningRow">
    <attribute ctor="M:JetBrains.Annotations.CanBeNullAttribute.#ctor" />
  </member>
  <member name="P:System.Windows.Controls.Primitives.DataGridRowHeader.OwningRowGroupHeader">
    <attribute ctor="M:JetBrains.Annotations.CanBeNullAttribute.#ctor" />
  </member>
  <member name="M:System.Windows.Controls.Primitives.DataGridRowsPresenter.OnCreateAutomationPeer">
    <attribute ctor="M:JetBrains.Annotations.NotNullAttribute.#ctor" />
  </member>
  <member name="M:System.Windows.Controls.Range`1.Copy">
    <attribute ctor="M:JetBrains.Annotations.NotNullAttribute.#ctor" />
  </member>
  <member name="P:System.Windows.Controls.Resource.DataGrid_CannotChangeColumnCollectionWhileAdjustingDisplayIndexes">
    <attribute ctor="M:JetBrains.Annotations.CanBeNullAttribute.#ctor" />
  </member>
  <member name="P:System.Windows.Controls.Resource.DataGrid_CannotChangeItemsWhenLoadingRows">
    <attribute ctor="M:JetBrains.Annotations.CanBeNullAttribute.#ctor" />
  </member>
  <member name="P:System.Windows.Controls.Resource.DataGrid_ColumnCannotBeCollapsed">
    <attribute ctor="M:JetBrains.Annotations.CanBeNullAttribute.#ctor" />
  </member>
  <member name="P:System.Windows.Controls.Resource.DataGrid_ColumnCannotBeReassignedToDifferentDataGrid">
    <attribute ctor="M:JetBrains.Annotations.CanBeNullAttribute.#ctor" />
  </member>
  <member name="P:System.Windows.Controls.Resource.DataGrid_ColumnNotInThisDataGrid">
    <attribute ctor="M:JetBrains.Annotations.CanBeNullAttribute.#ctor" />
  </member>
  <member name="P:System.Windows.Controls.Resource.DataGrid_ItemIsNotContainedInTheItemsSource">
    <attribute ctor="M:JetBrains.Annotations.CanBeNullAttribute.#ctor" />
  </member>
  <member name="P:System.Windows.Controls.Resource.DataGrid_NoCurrentRow">
    <attribute ctor="M:JetBrains.Annotations.CanBeNullAttribute.#ctor" />
  </member>
  <member name="P:System.Windows.Controls.Resource.DataGrid_NoOwningGrid">
    <attribute ctor="M:JetBrains.Annotations.CanBeNullAttribute.#ctor" />
  </member>
  <member name="P:System.Windows.Controls.Resource.DataGrid_UnderlyingPropertyIsReadOnly">
    <attribute ctor="M:JetBrains.Annotations.CanBeNullAttribute.#ctor" />
  </member>
  <member name="P:System.Windows.Controls.Resource.DataGrid_ValueCannotBeSetToInfinity">
    <attribute ctor="M:JetBrains.Annotations.CanBeNullAttribute.#ctor" />
  </member>
  <member name="P:System.Windows.Controls.Resource.DataGrid_ValueCannotBeSetToNAN">
    <attribute ctor="M:JetBrains.Annotations.CanBeNullAttribute.#ctor" />
  </member>
  <member name="P:System.Windows.Controls.Resource.DataGrid_ValueCannotBeSetToNull">
    <attribute ctor="M:JetBrains.Annotations.CanBeNullAttribute.#ctor" />
  </member>
  <member name="P:System.Windows.Controls.Resource.DataGrid_ValueIsNotAnInstanceOf">
    <attribute ctor="M:JetBrains.Annotations.CanBeNullAttribute.#ctor" />
  </member>
  <member name="P:System.Windows.Controls.Resource.DataGrid_ValueIsNotAnInstanceOfEitherOr">
    <attribute ctor="M:JetBrains.Annotations.CanBeNullAttribute.#ctor" />
  </member>
  <member name="P:System.Windows.Controls.Resource.DataGrid_ValueMustBeGreaterThanOrEqualTo">
    <attribute ctor="M:JetBrains.Annotations.CanBeNullAttribute.#ctor" />
  </member>
  <member name="P:System.Windows.Controls.Resource.DataGrid_ValueMustBeGTandLT">
    <attribute ctor="M:JetBrains.Annotations.CanBeNullAttribute.#ctor" />
  </member>
  <member name="P:System.Windows.Controls.Resource.DataGrid_ValueMustBeGTandLTE">
    <attribute ctor="M:JetBrains.Annotations.CanBeNullAttribute.#ctor" />
  </member>
  <member name="P:System.Windows.Controls.Resource.DataGrid_ValueMustBeGTEandLT">
    <attribute ctor="M:JetBrains.Annotations.CanBeNullAttribute.#ctor" />
  </member>
  <member name="P:System.Windows.Controls.Resource.DataGrid_ValueMustBeGTEandLTE">
    <attribute ctor="M:JetBrains.Annotations.CanBeNullAttribute.#ctor" />
  </member>
  <member name="P:System.Windows.Controls.Resource.DataGrid_ValueMustBeLessThan">
    <attribute ctor="M:JetBrains.Annotations.CanBeNullAttribute.#ctor" />
  </member>
  <member name="P:System.Windows.Controls.Resource.DataGrid_ValueMustBeLessThanOrEqualTo">
    <attribute ctor="M:JetBrains.Annotations.CanBeNullAttribute.#ctor" />
  </member>
  <member name="P:System.Windows.Controls.Resource.DataGridAutomationPeer_OperationCannotBePerformed">
    <attribute ctor="M:JetBrains.Annotations.CanBeNullAttribute.#ctor" />
  </member>
  <member name="P:System.Windows.Controls.Resource.DataGridColumnHeader_ContentDoesNotSupportUIElements">
    <attribute ctor="M:JetBrains.Annotations.CanBeNullAttribute.#ctor" />
  </member>
  <member name="P:System.Windows.Controls.Resource.DataGridColumnHeaderAutomationPeer_Ascending">
    <attribute ctor="M:JetBrains.Annotations.CanBeNullAttribute.#ctor" />
  </member>
  <member name="P:System.Windows.Controls.Resource.DataGridColumnHeaderAutomationPeer_Descending">
    <attribute ctor="M:JetBrains.Annotations.CanBeNullAttribute.#ctor" />
  </member>
  <member name="P:System.Windows.Controls.Resource.DataGridLength_InvalidUnitType">
    <attribute ctor="M:JetBrains.Annotations.CanBeNullAttribute.#ctor" />
  </member>
  <member name="P:System.Windows.Controls.Resource.DataGridLengthConverter_CannotConvertFrom">
    <attribute ctor="M:JetBrains.Annotations.CanBeNullAttribute.#ctor" />
  </member>
  <member name="P:System.Windows.Controls.Resource.DataGridLengthConverter_CannotConvertTo">
    <attribute ctor="M:JetBrains.Annotations.CanBeNullAttribute.#ctor" />
  </member>
  <member name="P:System.Windows.Controls.Resource.DataGridLengthConverter_InvalidDataGridLength">
    <attribute ctor="M:JetBrains.Annotations.CanBeNullAttribute.#ctor" />
  </member>
  <member name="P:System.Windows.Controls.Resource.DataGridRow_InvalidRowIndexCannotCompleteOperation">
    <attribute ctor="M:JetBrains.Annotations.CanBeNullAttribute.#ctor" />
  </member>
  <member name="P:System.Windows.Controls.Resource.DataGridRowGroupHeader_ItemCountPlural">
    <attribute ctor="M:JetBrains.Annotations.CanBeNullAttribute.#ctor" />
  </member>
  <member name="P:System.Windows.Controls.Resource.DataGridRowGroupHeader_ItemCountSingular">
    <attribute ctor="M:JetBrains.Annotations.CanBeNullAttribute.#ctor" />
  </member>
  <member name="P:System.Windows.Controls.Resource.DataGridRowGroupHeader_PropertyName">
    <attribute ctor="M:JetBrains.Annotations.CanBeNullAttribute.#ctor" />
  </member>
  <member name="P:System.Windows.Controls.Resource.DataGridSelectedItemsCollection_CannotChangeSelectedItemsCollectionInSingleMode">
    <attribute ctor="M:JetBrains.Annotations.CanBeNullAttribute.#ctor" />
  </member>
  <member name="P:System.Windows.Controls.Resource.DataGridTemplateColumn_MissingTemplateForType">
    <attribute ctor="M:JetBrains.Annotations.CanBeNullAttribute.#ctor" />
  </member>
  <member name="P:System.Windows.Controls.Resource.InvalidEnumArgumentException_InvalidEnumArgument">
    <attribute ctor="M:JetBrains.Annotations.CanBeNullAttribute.#ctor" />
  </member>
  <member name="M:System.Windows.Controls.TypeHelper.FindGenericType(System.Type,System.Type)">
    <attribute ctor="M:JetBrains.Annotations.CanBeNullAttribute.#ctor" />
    <parameter name="definition">
      <attribute ctor="M:JetBrains.Annotations.NotNullAttribute.#ctor" />
    </parameter>
  </member>
  <member name="M:System.Windows.Controls.TypeHelper.FindIndexerInMembers(System.Reflection.MemberInfo[],System.String,System.Object[]@)">
    <attribute ctor="M:JetBrains.Annotations.CanBeNullAttribute.#ctor" />
    <parameter name="members">
      <attribute ctor="M:JetBrains.Annotations.NotNullAttribute.#ctor" />
    </parameter>
    <parameter name="stringIndex">
      <attribute ctor="M:JetBrains.Annotations.NotNullAttribute.#ctor" />
    </parameter>
  </member>
  <member name="M:System.Windows.Controls.TypeHelper.GetDefaultMemberName(System.Type)">
    <parameter name="type">
      <attribute ctor="M:JetBrains.Annotations.NotNullAttribute.#ctor" />
    </parameter>
  </member>
  <member name="M:System.Windows.Controls.TypeHelper.GetNestedProperty(System.Type,System.String)">
    <attribute ctor="M:JetBrains.Annotations.CanBeNullAttribute.#ctor" />
  </member>
  <member name="M:System.Windows.Controls.TypeHelper.GetNestedProperty(System.Type,System.String,System.Object@)">
    <attribute ctor="M:JetBrains.Annotations.CanBeNullAttribute.#ctor" />
  </member>
  <member name="M:System.Windows.Controls.TypeHelper.GetNestedPropertyType(System.Type,System.String)">
    <attribute ctor="M:JetBrains.Annotations.CanBeNullAttribute.#ctor" />
  </member>
  <member name="M:System.Windows.Controls.TypeHelper.GetNonNullableType(System.Type)">
    <parameter name="type">
      <attribute ctor="M:JetBrains.Annotations.NotNullAttribute.#ctor" />
    </parameter>
  </member>
  <member name="M:System.Windows.Controls.TypeHelper.GetPropertyOrIndexer(System.Type,System.String,System.Object[]@)">
    <parameter name="type">
      <attribute ctor="M:JetBrains.Annotations.NotNullAttribute.#ctor" />
    </parameter>
  </member>
  <member name="M:System.Windows.Controls.TypeHelper.IsNullableEnum(System.Type)">
    <parameter name="type">
      <attribute ctor="M:JetBrains.Annotations.NotNullAttribute.#ctor" />
    </parameter>
  </member>
  <member name="M:System.Windows.Controls.TypeHelper.SplitPropertyPath(System.String)">
    <attribute ctor="M:JetBrains.Annotations.NotNullAttribute.#ctor" />
  </member>
  <member name="M:System.Windows.Controls.ValidationUtil.AddIfNew(System.Collections.Generic.ICollection{},)">
    <parameter name="collection">
      <attribute ctor="M:JetBrains.Annotations.NotNullAttribute.#ctor" />
    </parameter>
    <parameter name="value">
      <attribute ctor="M:JetBrains.Annotations.NotNullAttribute.#ctor" />
    </parameter>
  </member>
  <member name="M:System.Windows.Controls.ValidationUtil.CatchNonCriticalExceptions(System.Action)">
    <parameter name="action">
      <attribute ctor="M:JetBrains.Annotations.NotNullAttribute.#ctor" />
    </parameter>
  </member>
  <member name="M:System.Windows.Controls.ValidationUtil.CloneBinding()">
    <attribute ctor="M:JetBrains.Annotations.NotNullAttribute.#ctor" />
  </member>
  <member name="M:System.Windows.Controls.ValidationUtil.ContainsEqualValidationResult(System.Collections.Generic.ICollection{},)">
    <parameter name="collection">
      <attribute ctor="M:JetBrains.Annotations.NotNullAttribute.#ctor" />
    </parameter>
  </member>
  <member name="M:System.Windows.Controls.ValidationUtil.FindEqualValidationResult(System.Collections.Generic.ICollection{},)">
    <parameter name="collection">
      <attribute ctor="M:JetBrains.Annotations.NotNullAttribute.#ctor" />
    </parameter>
  </member>
  <member name="M:System.Windows.Controls.ValidationUtil.GetBindingInfoOfSingleElement(,System.Object,System.Object,System.Boolean,System.Boolean)">
    <attribute ctor="M:JetBrains.Annotations.NotNullAttribute.#ctor" />
  </member>
  <member name="M:System.Windows.Controls.ValidationUtil.GetDependencyProperties(,System.Boolean)">
    <attribute ctor="M:JetBrains.Annotations.NotNullAttribute.#ctor" />
  </member>
  <member name="M:System.Windows.Controls.WeakEventListener`3.#ctor(`0)">
    <parameter name="instance">
      <attribute ctor="M:JetBrains.Annotations.NotNullAttribute.#ctor" />
    </parameter>
  </member>
</assembly>