<assembly name="System.Reactive.Windows.Threading">
  <member name="M:System.Reactive.Linq.DispatcherObservable.ObserveOnDispatcher``1(System.IObservable{``0})">
    <parameter name="source">
      <attribute ctor="M:JetBrains.Annotations.NotNullAttribute.#ctor" />
    </parameter>
    <attribute ctor="M:JetBrains.Annotations.NotNullAttribute.#ctor" />
  </member>
  <member name="M:System.Reactive.Linq.DispatcherObservable.ObserveOn``1(System.IObservable{``0},System.Reactive.Concurrency.DispatcherScheduler)">
    <parameter name="source">
      <attribute ctor="M:JetBrains.Annotations.NotNullAttribute.#ctor" />
    </parameter>
    <parameter name="scheduler">
      <attribute ctor="M:JetBrains.Annotations.NotNullAttribute.#ctor" />
    </parameter>
    <attribute ctor="M:JetBrains.Annotations.NotNullAttribute.#ctor" />
  </member>
  <member name="M:System.Reactive.Linq.DispatcherObservable.SubscribeOn``1(System.IObservable{``0},System.Reactive.Concurrency.DispatcherScheduler)">
    <parameter name="source">
      <attribute ctor="M:JetBrains.Annotations.NotNullAttribute.#ctor" />
    </parameter>
    <parameter name="scheduler">
      <attribute ctor="M:JetBrains.Annotations.NotNullAttribute.#ctor" />
    </parameter>
    <attribute ctor="M:JetBrains.Annotations.NotNullAttribute.#ctor" />
  </member>
  <member name="M:System.Reactive.Linq.DispatcherObservable.SubscribeOnDispatcher``1(System.IObservable{``0})">
    <parameter name="source">
      <attribute ctor="M:JetBrains.Annotations.NotNullAttribute.#ctor" />
    </parameter>
    <attribute ctor="M:JetBrains.Annotations.NotNullAttribute.#ctor" />
  </member>
  <member name="M:System.Reactive.Linq.DispatcherObservable.SubscribeOn``1(System.IObservable{``0},System.Windows.Threading.Dispatcher)">
    <attribute ctor="M:JetBrains.Annotations.NotNullAttribute.#ctor" />
    <parameter name="source">
      <attribute ctor="M:JetBrains.Annotations.NotNullAttribute.#ctor" />
    </parameter>
    <parameter name="dispatcher">
      <attribute ctor="M:JetBrains.Annotations.NotNullAttribute.#ctor" />
    </parameter>
  </member>
  <member name="M:System.Reactive.Linq.DispatcherObservable.ObserveOn``1(System.IObservable{``0},System.Windows.Threading.Dispatcher)">
    <attribute ctor="M:JetBrains.Annotations.NotNullAttribute.#ctor" />
    <parameter name="source">
      <attribute ctor="M:JetBrains.Annotations.NotNullAttribute.#ctor" />
    </parameter>
    <parameter name="dispatcher">
      <attribute ctor="M:JetBrains.Annotations.NotNullAttribute.#ctor" />
    </parameter>
  </member>
  <member name="P:System.Reactive.Concurrency.DispatcherScheduler.Instance">
    <attribute ctor="M:JetBrains.Annotations.NotNullAttribute.#ctor" />
  </member>
  <member name="M:System.Reactive.Concurrency.DispatcherScheduler.#ctor(System.Windows.Threading.Dispatcher)">
    <parameter name="dispatcher">
      <attribute ctor="M:JetBrains.Annotations.NotNullAttribute.#ctor" />
    </parameter>
  </member>
  <member name="M:System.Reactive.Concurrency.DispatcherScheduler.Schedule``1(``0,System.DateTimeOffset,System.Func{System.Reactive.Concurrency.IScheduler,``0,System.IDisposable})">
    <parameter name="action">
      <attribute ctor="M:JetBrains.Annotations.NotNullAttribute.#ctor" />
    </parameter>
    <attribute ctor="M:JetBrains.Annotations.NotNullAttribute.#ctor" />
  </member>
  <member name="M:System.Reactive.Concurrency.DispatcherScheduler.Schedule``1(``0,System.Func{System.Reactive.Concurrency.IScheduler,``0,System.IDisposable})">
    <attribute ctor="M:JetBrains.Annotations.NotNullAttribute.#ctor" />
    <parameter name="action">
      <attribute ctor="M:JetBrains.Annotations.NotNullAttribute.#ctor" />
    </parameter>
  </member>
  <member name="M:System.Reactive.Concurrency.DispatcherScheduler.Schedule``1(``0,System.TimeSpan,System.Func{System.Reactive.Concurrency.IScheduler,``0,System.IDisposable})">
    <parameter name="action">
      <attribute ctor="M:JetBrains.Annotations.NotNullAttribute.#ctor" />
    </parameter>
    <attribute ctor="M:JetBrains.Annotations.NotNullAttribute.#ctor" />
  </member>
</assembly>