﻿<?xml version="1.0" encoding="utf-8"?>
<assembly name="System.Xaml" version="4.0.0.0">
  <member name="M:MS.Internal.Xaml.Runtime.ClrObjectRuntime.CreateObjectWithTypeConverter(MS.Internal.Xaml.ServiceProviderContext,System.Xaml.Schema.XamlValueConverter{System.ComponentModel.TypeConverter},System.Object)">
    <parameter name="value">
      <attribute ctor="M:JetBrains.Annotations.NotNullAttribute.#ctor" />
    </parameter>
    <attribute ctor="M:JetBrains.Annotations.CanBeNullAttribute.#ctor" />
    <parameter name="serviceContext">
      <attribute ctor="M:JetBrains.Annotations.NotNullAttribute.#ctor" />
    </parameter>
    <parameter name="ts">
      <attribute ctor="M:JetBrains.Annotations.NotNullAttribute.#ctor" />
    </parameter>
  </member>
  <member name="M:MS.Internal.Xaml.Runtime.XamlRuntime.CanConvertFrom``1(System.ComponentModel.ITypeDescriptorContext,System.ComponentModel.TypeConverter)">
    <parameter name="converter">
      <attribute ctor="M:JetBrains.Annotations.NotNullAttribute.#ctor" />
    </parameter>
  </member>
  <member name="M:MS.Internal.Xaml.Runtime.XamlRuntime.CanConvertTo(System.ComponentModel.ITypeDescriptorContext,System.ComponentModel.TypeConverter,System.Type)">
    <parameter name="converter">
      <attribute ctor="M:JetBrains.Annotations.NotNullAttribute.#ctor" />
    </parameter>
    <parameter name="type">
      <attribute ctor="M:JetBrains.Annotations.NotNullAttribute.#ctor" />
    </parameter>
  </member>
  <member name="M:MS.Internal.Xaml.Runtime.XamlRuntime.ConvertToValue``1(System.ComponentModel.ITypeDescriptorContext,System.ComponentModel.TypeConverter,System.Object)">
    <parameter name="converter">
      <attribute ctor="M:JetBrains.Annotations.NotNullAttribute.#ctor" />
    </parameter>
    <parameter name="instance">
      <attribute ctor="M:JetBrains.Annotations.NotNullAttribute.#ctor" />
    </parameter>
    <parameter name="context">
      <attribute ctor="M:JetBrains.Annotations.NotNullAttribute.#ctor" />
    </parameter>
    <attribute ctor="M:JetBrains.Annotations.CanBeNullAttribute.#ctor" />
  </member>
  <member name="M:MS.Internal.Xaml.Runtime.XamlRuntime.CreateFromValue(MS.Internal.Xaml.ServiceProviderContext,System.Xaml.Schema.XamlValueConverter{System.ComponentModel.TypeConverter},System.Object,System.Xaml.XamlMember)">
    <parameter name="ts">
      <attribute ctor="M:JetBrains.Annotations.NotNullAttribute.#ctor" />
    </parameter>
    <parameter name="value">
      <attribute ctor="M:JetBrains.Annotations.NotNullAttribute.#ctor" />
    </parameter>
    <parameter name="serviceContext">
      <attribute ctor="M:JetBrains.Annotations.NotNullAttribute.#ctor" />
    </parameter>
    <attribute ctor="M:JetBrains.Annotations.CanBeNullAttribute.#ctor" />
  </member>
  <member name="P:MS.Internal.Xaml.ServiceProviderContext.System#ComponentModel#ITypeDescriptorContext#Container">
    <attribute ctor="M:JetBrains.Annotations.CanBeNullAttribute.#ctor" />
  </member>
  <member name="P:MS.Internal.Xaml.ServiceProviderContext.System#ComponentModel#ITypeDescriptorContext#Instance">
    <attribute ctor="M:JetBrains.Annotations.CanBeNullAttribute.#ctor" />
  </member>
  <member name="P:MS.Internal.Xaml.ServiceProviderContext.System#ComponentModel#ITypeDescriptorContext#PropertyDescriptor">
    <attribute ctor="M:JetBrains.Annotations.CanBeNullAttribute.#ctor" />
  </member>
  <member name="M:System.Windows.Markup.ArrayExtension.#ctor(System.Array)">
    <parameter name="elements">
      <attribute ctor="M:JetBrains.Annotations.NotNullAttribute.#ctor" />
    </parameter>
  </member>
  <member name="M:System.Windows.Markup.ArrayExtension.#ctor(System.Type)">
    <parameter name="arrayType">
      <attribute ctor="M:JetBrains.Annotations.NotNullAttribute.#ctor" />
    </parameter>
  </member>
  <member name="M:System.Windows.Markup.ArrayExtension.ProvideValue(System.IServiceProvider)">
    <parameter name="serviceProvider">
      <attribute ctor="M:JetBrains.Annotations.CanBeNullAttribute.#ctor" />
    </parameter>
  </member>
  <member name="P:System.Windows.Markup.ContentWrapperAttribute.TypeId">
    <attribute ctor="M:JetBrains.Annotations.NotNullAttribute.#ctor" />
  </member>
  <member name="M:System.Windows.Markup.DateTimeValueSerializer.CanConvertToString(System.Object,System.Windows.Markup.IValueSerializerContext)">
    <parameter name="context">
      <attribute ctor="M:JetBrains.Annotations.CanBeNullAttribute.#ctor" />
    </parameter>
  </member>
  <member name="M:System.Windows.Markup.DateTimeValueSerializer.ConvertFromString(System.String,System.Windows.Markup.IValueSerializerContext)">
    <parameter name="context">
      <attribute ctor="M:JetBrains.Annotations.CanBeNullAttribute.#ctor" />
    </parameter>
    <attribute ctor="M:JetBrains.Annotations.NotNullAttribute.#ctor" />
  </member>
  <member name="M:System.Windows.Markup.DateTimeValueSerializer.ConvertToString(System.Object,System.Windows.Markup.IValueSerializerContext)">
    <attribute ctor="M:JetBrains.Annotations.NotNullAttribute.#ctor" />
    <parameter name="context">
      <attribute ctor="M:JetBrains.Annotations.CanBeNullAttribute.#ctor" />
    </parameter>
  </member>
  <member name="P:System.Windows.Markup.DependsOnAttribute.TypeId">
    <attribute ctor="M:JetBrains.Annotations.NotNullAttribute.#ctor" />
  </member>
  <member name="M:System.Windows.Markup.INameScope.FindName(System.String)">
    <parameter name="name">
      <attribute ctor="M:JetBrains.Annotations.NotNullAttribute.#ctor" />
    </parameter>
  </member>
  <member name="M:System.Windows.Markup.INameScope.RegisterName(System.String,System.Object)">
    <parameter name="scopedElement">
      <attribute ctor="M:JetBrains.Annotations.NotNullAttribute.#ctor" />
    </parameter>
    <parameter name="name">
      <attribute ctor="M:JetBrains.Annotations.NotNullAttribute.#ctor" />
    </parameter>
  </member>
  <member name="M:System.Windows.Markup.INameScope.UnregisterName(System.String)">
    <parameter name="name">
      <attribute ctor="M:JetBrains.Annotations.NotNullAttribute.#ctor" />
    </parameter>
  </member>
  <member name="M:System.Windows.Markup.IValueSerializerContext.GetValueSerializerFor()">
    <parameter name="descriptor">
      <attribute ctor="M:JetBrains.Annotations.NotNullAttribute.#ctor" />
    </parameter>
    <attribute ctor="M:JetBrains.Annotations.CanBeNullAttribute.#ctor" />
  </member>
  <member name="M:System.Windows.Markup.IValueSerializerContext.GetValueSerializerFor(System.Type)">
    <parameter name="type">
      <attribute ctor="M:JetBrains.Annotations.NotNullAttribute.#ctor" />
    </parameter>
    <attribute ctor="M:JetBrains.Annotations.CanBeNullAttribute.#ctor" />
  </member>
  <member name="M:System.Windows.Markup.IXamlTypeResolver.Resolve(System.String)">
    <parameter name="qualifiedTypeName">
      <attribute ctor="M:JetBrains.Annotations.NotNullAttribute.#ctor" />
    </parameter>
  </member>
  <member name="M:System.Windows.Markup.MarkupExtension.ProvideValue(System.IServiceProvider)">
    <parameter name="serviceProvider">
      <attribute ctor="M:JetBrains.Annotations.NotNullAttribute.#ctor" />
    </parameter>
    <attribute ctor="M:JetBrains.Annotations.CanBeNullAttribute.#ctor" />
  </member>
  <member name="M:System.Windows.Markup.NameReferenceConverter.ConvertFrom(System.ComponentModel.ITypeDescriptorContext,System.Globalization.CultureInfo,System.Object)">
    <parameter name="culture">
      <attribute ctor="M:JetBrains.Annotations.CanBeNullAttribute.#ctor" />
    </parameter>
  </member>
  <member name="M:System.Windows.Markup.NameReferenceConverter.ConvertTo(System.ComponentModel.ITypeDescriptorContext,System.Globalization.CultureInfo,System.Object,System.Type)">
    <parameter name="destinationType">
      <attribute ctor="M:JetBrains.Annotations.CanBeNullAttribute.#ctor" />
    </parameter>
    <parameter name="culture">
      <attribute ctor="M:JetBrains.Annotations.CanBeNullAttribute.#ctor" />
    </parameter>
  </member>
  <member name="M:System.Windows.Markup.NullExtension.ProvideValue(System.IServiceProvider)">
    <parameter name="serviceProvider">
      <attribute ctor="M:JetBrains.Annotations.CanBeNullAttribute.#ctor" />
    </parameter>
  </member>
  <member name="P:System.Windows.Markup.PropertyDefinition.Attributes">
    <attribute ctor="M:JetBrains.Annotations.NotNullAttribute.#ctor" />
  </member>
  <member name="M:System.Windows.Markup.StaticExtension.#ctor(System.String)">
    <parameter name="member">
      <attribute ctor="M:JetBrains.Annotations.NotNullAttribute.#ctor" />
    </parameter>
  </member>
  <member name="M:System.Windows.Markup.StaticExtension.ProvideValue(System.IServiceProvider)">
    <parameter name="serviceProvider">
      <attribute ctor="M:JetBrains.Annotations.CanBeNullAttribute.#ctor" />
    </parameter>
  </member>
  <member name="M:System.Windows.Markup.TypeExtension.#ctor(System.String)">
    <parameter name="typeName">
      <attribute ctor="M:JetBrains.Annotations.NotNullAttribute.#ctor" />
    </parameter>
  </member>
  <member name="M:System.Windows.Markup.TypeExtension.#ctor(System.Type)">
    <parameter name="type">
      <attribute ctor="M:JetBrains.Annotations.NotNullAttribute.#ctor" />
    </parameter>
  </member>
  <member name="M:System.Windows.Markup.TypeExtension.ProvideValue(System.IServiceProvider)">
    <attribute ctor="M:JetBrains.Annotations.NotNullAttribute.#ctor" />
    <parameter name="serviceProvider">
      <attribute ctor="M:JetBrains.Annotations.CanBeNullAttribute.#ctor" />
    </parameter>
  </member>
  <member name="M:System.Windows.Markup.ValueSerializer.CanConvertToString(System.Object,System.Windows.Markup.IValueSerializerContext)">
    <parameter name="context">
      <attribute ctor="M:JetBrains.Annotations.NotNullAttribute.#ctor" />
    </parameter>
  </member>
  <member name="M:System.Windows.Markup.ValueSerializer.ConvertFromString(System.String,System.Windows.Markup.IValueSerializerContext)">
    <parameter name="value">
      <attribute ctor="M:JetBrains.Annotations.NotNullAttribute.#ctor" />
    </parameter>
    <attribute ctor="M:JetBrains.Annotations.CanBeNullAttribute.#ctor" />
    <parameter name="context">
      <attribute ctor="M:JetBrains.Annotations.NotNullAttribute.#ctor" />
    </parameter>
  </member>
  <member name="M:System.Windows.Markup.ValueSerializer.ConvertToString(System.Object,System.Windows.Markup.IValueSerializerContext)">
    <parameter name="value">
      <attribute ctor="M:JetBrains.Annotations.NotNullAttribute.#ctor" />
    </parameter>
    <parameter name="context">
      <attribute ctor="M:JetBrains.Annotations.NotNullAttribute.#ctor" />
    </parameter>
    <attribute ctor="M:JetBrains.Annotations.CanBeNullAttribute.#ctor" />
  </member>
  <member name="M:System.Windows.Markup.ValueSerializer.GetConvertFromException(System.Object)">
    <attribute ctor="M:JetBrains.Annotations.NotNullAttribute.#ctor" />
  </member>
  <member name="M:System.Windows.Markup.ValueSerializer.GetConvertToException(System.Object,System.Type)">
    <attribute ctor="M:JetBrains.Annotations.NotNullAttribute.#ctor" />
    <parameter name="destinationType">
      <attribute ctor="M:JetBrains.Annotations.NotNullAttribute.#ctor" />
    </parameter>
  </member>
  <member name="M:System.Windows.Markup.ValueSerializer.GetSerializerFor(System.ComponentModel.PropertyDescriptor)">
    <parameter name="descriptor">
      <attribute ctor="M:JetBrains.Annotations.NotNullAttribute.#ctor" />
    </parameter>
  </member>
  <member name="M:System.Windows.Markup.ValueSerializer.GetSerializerFor(System.ComponentModel.PropertyDescriptor,System.Windows.Markup.IValueSerializerContext)">
    <parameter name="descriptor">
      <attribute ctor="M:JetBrains.Annotations.NotNullAttribute.#ctor" />
    </parameter>
  </member>
  <member name="M:System.Windows.Markup.ValueSerializer.GetSerializerFor(System.Type)">
    <attribute ctor="M:JetBrains.Annotations.CanBeNullAttribute.#ctor" />
    <parameter name="type">
      <attribute ctor="M:JetBrains.Annotations.NotNullAttribute.#ctor" />
    </parameter>
  </member>
  <member name="M:System.Windows.Markup.ValueSerializer.GetSerializerFor(System.Type,System.Windows.Markup.IValueSerializerContext)">
    <attribute ctor="M:JetBrains.Annotations.CanBeNullAttribute.#ctor" />
    <parameter name="type">
      <attribute ctor="M:JetBrains.Annotations.NotNullAttribute.#ctor" />
    </parameter>
  </member>
  <member name="M:System.Windows.Markup.XamlDeferLoadAttribute.#ctor(System.String,System.String)">
    <parameter name="loaderType">
      <attribute ctor="M:JetBrains.Annotations.NotNullAttribute.#ctor" />
    </parameter>
    <parameter name="contentType">
      <attribute ctor="M:JetBrains.Annotations.NotNullAttribute.#ctor" />
    </parameter>
  </member>
  <member name="M:System.Windows.Markup.XamlDeferLoadAttribute.#ctor(System.Type,System.Type)">
    <parameter name="loaderType">
      <attribute ctor="M:JetBrains.Annotations.NotNullAttribute.#ctor" />
    </parameter>
    <parameter name="contentType">
      <attribute ctor="M:JetBrains.Annotations.NotNullAttribute.#ctor" />
    </parameter>
  </member>
  <member name="P:System.Windows.Markup.XamlSetMarkupExtensionEventArgs.MarkupExtension">
    <attribute ctor="M:JetBrains.Annotations.CanBeNullAttribute.#ctor" />
  </member>
  <member name="M:System.Windows.Markup.XmlnsCompatibleWithAttribute.#ctor(System.String,System.String)">
    <parameter name="oldNamespace">
      <attribute ctor="M:JetBrains.Annotations.NotNullAttribute.#ctor" />
    </parameter>
    <parameter name="newNamespace">
      <attribute ctor="M:JetBrains.Annotations.NotNullAttribute.#ctor" />
    </parameter>
  </member>
  <member name="M:System.Windows.Markup.XmlnsDefinitionAttribute.#ctor(System.String,System.String)">
    <parameter name="xmlNamespace">
      <attribute ctor="M:JetBrains.Annotations.NotNullAttribute.#ctor" />
    </parameter>
    <parameter name="clrNamespace">
      <attribute ctor="M:JetBrains.Annotations.NotNullAttribute.#ctor" />
    </parameter>
  </member>
  <member name="M:System.Windows.Markup.XmlnsPrefixAttribute.#ctor(System.String,System.String)">
    <parameter name="xmlNamespace">
      <attribute ctor="M:JetBrains.Annotations.NotNullAttribute.#ctor" />
    </parameter>
    <parameter name="prefix">
      <attribute ctor="M:JetBrains.Annotations.NotNullAttribute.#ctor" />
    </parameter>
  </member>
  <member name="M:System.Xaml.AttachableMemberIdentifier.Equals(System.Object)">
    <parameter name="obj">
      <attribute ctor="M:JetBrains.Annotations.CanBeNullAttribute.#ctor" />
    </parameter>
  </member>
  <member name="M:System.Xaml.AttachableMemberIdentifier.Equals(System.Xaml.AttachableMemberIdentifier)">
    <parameter name="other">
      <attribute ctor="M:JetBrains.Annotations.CanBeNullAttribute.#ctor" />
    </parameter>
  </member>
  <member name="M:System.Xaml.AttachablePropertyServices.RemoveProperty(System.Object,System.Xaml.AttachableMemberIdentifier)">
    <parameter name="name">
      <attribute ctor="M:JetBrains.Annotations.NotNullAttribute.#ctor" />
    </parameter>
  </member>
  <member name="M:System.Xaml.AttachablePropertyServices.TryGetProperty(System.Object,System.Xaml.AttachableMemberIdentifier,System.Object@)">
    <parameter name="name">
      <attribute ctor="M:JetBrains.Annotations.NotNullAttribute.#ctor" />
    </parameter>
  </member>
  <member name="M:System.Xaml.AttachablePropertyServices.TryGetProperty``1(System.Object,System.Xaml.AttachableMemberIdentifier,``0@)">
    <parameter name="name">
      <attribute ctor="M:JetBrains.Annotations.NotNullAttribute.#ctor" />
    </parameter>
  </member>
  <member name="M:System.Xaml.IAmbientProvider.GetAllAmbientValues(System.Collections.Generic.IEnumerable{System.Xaml.XamlType},System.Boolean,System.Collections.Generic.IEnumerable{System.Xaml.XamlType},System.Xaml.XamlMember[])">
    <parameter name="properties">
      <attribute ctor="M:JetBrains.Annotations.NotNullAttribute.#ctor" />
    </parameter>
  </member>
  <member name="M:System.Xaml.IAmbientProvider.GetAllAmbientValues(System.Collections.Generic.IEnumerable{System.Xaml.XamlType},System.Xaml.XamlMember[])">
    <parameter name="properties">
      <attribute ctor="M:JetBrains.Annotations.NotNullAttribute.#ctor" />
    </parameter>
  </member>
  <member name="M:System.Xaml.IAmbientProvider.GetAllAmbientValues(System.Xaml.XamlType[])">
    <parameter name="types">
      <attribute ctor="M:JetBrains.Annotations.NotNullAttribute.#ctor" />
    </parameter>
    <attribute ctor="M:JetBrains.Annotations.NotNullAttribute.#ctor" />
  </member>
  <member name="M:System.Xaml.IAmbientProvider.GetFirstAmbientValue(System.Collections.Generic.IEnumerable{System.Xaml.XamlType},System.Xaml.XamlMember[])">
    <parameter name="properties">
      <attribute ctor="M:JetBrains.Annotations.NotNullAttribute.#ctor" />
    </parameter>
  </member>
  <member name="M:System.Xaml.IAmbientProvider.GetFirstAmbientValue(System.Xaml.XamlType[])">
    <parameter name="types">
      <attribute ctor="M:JetBrains.Annotations.NotNullAttribute.#ctor" />
    </parameter>
  </member>
  <member name="M:System.Xaml.INamespacePrefixLookup.LookupPrefix(System.String)">
    <parameter name="ns">
      <attribute ctor="M:JetBrains.Annotations.NotNullAttribute.#ctor" />
    </parameter>
  </member>
  <member name="M:System.Xaml.IXamlNameProvider.GetName(System.Object)">
    <parameter name="value">
      <attribute ctor="M:JetBrains.Annotations.NotNullAttribute.#ctor" />
    </parameter>
  </member>
  <member name="M:System.Xaml.IXamlNameResolver.GetAllNamesAndValuesInScope">
    <attribute ctor="M:JetBrains.Annotations.NotNullAttribute.#ctor" />
  </member>
  <member name="M:System.Xaml.IXamlNameResolver.GetFixupToken(System.Collections.Generic.IEnumerable{System.String})">
    <attribute ctor="M:JetBrains.Annotations.CanBeNullAttribute.#ctor" />
  </member>
  <member name="M:System.Xaml.IXamlNameResolver.GetFixupToken(System.Collections.Generic.IEnumerable{System.String},System.Boolean)">
    <attribute ctor="M:JetBrains.Annotations.CanBeNullAttribute.#ctor" />
  </member>
  <member name="M:System.Xaml.IXamlNameResolver.Resolve(System.String)">
    <attribute ctor="M:JetBrains.Annotations.CanBeNullAttribute.#ctor" />
    <parameter name="name">
      <attribute ctor="M:JetBrains.Annotations.NotNullAttribute.#ctor" />
    </parameter>
  </member>
  <member name="M:System.Xaml.IXamlNameResolver.Resolve(System.String,System.Boolean@)">
    <attribute ctor="M:JetBrains.Annotations.CanBeNullAttribute.#ctor" />
    <parameter name="name">
      <attribute ctor="M:JetBrains.Annotations.NotNullAttribute.#ctor" />
    </parameter>
  </member>
  <member name="M:System.Xaml.IXamlObjectWriterFactory.GetParentSettings">
    <attribute ctor="M:JetBrains.Annotations.NotNullAttribute.#ctor" />
  </member>
  <member name="M:System.Xaml.IXamlObjectWriterFactory.GetXamlObjectWriter(System.Xaml.XamlObjectWriterSettings)">
    <attribute ctor="M:JetBrains.Annotations.NotNullAttribute.#ctor" />
  </member>
  <member name="M:System.Xaml.Permissions.XamlAccessLevel.AssemblyAccessTo(System.Reflection.Assembly)">
    <attribute ctor="M:JetBrains.Annotations.NotNullAttribute.#ctor" />
    <parameter name="assembly">
      <attribute ctor="M:JetBrains.Annotations.NotNullAttribute.#ctor" />
    </parameter>
  </member>
  <member name="M:System.Xaml.Permissions.XamlAccessLevel.AssemblyAccessTo(System.Reflection.AssemblyName)">
    <attribute ctor="M:JetBrains.Annotations.NotNullAttribute.#ctor" />
    <parameter name="assemblyName">
      <attribute ctor="M:JetBrains.Annotations.NotNullAttribute.#ctor" />
    </parameter>
  </member>
  <member name="P:System.Xaml.Permissions.XamlAccessLevel.AssemblyAccessToAssemblyName">
    <attribute ctor="M:JetBrains.Annotations.NotNullAttribute.#ctor" />
  </member>
  <member name="M:System.Xaml.Permissions.XamlAccessLevel.PrivateAccessTo(System.String)">
    <attribute ctor="M:JetBrains.Annotations.NotNullAttribute.#ctor" />
    <parameter name="assemblyQualifiedTypeName">
      <attribute ctor="M:JetBrains.Annotations.NotNullAttribute.#ctor" />
    </parameter>
  </member>
  <member name="M:System.Xaml.Permissions.XamlAccessLevel.PrivateAccessTo(System.Type)">
    <attribute ctor="M:JetBrains.Annotations.NotNullAttribute.#ctor" />
    <parameter name="type">
      <attribute ctor="M:JetBrains.Annotations.NotNullAttribute.#ctor" />
    </parameter>
  </member>
  <member name="M:System.Xaml.Permissions.XamlLoadPermission.#ctor(System.Collections.Generic.IEnumerable{System.Xaml.Permissions.XamlAccessLevel})">
    <parameter name="allowedAccess">
      <attribute ctor="M:JetBrains.Annotations.NotNullAttribute.#ctor" />
    </parameter>
  </member>
  <member name="M:System.Xaml.Permissions.XamlLoadPermission.#ctor(System.Xaml.Permissions.XamlAccessLevel)">
    <parameter name="allowedAccess">
      <attribute ctor="M:JetBrains.Annotations.NotNullAttribute.#ctor" />
    </parameter>
  </member>
  <member name="M:System.Xaml.Permissions.XamlLoadPermission.Copy">
    <attribute ctor="M:JetBrains.Annotations.NotNullAttribute.#ctor" />
  </member>
  <member name="M:System.Xaml.Permissions.XamlLoadPermission.Includes(System.Xaml.Permissions.XamlAccessLevel)">
    <parameter name="requestedAccess">
      <attribute ctor="M:JetBrains.Annotations.NotNullAttribute.#ctor" />
    </parameter>
  </member>
  <member name="M:System.Xaml.Permissions.XamlLoadPermission.Intersect(System.Security.IPermission)">
    <attribute ctor="M:JetBrains.Annotations.ContractAnnotationAttribute.#ctor(System.String)">
      <argument>null=&gt;null</argument>
    </attribute>
  </member>
  <member name="M:System.Xaml.Permissions.XamlLoadPermission.Union(System.Security.IPermission)">
    <attribute ctor="M:JetBrains.Annotations.NotNullAttribute.#ctor" />
  </member>
  <member name="M:System.Xaml.Replacements.DateTimeConverter2.ConvertFrom(System.ComponentModel.ITypeDescriptorContext,System.Globalization.CultureInfo,System.Object)">
    <parameter name="value">
      <attribute ctor="M:JetBrains.Annotations.CanBeNullAttribute.#ctor" />
    </parameter>
    <attribute ctor="M:JetBrains.Annotations.NotNullAttribute.#ctor" />
    <parameter name="culture">
      <attribute ctor="M:JetBrains.Annotations.CanBeNullAttribute.#ctor" />
    </parameter>
    <parameter name="context">
      <attribute ctor="M:JetBrains.Annotations.CanBeNullAttribute.#ctor" />
    </parameter>
  </member>
  <member name="M:System.Xaml.Replacements.DateTimeValueSerializerContext.GetValueSerializerFor(System.ComponentModel.PropertyDescriptor)">
    <parameter name="descriptor">
      <attribute ctor="M:JetBrains.Annotations.CanBeNullAttribute.#ctor" />
    </parameter>
    <attribute ctor="M:JetBrains.Annotations.CanBeNullAttribute.#ctor" />
  </member>
  <member name="M:System.Xaml.Replacements.TypeListConverter.CanConvertFrom(System.ComponentModel.ITypeDescriptorContext,System.Type)">
    <parameter name="sourceType">
      <attribute ctor="M:JetBrains.Annotations.CanBeNullAttribute.#ctor" />
    </parameter>
  </member>
  <member name="M:System.Xaml.Replacements.TypeListConverter.ConvertFrom(System.ComponentModel.ITypeDescriptorContext,System.Globalization.CultureInfo,System.Object)">
    <parameter name="context">
      <attribute ctor="M:JetBrains.Annotations.CanBeNullAttribute.#ctor" />
    </parameter>
  </member>
  <member name="M:System.Xaml.Replacements.TypeTypeConverter.CanConvertFrom(System.ComponentModel.ITypeDescriptorContext,System.Type)">
    <parameter name="sourceType">
      <attribute ctor="M:JetBrains.Annotations.CanBeNullAttribute.#ctor" />
    </parameter>
  </member>
  <member name="M:System.Xaml.Replacements.TypeTypeConverter.CanConvertTo(System.ComponentModel.ITypeDescriptorContext,System.Type)">
    <parameter name="destinationType">
      <attribute ctor="M:JetBrains.Annotations.CanBeNullAttribute.#ctor" />
    </parameter>
  </member>
  <member name="M:System.Xaml.Replacements.TypeTypeConverter.ConvertFrom(System.ComponentModel.ITypeDescriptorContext,System.Globalization.CultureInfo,System.Object)">
    <parameter name="context">
      <attribute ctor="M:JetBrains.Annotations.CanBeNullAttribute.#ctor" />
    </parameter>
  </member>
  <member name="M:System.Xaml.Replacements.TypeTypeConverter.ConvertTo(System.ComponentModel.ITypeDescriptorContext,System.Globalization.CultureInfo,System.Object,System.Type)">
    <parameter name="context">
      <attribute ctor="M:JetBrains.Annotations.CanBeNullAttribute.#ctor" />
    </parameter>
  </member>
  <member name="M:System.Xaml.Replacements.TypeTypeConverter.ConvertTypeToString(System.ComponentModel.ITypeDescriptorContext,System.Type)">
    <parameter name="context">
      <attribute ctor="M:JetBrains.Annotations.NotNullAttribute.#ctor" />
    </parameter>
    <attribute ctor="M:JetBrains.Annotations.CanBeNullAttribute.#ctor" />
    <parameter name="type">
      <attribute ctor="M:JetBrains.Annotations.NotNullAttribute.#ctor" />
    </parameter>
  </member>
  <member name="M:System.Xaml.Replacements.TypeTypeConverter.GetService``1(System.ComponentModel.ITypeDescriptorContext)">
    <attribute ctor="M:JetBrains.Annotations.CanBeNullAttribute.#ctor" />
    <parameter name="context">
      <attribute ctor="M:JetBrains.Annotations.NotNullAttribute.#ctor" />
    </parameter>
  </member>
  <member name="M:System.Xaml.Schema.XamlMemberInvoker.#ctor(System.Xaml.XamlMember)">
    <parameter name="member">
      <attribute ctor="M:JetBrains.Annotations.NotNullAttribute.#ctor" />
    </parameter>
  </member>
  <member name="M:System.Xaml.Schema.XamlMemberInvoker.GetValue(System.Object)">
    <parameter name="instance">
      <attribute ctor="M:JetBrains.Annotations.NotNullAttribute.#ctor" />
    </parameter>
    <attribute ctor="M:JetBrains.Annotations.CanBeNullAttribute.#ctor" />
  </member>
  <member name="M:System.Xaml.Schema.XamlMemberInvoker.SetValue(System.Object,System.Object)">
    <parameter name="instance">
      <attribute ctor="M:JetBrains.Annotations.NotNullAttribute.#ctor" />
    </parameter>
    <parameter name="value">
      <attribute ctor="M:JetBrains.Annotations.NotNullAttribute.#ctor" />
    </parameter>
  </member>
  <member name="M:System.Xaml.Schema.XamlMemberInvoker.ShouldSerializeValue(System.Object)">
    <parameter name="instance">
      <attribute ctor="M:JetBrains.Annotations.NotNullAttribute.#ctor" />
    </parameter>
  </member>
  <member name="M:System.Xaml.Schema.XamlTypeInvoker.#ctor(System.Xaml.XamlType)">
    <parameter name="type">
      <attribute ctor="M:JetBrains.Annotations.NotNullAttribute.#ctor" />
    </parameter>
  </member>
  <member name="M:System.Xaml.Schema.XamlTypeInvoker.AddToCollection(System.Object,System.Object)">
    <parameter name="instance">
      <attribute ctor="M:JetBrains.Annotations.NotNullAttribute.#ctor" />
    </parameter>
    <parameter name="item">
      <attribute ctor="M:JetBrains.Annotations.NotNullAttribute.#ctor" />
    </parameter>
  </member>
  <member name="M:System.Xaml.Schema.XamlTypeInvoker.AddToDictionary(System.Object,System.Object,System.Object)">
    <parameter name="instance">
      <attribute ctor="M:JetBrains.Annotations.NotNullAttribute.#ctor" />
    </parameter>
    <parameter name="key">
      <attribute ctor="M:JetBrains.Annotations.NotNullAttribute.#ctor" />
    </parameter>
    <parameter name="item">
      <attribute ctor="M:JetBrains.Annotations.NotNullAttribute.#ctor" />
    </parameter>
  </member>
  <member name="M:System.Xaml.Schema.XamlTypeInvoker.GetAddMethod(System.Xaml.XamlType)">
    <parameter name="contentType">
      <attribute ctor="M:JetBrains.Annotations.NotNullAttribute.#ctor" />
    </parameter>
  </member>
  <member name="M:System.Xaml.Schema.XamlTypeInvoker.GetItems(System.Object)">
    <parameter name="instance">
      <attribute ctor="M:JetBrains.Annotations.NotNullAttribute.#ctor" />
    </parameter>
  </member>
  <member name="M:System.Xaml.Schema.XamlTypeName.#ctor(System.Xaml.XamlType)">
    <parameter name="xamlType">
      <attribute ctor="M:JetBrains.Annotations.NotNullAttribute.#ctor" />
    </parameter>
  </member>
  <member name="M:System.Xaml.Schema.XamlTypeName.Parse(System.String,System.Xaml.IXamlNamespaceResolver)">
    <attribute ctor="M:JetBrains.Annotations.NotNullAttribute.#ctor" />
    <parameter name="typeName">
      <attribute ctor="M:JetBrains.Annotations.NotNullAttribute.#ctor" />
    </parameter>
    <parameter name="namespaceResolver">
      <attribute ctor="M:JetBrains.Annotations.NotNullAttribute.#ctor" />
    </parameter>
  </member>
  <member name="M:System.Xaml.Schema.XamlTypeName.ParseList(System.String,System.Xaml.IXamlNamespaceResolver)">
    <attribute ctor="M:JetBrains.Annotations.NotNullAttribute.#ctor" />
    <parameter name="typeNameList">
      <attribute ctor="M:JetBrains.Annotations.NotNullAttribute.#ctor" />
    </parameter>
    <parameter name="namespaceResolver">
      <attribute ctor="M:JetBrains.Annotations.NotNullAttribute.#ctor" />
    </parameter>
  </member>
  <member name="M:System.Xaml.Schema.XamlTypeName.ToString(System.Collections.Generic.IList{System.Xaml.Schema.XamlTypeName},System.Xaml.INamespacePrefixLookup)">
    <attribute ctor="M:JetBrains.Annotations.NotNullAttribute.#ctor" />
    <parameter name="typeNameList">
      <attribute ctor="M:JetBrains.Annotations.NotNullAttribute.#ctor" />
    </parameter>
    <parameter name="prefixLookup">
      <attribute ctor="M:JetBrains.Annotations.NotNullAttribute.#ctor" />
    </parameter>
  </member>
  <member name="M:System.Xaml.Schema.XamlTypeName.ToString(System.Xaml.INamespacePrefixLookup)">
    <attribute ctor="M:JetBrains.Annotations.NotNullAttribute.#ctor" />
  </member>
  <member name="M:System.Xaml.Schema.XamlTypeName.TryParse(System.String,System.Xaml.IXamlNamespaceResolver,System.Xaml.Schema.XamlTypeName@)">
    <parameter name="typeName">
      <attribute ctor="M:JetBrains.Annotations.NotNullAttribute.#ctor" />
    </parameter>
    <parameter name="namespaceResolver">
      <attribute ctor="M:JetBrains.Annotations.NotNullAttribute.#ctor" />
    </parameter>
  </member>
  <member name="M:System.Xaml.Schema.XamlTypeName.TryParseList(System.String,System.Xaml.IXamlNamespaceResolver,System.Collections.Generic.IList{System.Xaml.Schema.XamlTypeName}@)">
    <parameter name="typeNameList">
      <attribute ctor="M:JetBrains.Annotations.NotNullAttribute.#ctor" />
    </parameter>
    <parameter name="namespaceResolver">
      <attribute ctor="M:JetBrains.Annotations.NotNullAttribute.#ctor" />
    </parameter>
  </member>
  <member name="P:System.Xaml.Schema.XamlTypeName.TypeArguments">
    <attribute ctor="M:JetBrains.Annotations.NotNullAttribute.#ctor" />
  </member>
  <member name="M:System.Xaml.Schema.XamlTypeTypeConverter.CanConvertFrom(System.ComponentModel.ITypeDescriptorContext,System.Type)">
    <parameter name="sourceType">
      <attribute ctor="M:JetBrains.Annotations.CanBeNullAttribute.#ctor" />
    </parameter>
  </member>
  <member name="M:System.Xaml.Schema.XamlTypeTypeConverter.CanConvertTo(System.ComponentModel.ITypeDescriptorContext,System.Type)">
    <parameter name="destinationType">
      <attribute ctor="M:JetBrains.Annotations.CanBeNullAttribute.#ctor" />
    </parameter>
  </member>
  <member name="M:System.Xaml.Schema.XamlTypeTypeConverter.ConvertFrom(System.ComponentModel.ITypeDescriptorContext,System.Globalization.CultureInfo,System.Object)">
    <parameter name="context">
      <attribute ctor="M:JetBrains.Annotations.CanBeNullAttribute.#ctor" />
    </parameter>
  </member>
  <member name="M:System.Xaml.Schema.XamlTypeTypeConverter.ConvertStringToXamlType(System.ComponentModel.ITypeDescriptorContext,System.String)">
    <parameter name="typeName">
      <attribute ctor="M:JetBrains.Annotations.NotNullAttribute.#ctor" />
    </parameter>
    <attribute ctor="M:JetBrains.Annotations.CanBeNullAttribute.#ctor" />
    <parameter name="context">
      <attribute ctor="M:JetBrains.Annotations.NotNullAttribute.#ctor" />
    </parameter>
  </member>
  <member name="M:System.Xaml.Schema.XamlTypeTypeConverter.ConvertTo(System.ComponentModel.ITypeDescriptorContext,System.Globalization.CultureInfo,System.Object,System.Type)">
    <parameter name="context">
      <attribute ctor="M:JetBrains.Annotations.CanBeNullAttribute.#ctor" />
    </parameter>
  </member>
  <member name="M:System.Xaml.Schema.XamlTypeTypeConverter.ConvertXamlTypeToString(System.ComponentModel.ITypeDescriptorContext,System.Xaml.XamlType)">
    <attribute ctor="M:JetBrains.Annotations.CanBeNullAttribute.#ctor" />
    <parameter name="xamlType">
      <attribute ctor="M:JetBrains.Annotations.NotNullAttribute.#ctor" />
    </parameter>
    <parameter name="context">
      <attribute ctor="M:JetBrains.Annotations.NotNullAttribute.#ctor" />
    </parameter>
  </member>
  <member name="M:System.Xaml.Schema.XamlTypeTypeConverter.GetService``1(System.ComponentModel.ITypeDescriptorContext)">
    <attribute ctor="M:JetBrains.Annotations.CanBeNullAttribute.#ctor" />
    <parameter name="context">
      <attribute ctor="M:JetBrains.Annotations.NotNullAttribute.#ctor" />
    </parameter>
  </member>
  <member name="M:System.Xaml.Schema.XamlValueConverter`1.Equals(System.Object)">
    <parameter name="obj">
      <attribute ctor="M:JetBrains.Annotations.CanBeNullAttribute.#ctor" />
    </parameter>
  </member>
  <member name="M:System.Xaml.Schema.XamlValueConverter`1.Equals(System.Xaml.Schema.XamlValueConverter{`0})">
    <parameter name="other">
      <attribute ctor="M:JetBrains.Annotations.CanBeNullAttribute.#ctor" />
    </parameter>
  </member>
  <member name="M:System.Xaml.XamlBackgroundReader.#ctor(System.Xaml.XamlReader)">
    <parameter name="wrappedReader">
      <attribute ctor="M:JetBrains.Annotations.NotNullAttribute.#ctor" />
    </parameter>
  </member>
  <member name="M:System.Xaml.XamlDeferringLoader.Load(System.Xaml.XamlReader,System.IServiceProvider)">
    <parameter name="serviceProvider">
      <attribute ctor="M:JetBrains.Annotations.NotNullAttribute.#ctor" />
    </parameter>
    <parameter name="xamlReader">
      <attribute ctor="M:JetBrains.Annotations.NotNullAttribute.#ctor" />
    </parameter>
    <attribute ctor="M:JetBrains.Annotations.CanBeNullAttribute.#ctor" />
  </member>
  <member name="M:System.Xaml.XamlDeferringLoader.Save(System.Object,System.IServiceProvider)">
    <parameter name="value">
      <attribute ctor="M:JetBrains.Annotations.NotNullAttribute.#ctor" />
    </parameter>
  </member>
  <member name="M:System.Xaml.XamlDirective.#ctor(System.Collections.Generic.IEnumerable{System.String},System.String,System.Xaml.XamlType,System.Xaml.Schema.XamlValueConverter{},System.Xaml.Schema.AllowedMemberLocations)">
    <parameter name="xamlType">
      <attribute ctor="M:JetBrains.Annotations.NotNullAttribute.#ctor" />
    </parameter>
    <parameter name="xamlNamespaces">
      <attribute ctor="M:JetBrains.Annotations.NotNullAttribute.#ctor" />
    </parameter>
  </member>
  <member name="M:System.Xaml.XamlDirective.#ctor(System.String,System.String)">
    <parameter name="xamlNamespace">
      <attribute ctor="M:JetBrains.Annotations.NotNullAttribute.#ctor" />
    </parameter>
  </member>
  <member name="M:System.Xaml.XamlDuplicateMemberException.#ctor(System.Runtime.Serialization.SerializationInfo,System.Runtime.Serialization.StreamingContext)">
    <parameter name="info">
      <attribute ctor="M:JetBrains.Annotations.NotNullAttribute.#ctor" />
    </parameter>
  </member>
  <member name="M:System.Xaml.XamlException.#ctor(System.Runtime.Serialization.SerializationInfo,System.Runtime.Serialization.StreamingContext)">
    <parameter name="info">
      <attribute ctor="M:JetBrains.Annotations.NotNullAttribute.#ctor" />
    </parameter>
  </member>
  <member name="M:System.Xaml.XamlInternalException.#ctor(System.Runtime.Serialization.SerializationInfo,System.Runtime.Serialization.StreamingContext)">
    <parameter name="info">
      <attribute ctor="M:JetBrains.Annotations.NotNullAttribute.#ctor" />
    </parameter>
  </member>
  <member name="M:System.Xaml.XamlMember.#ctor(System.Reflection.EventInfo,System.Xaml.XamlSchemaContext)">
    <parameter name="eventInfo">
      <attribute ctor="M:JetBrains.Annotations.NotNullAttribute.#ctor" />
    </parameter>
    <parameter name="schemaContext">
      <attribute ctor="M:JetBrains.Annotations.NotNullAttribute.#ctor" />
    </parameter>
  </member>
  <member name="M:System.Xaml.XamlMember.#ctor(System.Reflection.EventInfo,System.Xaml.XamlSchemaContext,System.Xaml.Schema.XamlMemberInvoker)">
    <parameter name="eventInfo">
      <attribute ctor="M:JetBrains.Annotations.NotNullAttribute.#ctor" />
    </parameter>
    <parameter name="schemaContext">
      <attribute ctor="M:JetBrains.Annotations.NotNullAttribute.#ctor" />
    </parameter>
  </member>
  <member name="M:System.Xaml.XamlMember.#ctor(System.Reflection.PropertyInfo,System.Xaml.XamlSchemaContext)">
    <parameter name="propertyInfo">
      <attribute ctor="M:JetBrains.Annotations.NotNullAttribute.#ctor" />
    </parameter>
    <parameter name="schemaContext">
      <attribute ctor="M:JetBrains.Annotations.NotNullAttribute.#ctor" />
    </parameter>
  </member>
  <member name="M:System.Xaml.XamlMember.#ctor(System.Reflection.PropertyInfo,System.Xaml.XamlSchemaContext,System.Xaml.Schema.XamlMemberInvoker)">
    <parameter name="propertyInfo">
      <attribute ctor="M:JetBrains.Annotations.NotNullAttribute.#ctor" />
    </parameter>
    <parameter name="schemaContext">
      <attribute ctor="M:JetBrains.Annotations.NotNullAttribute.#ctor" />
    </parameter>
  </member>
  <member name="M:System.Xaml.XamlMember.#ctor(System.String,System.Reflection.MethodInfo,System.Reflection.MethodInfo,System.Xaml.XamlSchemaContext)">
    <parameter name="attachablePropertyName">
      <attribute ctor="M:JetBrains.Annotations.NotNullAttribute.#ctor" />
    </parameter>
    <parameter name="schemaContext">
      <attribute ctor="M:JetBrains.Annotations.NotNullAttribute.#ctor" />
    </parameter>
  </member>
  <member name="M:System.Xaml.XamlMember.#ctor(System.String,System.Reflection.MethodInfo,System.Reflection.MethodInfo,System.Xaml.XamlSchemaContext,System.Xaml.Schema.XamlMemberInvoker)">
    <parameter name="attachablePropertyName">
      <attribute ctor="M:JetBrains.Annotations.NotNullAttribute.#ctor" />
    </parameter>
    <parameter name="schemaContext">
      <attribute ctor="M:JetBrains.Annotations.NotNullAttribute.#ctor" />
    </parameter>
  </member>
  <member name="M:System.Xaml.XamlMember.#ctor(System.String,System.Reflection.MethodInfo,System.Xaml.XamlSchemaContext)">
    <parameter name="attachableEventName">
      <attribute ctor="M:JetBrains.Annotations.NotNullAttribute.#ctor" />
    </parameter>
    <parameter name="adder">
      <attribute ctor="M:JetBrains.Annotations.NotNullAttribute.#ctor" />
    </parameter>
    <parameter name="schemaContext">
      <attribute ctor="M:JetBrains.Annotations.NotNullAttribute.#ctor" />
    </parameter>
  </member>
  <member name="M:System.Xaml.XamlMember.#ctor(System.String,System.Reflection.MethodInfo,System.Xaml.XamlSchemaContext,System.Xaml.Schema.XamlMemberInvoker)">
    <parameter name="attachableEventName">
      <attribute ctor="M:JetBrains.Annotations.NotNullAttribute.#ctor" />
    </parameter>
    <parameter name="adder">
      <attribute ctor="M:JetBrains.Annotations.NotNullAttribute.#ctor" />
    </parameter>
    <parameter name="schemaContext">
      <attribute ctor="M:JetBrains.Annotations.NotNullAttribute.#ctor" />
    </parameter>
  </member>
  <member name="M:System.Xaml.XamlMember.#ctor(System.String,System.Xaml.XamlType,System.Boolean)">
    <parameter name="name">
      <attribute ctor="M:JetBrains.Annotations.NotNullAttribute.#ctor" />
    </parameter>
    <parameter name="declaringType">
      <attribute ctor="M:JetBrains.Annotations.NotNullAttribute.#ctor" />
    </parameter>
  </member>
  <member name="M:System.Xaml.XamlMember.Equals(System.Object)">
    <parameter name="obj">
      <attribute ctor="M:JetBrains.Annotations.CanBeNullAttribute.#ctor" />
    </parameter>
  </member>
  <member name="M:System.Xaml.XamlMember.Equals(System.Xaml.XamlMember)">
    <parameter name="other">
      <attribute ctor="M:JetBrains.Annotations.CanBeNullAttribute.#ctor" />
    </parameter>
  </member>
  <member name="M:System.Xaml.XamlMember.GetXamlNamespaces">
    <attribute ctor="M:JetBrains.Annotations.NotNullAttribute.#ctor" />
  </member>
  <member name="M:System.Xaml.XamlMember.LookupCustomAttributeProvider">
    <attribute ctor="M:JetBrains.Annotations.CanBeNullAttribute.#ctor" />
  </member>
  <member name="M:System.Xaml.XamlMember.LookupDeferringLoader">
    <attribute ctor="M:JetBrains.Annotations.CanBeNullAttribute.#ctor" />
  </member>
  <member name="M:System.Xaml.XamlMember.LookupDependsOn">
    <attribute ctor="M:JetBrains.Annotations.CanBeNullAttribute.#ctor" />
  </member>
  <member name="M:System.Xaml.XamlMember.LookupInvoker">
    <attribute ctor="M:JetBrains.Annotations.CanBeNullAttribute.#ctor" />
  </member>
  <member name="M:System.Xaml.XamlMember.LookupTargetType">
    <attribute ctor="M:JetBrains.Annotations.CanBeNullAttribute.#ctor" />
  </member>
  <member name="M:System.Xaml.XamlMember.LookupUnderlyingGetter">
    <attribute ctor="M:JetBrains.Annotations.CanBeNullAttribute.#ctor" />
  </member>
  <member name="M:System.Xaml.XamlMember.LookupUnderlyingMember">
    <attribute ctor="M:JetBrains.Annotations.CanBeNullAttribute.#ctor" />
  </member>
  <member name="M:System.Xaml.XamlMember.LookupUnderlyingSetter">
    <attribute ctor="M:JetBrains.Annotations.CanBeNullAttribute.#ctor" />
  </member>
  <member name="M:System.Xaml.XamlMember.ToString">
    <attribute ctor="M:JetBrains.Annotations.NotNullAttribute.#ctor" />
  </member>
  <member name="M:System.Xaml.XamlNodeList.#ctor(System.Xaml.XamlSchemaContext)">
    <parameter name="schemaContext">
      <attribute ctor="M:JetBrains.Annotations.NotNullAttribute.#ctor" />
    </parameter>
  </member>
  <member name="M:System.Xaml.XamlNodeList.#ctor(System.Xaml.XamlSchemaContext,System.Int32)">
    <parameter name="schemaContext">
      <attribute ctor="M:JetBrains.Annotations.NotNullAttribute.#ctor" />
    </parameter>
  </member>
  <member name="M:System.Xaml.XamlNodeList.GetReader">
    <attribute ctor="M:JetBrains.Annotations.NotNullAttribute.#ctor" />
  </member>
  <member name="M:System.Xaml.XamlNodeQueue.#ctor(System.Xaml.XamlSchemaContext)">
    <parameter name="schemaContext">
      <attribute ctor="M:JetBrains.Annotations.NotNullAttribute.#ctor" />
    </parameter>
  </member>
  <member name="P:System.Xaml.XamlNodeQueue.Reader">
    <attribute ctor="M:JetBrains.Annotations.NotNullAttribute.#ctor" />
  </member>
  <member name="M:System.Xaml.XamlObjectEventArgs.#ctor(System.Object)">
    <parameter name="instance">
      <attribute ctor="M:JetBrains.Annotations.NotNullAttribute.#ctor" />
    </parameter>
  </member>
  <member name="M:System.Xaml.XamlObjectReader.#ctor(System.Object,System.Xaml.XamlSchemaContext)">
    <parameter name="schemaContext">
      <attribute ctor="M:JetBrains.Annotations.NotNullAttribute.#ctor" />
    </parameter>
  </member>
  <member name="M:System.Xaml.XamlObjectReader.#ctor(System.Object,System.Xaml.XamlSchemaContext,System.Xaml.XamlObjectReaderSettings)">
    <parameter name="schemaContext">
      <attribute ctor="M:JetBrains.Annotations.NotNullAttribute.#ctor" />
    </parameter>
  </member>
  <member name="M:System.Xaml.XamlObjectReader.MemberMarkupInfo.GetPropertyValueInfoInternal(System.Object,System.Windows.Markup.ValueSerializer,System.ComponentModel.TypeConverter,System.Boolean,System.Xaml.XamlMember,System.Xaml.XamlObjectReader.SerializerContext)">
    <parameter name="xamlProperty">
      <attribute ctor="M:JetBrains.Annotations.NotNullAttribute.#ctor" />
    </parameter>
    <parameter name="context">
      <attribute ctor="M:JetBrains.Annotations.NotNullAttribute.#ctor" />
    </parameter>
  </member>
  <member name="M:System.Xaml.XamlObjectReader.ObjectMarkupInfo.AddRecordConstructionMembers(System.Object,System.Xaml.XamlType,System.Xaml.XamlObjectReader.SerializerContext,System.ComponentModel.TypeConverter,System.Boolean@,System.Reflection.ParameterInfo[]@)">
    <parameter name="value">
      <attribute ctor="M:JetBrains.Annotations.NotNullAttribute.#ctor" />
    </parameter>
    <parameter name="valueXamlType">
      <attribute ctor="M:JetBrains.Annotations.NotNullAttribute.#ctor" />
    </parameter>
    <parameter name="context">
      <attribute ctor="M:JetBrains.Annotations.NotNullAttribute.#ctor" />
    </parameter>
  </member>
  <member name="M:System.Xaml.XamlObjectReader.ObjectMarkupInfo.AddRecordMembers(System.Object,System.Xaml.XamlObjectReader.SerializerContext,System.ComponentModel.TypeConverter)">
    <parameter name="value">
      <attribute ctor="M:JetBrains.Annotations.NotNullAttribute.#ctor" />
    </parameter>
    <parameter name="context">
      <attribute ctor="M:JetBrains.Annotations.NotNullAttribute.#ctor" />
    </parameter>
  </member>
  <member name="M:System.Xaml.XamlObjectReader.ObjectMarkupInfo.ConvertToInstanceDescriptor(System.Xaml.XamlObjectReader.SerializerContext,System.Object,System.ComponentModel.TypeConverter,System.Reflection.MemberInfo@,System.Collections.ICollection@,System.Boolean@)">
    <parameter name="context">
      <attribute ctor="M:JetBrains.Annotations.NotNullAttribute.#ctor" />
    </parameter>
  </member>
  <member name="M:System.Xaml.XamlObjectReader.ObjectMarkupInfo.ForObject(System.Object,System.Xaml.XamlObjectReader.SerializerContext,System.ComponentModel.TypeConverter,System.Boolean)">
    <parameter name="context">
      <attribute ctor="M:JetBrains.Annotations.NotNullAttribute.#ctor" />
    </parameter>
  </member>
  <member name="M:System.Xaml.XamlObjectReader.ObjectMarkupInfo.ForObjectInternal(System.Object,System.Xaml.XamlObjectReader.SerializerContext,System.ComponentModel.TypeConverter)">
    <attribute ctor="M:JetBrains.Annotations.NotNullAttribute.#ctor" />
    <parameter name="value">
      <attribute ctor="M:JetBrains.Annotations.NotNullAttribute.#ctor" />
    </parameter>
    <parameter name="context">
      <attribute ctor="M:JetBrains.Annotations.NotNullAttribute.#ctor" />
    </parameter>
  </member>
  <member name="M:System.Xaml.XamlObjectReader.ObjectMarkupInfo.TryGetInstanceDescriptorInfo(System.Object,System.Xaml.XamlObjectReader.SerializerContext,System.ComponentModel.TypeConverter,System.Reflection.MemberInfo@,System.Collections.ICollection@,System.Boolean@)">
    <parameter name="context">
      <attribute ctor="M:JetBrains.Annotations.NotNullAttribute.#ctor" />
    </parameter>
  </member>
  <member name="M:System.Xaml.XamlObjectReader.ObjectOrValueMarkupInfo.EnsureNoDuplicateNames(System.Collections.Generic.Stack{System.Xaml.XamlObjectReader.HashSet{System.String}})">
    <parameter name="namesInCurrentScope">
      <attribute ctor="M:JetBrains.Annotations.NotNullAttribute.#ctor" />
    </parameter>
  </member>
  <member name="M:System.Xaml.XamlObjectReader.SerializerContext.TryValueSerializeToString(System.Windows.Markup.ValueSerializer,System.ComponentModel.TypeConverter,System.Xaml.XamlObjectReader.SerializerContext,System.Object@)">
    <parameter name="context">
      <attribute ctor="M:JetBrains.Annotations.NotNullAttribute.#ctor" />
    </parameter>
  </member>
  <member name="M:System.Xaml.XamlObjectReader.TypeDescriptorAndValueSerializerContext.GetValueSerializerFor(System.ComponentModel.PropertyDescriptor)">
    <parameter name="propertyDescriptor">
      <attribute ctor="M:JetBrains.Annotations.NotNullAttribute.#ctor" />
    </parameter>
    <attribute ctor="M:JetBrains.Annotations.CanBeNullAttribute.#ctor" />
  </member>
  <member name="M:System.Xaml.XamlObjectReaderException.#ctor(System.Runtime.Serialization.SerializationInfo,System.Runtime.Serialization.StreamingContext)">
    <parameter name="info">
      <attribute ctor="M:JetBrains.Annotations.NotNullAttribute.#ctor" />
    </parameter>
  </member>
  <member name="M:System.Xaml.XamlObjectWriter.#ctor(System.Xaml.XamlSchemaContext)">
    <parameter name="schemaContext">
      <attribute ctor="M:JetBrains.Annotations.NotNullAttribute.#ctor" />
    </parameter>
  </member>
  <member name="M:System.Xaml.XamlObjectWriter.#ctor(System.Xaml.XamlSchemaContext,System.Xaml.XamlObjectWriterSettings)">
    <parameter name="schemaContext">
      <attribute ctor="M:JetBrains.Annotations.NotNullAttribute.#ctor" />
    </parameter>
  </member>
  <member name="M:System.Xaml.XamlObjectWriter.AddDependencyForUnresolvedChildren(System.Object,System.Xaml.XamlMember,System.Object,System.Xaml.XamlType,System.Boolean,System.Xaml.XamlSavedContext)">
    <parameter name="childThatHasUnresolvedChildren">
      <attribute ctor="M:JetBrains.Annotations.NotNullAttribute.#ctor" />
    </parameter>
  </member>
  <member name="M:System.Xaml.XamlObjectWriter.OnAfterBeginInit(System.Object)">
    <parameter name="value">
      <attribute ctor="M:JetBrains.Annotations.NotNullAttribute.#ctor" />
    </parameter>
  </member>
  <member name="M:System.Xaml.XamlObjectWriter.OnAfterEndInit(System.Object)">
    <parameter name="value">
      <attribute ctor="M:JetBrains.Annotations.NotNullAttribute.#ctor" />
    </parameter>
  </member>
  <member name="M:System.Xaml.XamlObjectWriter.OnAfterProperties(System.Object)">
    <parameter name="value">
      <attribute ctor="M:JetBrains.Annotations.NotNullAttribute.#ctor" />
    </parameter>
  </member>
  <member name="M:System.Xaml.XamlObjectWriter.OnBeforeProperties(System.Object)">
    <parameter name="value">
      <attribute ctor="M:JetBrains.Annotations.NotNullAttribute.#ctor" />
    </parameter>
  </member>
  <member name="M:System.Xaml.XamlObjectWriter.WithLineInfo(System.Xaml.XamlException)">
    <attribute ctor="M:JetBrains.Annotations.NotNullAttribute.#ctor" />
    <parameter name="ex">
      <attribute ctor="M:JetBrains.Annotations.NotNullAttribute.#ctor" />
    </parameter>
  </member>
  <member name="M:System.Xaml.XamlObjectWriterException.#ctor(System.Runtime.Serialization.SerializationInfo,System.Runtime.Serialization.StreamingContext)">
    <parameter name="info">
      <attribute ctor="M:JetBrains.Annotations.NotNullAttribute.#ctor" />
    </parameter>
  </member>
  <member name="M:System.Xaml.XamlObjectWriterSettings.#ctor(System.Xaml.XamlObjectWriterSettings)">
    <parameter name="settings">
      <attribute ctor="M:JetBrains.Annotations.NotNullAttribute.#ctor" />
    </parameter>
  </member>
  <member name="M:System.Xaml.XamlParseException.#ctor(System.Runtime.Serialization.SerializationInfo,System.Runtime.Serialization.StreamingContext)">
    <parameter name="info">
      <attribute ctor="M:JetBrains.Annotations.NotNullAttribute.#ctor" />
    </parameter>
  </member>
  <member name="M:System.Xaml.XamlReader.ReadSubtree">
    <attribute ctor="M:JetBrains.Annotations.NotNullAttribute.#ctor" />
  </member>
  <member name="M:System.Xaml.XamlSchemaContext.GetAllXamlNamespaces">
    <attribute ctor="M:JetBrains.Annotations.NotNullAttribute.#ctor" />
  </member>
  <member name="M:System.Xaml.XamlSchemaContext.GetAllXamlTypes(System.String)">
    <attribute ctor="M:JetBrains.Annotations.NotNullAttribute.#ctor" />
    <parameter name="xamlNamespace">
      <attribute ctor="M:JetBrains.Annotations.NotNullAttribute.#ctor" />
    </parameter>
  </member>
  <member name="M:System.Xaml.XamlSchemaContext.GetPreferredPrefix(System.String)">
    <parameter name="xmlns">
      <attribute ctor="M:JetBrains.Annotations.NotNullAttribute.#ctor" />
    </parameter>
  </member>
  <member name="M:System.Xaml.XamlSchemaContext.GetXamlDirective(System.String,System.String)">
    <parameter name="xamlNamespace">
      <attribute ctor="M:JetBrains.Annotations.NotNullAttribute.#ctor" />
    </parameter>
    <parameter name="name">
      <attribute ctor="M:JetBrains.Annotations.NotNullAttribute.#ctor" />
    </parameter>
  </member>
  <member name="M:System.Xaml.XamlSchemaContext.GetXamlType(System.String,System.String,System.Xaml.XamlType[])">
    <parameter name="xamlNamespace">
      <attribute ctor="M:JetBrains.Annotations.NotNullAttribute.#ctor" />
    </parameter>
    <parameter name="name">
      <attribute ctor="M:JetBrains.Annotations.NotNullAttribute.#ctor" />
    </parameter>
  </member>
  <member name="M:System.Xaml.XamlSchemaContext.GetXamlType(System.Type)">
    <parameter name="type">
      <attribute ctor="M:JetBrains.Annotations.NotNullAttribute.#ctor" />
    </parameter>
  </member>
  <member name="M:System.Xaml.XamlSchemaContext.GetXamlType(System.Xaml.Schema.XamlTypeName)">
    <parameter name="xamlTypeName">
      <attribute ctor="M:JetBrains.Annotations.NotNullAttribute.#ctor" />
    </parameter>
  </member>
  <member name="M:System.Xaml.XamlSchemaContext.OnAssemblyResolve(System.String)">
    <parameter name="assemblyName">
      <attribute ctor="M:JetBrains.Annotations.NotNullAttribute.#ctor" />
    </parameter>
  </member>
  <member name="M:System.Xaml.XamlSchemaContext.TryGetCompatibleXamlNamespace(System.String,System.String@)">
    <parameter name="xamlNamespace">
      <attribute ctor="M:JetBrains.Annotations.NotNullAttribute.#ctor" />
    </parameter>
  </member>
  <member name="M:System.Xaml.XamlSchemaException.#ctor(System.Runtime.Serialization.SerializationInfo,System.Runtime.Serialization.StreamingContext)">
    <parameter name="info">
      <attribute ctor="M:JetBrains.Annotations.NotNullAttribute.#ctor" />
    </parameter>
  </member>
  <member name="M:System.Xaml.XamlServices.Load(System.IO.Stream)">
    <parameter name="stream">
      <attribute ctor="M:JetBrains.Annotations.NotNullAttribute.#ctor" />
    </parameter>
  </member>
  <member name="M:System.Xaml.XamlServices.Load(System.IO.TextReader)">
    <parameter name="textReader">
      <attribute ctor="M:JetBrains.Annotations.NotNullAttribute.#ctor" />
    </parameter>
  </member>
  <member name="M:System.Xaml.XamlServices.Load(System.String)">
    <parameter name="fileName">
      <attribute ctor="M:JetBrains.Annotations.NotNullAttribute.#ctor" />
    </parameter>
  </member>
  <member name="M:System.Xaml.XamlServices.Load(System.Xaml.XamlReader)">
    <parameter name="xamlReader">
      <attribute ctor="M:JetBrains.Annotations.NotNullAttribute.#ctor" />
    </parameter>
  </member>
  <member name="M:System.Xaml.XamlServices.Load(System.Xml.XmlReader)">
    <parameter name="xmlReader">
      <attribute ctor="M:JetBrains.Annotations.NotNullAttribute.#ctor" />
    </parameter>
  </member>
  <member name="M:System.Xaml.XamlServices.Parse(System.String)">
    <parameter name="xaml">
      <attribute ctor="M:JetBrains.Annotations.NotNullAttribute.#ctor" />
    </parameter>
  </member>
  <member name="M:System.Xaml.XamlServices.Save(System.IO.Stream,System.Object)">
    <parameter name="stream">
      <attribute ctor="M:JetBrains.Annotations.NotNullAttribute.#ctor" />
    </parameter>
  </member>
  <member name="M:System.Xaml.XamlServices.Save(System.IO.TextWriter,System.Object)">
    <parameter name="writer">
      <attribute ctor="M:JetBrains.Annotations.NotNullAttribute.#ctor" />
    </parameter>
  </member>
  <member name="M:System.Xaml.XamlServices.Save(System.Object)">
    <attribute ctor="M:JetBrains.Annotations.NotNullAttribute.#ctor" />
  </member>
  <member name="M:System.Xaml.XamlServices.Save(System.String,System.Object)">
    <parameter name="fileName">
      <attribute ctor="M:JetBrains.Annotations.NotNullAttribute.#ctor" />
    </parameter>
  </member>
  <member name="M:System.Xaml.XamlServices.Save(System.Xaml.XamlWriter,System.Object)">
    <parameter name="writer">
      <attribute ctor="M:JetBrains.Annotations.NotNullAttribute.#ctor" />
    </parameter>
  </member>
  <member name="M:System.Xaml.XamlServices.Save(System.Xml.XmlWriter,System.Object)">
    <parameter name="writer">
      <attribute ctor="M:JetBrains.Annotations.NotNullAttribute.#ctor" />
    </parameter>
  </member>
  <member name="M:System.Xaml.XamlServices.Transform(System.Xaml.XamlReader,System.Xaml.XamlWriter)">
    <parameter name="xamlReader">
      <attribute ctor="M:JetBrains.Annotations.NotNullAttribute.#ctor" />
    </parameter>
    <parameter name="xamlWriter">
      <attribute ctor="M:JetBrains.Annotations.NotNullAttribute.#ctor" />
    </parameter>
  </member>
  <member name="M:System.Xaml.XamlServices.Transform(System.Xaml.XamlReader,System.Xaml.XamlWriter,System.Boolean)">
    <parameter name="xamlReader">
      <attribute ctor="M:JetBrains.Annotations.NotNullAttribute.#ctor" />
    </parameter>
    <parameter name="xamlWriter">
      <attribute ctor="M:JetBrains.Annotations.NotNullAttribute.#ctor" />
    </parameter>
  </member>
  <member name="M:System.Xaml.XamlType.#ctor(System.String,System.Collections.Generic.IList{System.Xaml.XamlType},System.Xaml.XamlSchemaContext)">
    <parameter name="typeName">
      <attribute ctor="M:JetBrains.Annotations.NotNullAttribute.#ctor" />
    </parameter>
    <parameter name="schemaContext">
      <attribute ctor="M:JetBrains.Annotations.NotNullAttribute.#ctor" />
    </parameter>
  </member>
  <member name="M:System.Xaml.XamlType.#ctor(System.String,System.String,System.Collections.Generic.IList{System.Xaml.XamlType},System.Xaml.XamlSchemaContext)">
    <parameter name="unknownTypeNamespace">
      <attribute ctor="M:JetBrains.Annotations.NotNullAttribute.#ctor" />
    </parameter>
    <parameter name="unknownTypeName">
      <attribute ctor="M:JetBrains.Annotations.NotNullAttribute.#ctor" />
    </parameter>
    <parameter name="schemaContext">
      <attribute ctor="M:JetBrains.Annotations.NotNullAttribute.#ctor" />
    </parameter>
  </member>
  <member name="M:System.Xaml.XamlType.#ctor(System.Type,System.Xaml.XamlSchemaContext)">
    <parameter name="underlyingType">
      <attribute ctor="M:JetBrains.Annotations.NotNullAttribute.#ctor" />
    </parameter>
    <parameter name="schemaContext">
      <attribute ctor="M:JetBrains.Annotations.NotNullAttribute.#ctor" />
    </parameter>
  </member>
  <member name="M:System.Xaml.XamlType.#ctor(System.Type,System.Xaml.XamlSchemaContext,System.Xaml.Schema.XamlTypeInvoker)">
    <parameter name="underlyingType">
      <attribute ctor="M:JetBrains.Annotations.NotNullAttribute.#ctor" />
    </parameter>
    <parameter name="schemaContext">
      <attribute ctor="M:JetBrains.Annotations.NotNullAttribute.#ctor" />
    </parameter>
  </member>
  <member name="P:System.Xaml.XamlType.AllowedContentTypes">
    <attribute ctor="M:JetBrains.Annotations.CanBeNullAttribute.#ctor" />
  </member>
  <member name="M:System.Xaml.XamlType.Equals(System.Object)">
    <parameter name="obj">
      <attribute ctor="M:JetBrains.Annotations.CanBeNullAttribute.#ctor" />
    </parameter>
  </member>
  <member name="M:System.Xaml.XamlType.Equals(System.Xaml.XamlType)">
    <parameter name="other">
      <attribute ctor="M:JetBrains.Annotations.CanBeNullAttribute.#ctor" />
    </parameter>
  </member>
  <member name="M:System.Xaml.XamlType.GetAliasedProperty(System.Xaml.XamlDirective)">
    <parameter name="directive">
      <attribute ctor="M:JetBrains.Annotations.NotNullAttribute.#ctor" />
    </parameter>
  </member>
  <member name="M:System.Xaml.XamlType.GetAllAttachableMembers">
    <attribute ctor="M:JetBrains.Annotations.NotNullAttribute.#ctor" />
  </member>
  <member name="M:System.Xaml.XamlType.GetAllMembers">
    <attribute ctor="M:JetBrains.Annotations.NotNullAttribute.#ctor" />
  </member>
  <member name="M:System.Xaml.XamlType.GetAttachableMember(System.String)">
    <parameter name="name">
      <attribute ctor="M:JetBrains.Annotations.NotNullAttribute.#ctor" />
    </parameter>
  </member>
  <member name="M:System.Xaml.XamlType.GetMember(System.String)">
    <parameter name="name">
      <attribute ctor="M:JetBrains.Annotations.NotNullAttribute.#ctor" />
    </parameter>
  </member>
  <member name="M:System.Xaml.XamlType.GetXamlNamespaces">
    <attribute ctor="M:JetBrains.Annotations.NotNullAttribute.#ctor" />
  </member>
  <member name="M:System.Xaml.XamlType.LookupAliasedProperty(System.Xaml.XamlDirective)">
    <parameter name="directive">
      <attribute ctor="M:JetBrains.Annotations.NotNullAttribute.#ctor" />
    </parameter>
  </member>
  <member name="M:System.Xaml.XamlType.LookupAllAttachableMembers">
    <attribute ctor="M:JetBrains.Annotations.CanBeNullAttribute.#ctor" />
  </member>
  <member name="M:System.Xaml.XamlType.LookupAllowedContentTypes">
    <attribute ctor="M:JetBrains.Annotations.NotNullAttribute.#ctor" />
  </member>
  <member name="M:System.Xaml.XamlType.LookupAttachableMember(System.String)">
    <parameter name="name">
      <attribute ctor="M:JetBrains.Annotations.NotNullAttribute.#ctor" />
    </parameter>
    <attribute ctor="M:JetBrains.Annotations.CanBeNullAttribute.#ctor" />
  </member>
  <member name="M:System.Xaml.XamlType.LookupCustomAttributeProvider">
    <attribute ctor="M:JetBrains.Annotations.CanBeNullAttribute.#ctor" />
  </member>
  <member name="M:System.Xaml.XamlType.LookupInvoker">
    <attribute ctor="M:JetBrains.Annotations.CanBeNullAttribute.#ctor" />
  </member>
  <member name="M:System.Xaml.XamlType.LookupMember(System.String,System.Boolean)">
    <parameter name="name">
      <attribute ctor="M:JetBrains.Annotations.NotNullAttribute.#ctor" />
    </parameter>
    <attribute ctor="M:JetBrains.Annotations.CanBeNullAttribute.#ctor" />
  </member>
  <member name="M:System.Xaml.XamlType.LookupSetMarkupExtensionHandler">
    <attribute ctor="M:JetBrains.Annotations.CanBeNullAttribute.#ctor" />
  </member>
  <member name="M:System.Xaml.XamlType.LookupSetTypeConverterHandler">
    <attribute ctor="M:JetBrains.Annotations.CanBeNullAttribute.#ctor" />
  </member>
  <member name="M:System.Xaml.XamlWriter.WriteNamespace(System.Xaml.NamespaceDeclaration)">
    <parameter name="namespaceDeclaration">
      <attribute ctor="M:JetBrains.Annotations.NotNullAttribute.#ctor" />
    </parameter>
  </member>
  <member name="M:System.Xaml.XamlWriter.WriteNode(System.Xaml.XamlReader)">
    <parameter name="reader">
      <attribute ctor="M:JetBrains.Annotations.NotNullAttribute.#ctor" />
    </parameter>
  </member>
  <member name="M:System.Xaml.XamlWriter.WriteStartMember(System.Xaml.XamlMember)">
    <parameter name="xamlMember">
      <attribute ctor="M:JetBrains.Annotations.NotNullAttribute.#ctor" />
    </parameter>
  </member>
  <member name="M:System.Xaml.XamlWriter.WriteStartObject(System.Xaml.XamlType)">
    <parameter name="type">
      <attribute ctor="M:JetBrains.Annotations.NotNullAttribute.#ctor" />
    </parameter>
  </member>
  <member name="M:System.Xaml.XamlWriter.WriteValue(System.Object)">
    <parameter name="value">
      <attribute ctor="M:JetBrains.Annotations.NotNullAttribute.#ctor" />
    </parameter>
  </member>
  <member name="M:System.Xaml.XamlXmlReader.#ctor(System.IO.Stream)">
    <parameter name="stream">
      <attribute ctor="M:JetBrains.Annotations.NotNullAttribute.#ctor" />
    </parameter>
  </member>
  <member name="M:System.Xaml.XamlXmlReader.#ctor(System.IO.Stream,System.Xaml.XamlSchemaContext)">
    <parameter name="stream">
      <attribute ctor="M:JetBrains.Annotations.NotNullAttribute.#ctor" />
    </parameter>
    <parameter name="schemaContext">
      <attribute ctor="M:JetBrains.Annotations.NotNullAttribute.#ctor" />
    </parameter>
  </member>
  <member name="M:System.Xaml.XamlXmlReader.#ctor(System.IO.Stream,System.Xaml.XamlSchemaContext,System.Xaml.XamlXmlReaderSettings)">
    <parameter name="stream">
      <attribute ctor="M:JetBrains.Annotations.NotNullAttribute.#ctor" />
    </parameter>
    <parameter name="schemaContext">
      <attribute ctor="M:JetBrains.Annotations.NotNullAttribute.#ctor" />
    </parameter>
  </member>
  <member name="M:System.Xaml.XamlXmlReader.#ctor(System.IO.Stream,System.Xaml.XamlXmlReaderSettings)">
    <parameter name="stream">
      <attribute ctor="M:JetBrains.Annotations.NotNullAttribute.#ctor" />
    </parameter>
  </member>
  <member name="M:System.Xaml.XamlXmlReader.#ctor(System.IO.TextReader)">
    <parameter name="textReader">
      <attribute ctor="M:JetBrains.Annotations.NotNullAttribute.#ctor" />
    </parameter>
  </member>
  <member name="M:System.Xaml.XamlXmlReader.#ctor(System.IO.TextReader,System.Xaml.XamlSchemaContext)">
    <parameter name="textReader">
      <attribute ctor="M:JetBrains.Annotations.NotNullAttribute.#ctor" />
    </parameter>
    <parameter name="schemaContext">
      <attribute ctor="M:JetBrains.Annotations.NotNullAttribute.#ctor" />
    </parameter>
  </member>
  <member name="M:System.Xaml.XamlXmlReader.#ctor(System.IO.TextReader,System.Xaml.XamlSchemaContext,System.Xaml.XamlXmlReaderSettings)">
    <parameter name="textReader">
      <attribute ctor="M:JetBrains.Annotations.NotNullAttribute.#ctor" />
    </parameter>
    <parameter name="schemaContext">
      <attribute ctor="M:JetBrains.Annotations.NotNullAttribute.#ctor" />
    </parameter>
  </member>
  <member name="M:System.Xaml.XamlXmlReader.#ctor(System.IO.TextReader,System.Xaml.XamlXmlReaderSettings)">
    <parameter name="textReader">
      <attribute ctor="M:JetBrains.Annotations.NotNullAttribute.#ctor" />
    </parameter>
  </member>
  <member name="M:System.Xaml.XamlXmlReader.#ctor(System.String)">
    <parameter name="fileName">
      <attribute ctor="M:JetBrains.Annotations.NotNullAttribute.#ctor" />
    </parameter>
  </member>
  <member name="M:System.Xaml.XamlXmlReader.#ctor(System.String,System.Xaml.XamlSchemaContext)">
    <parameter name="fileName">
      <attribute ctor="M:JetBrains.Annotations.NotNullAttribute.#ctor" />
    </parameter>
    <parameter name="schemaContext">
      <attribute ctor="M:JetBrains.Annotations.NotNullAttribute.#ctor" />
    </parameter>
  </member>
  <member name="M:System.Xaml.XamlXmlReader.#ctor(System.String,System.Xaml.XamlSchemaContext,System.Xaml.XamlXmlReaderSettings)">
    <parameter name="fileName">
      <attribute ctor="M:JetBrains.Annotations.NotNullAttribute.#ctor" />
    </parameter>
    <parameter name="schemaContext">
      <attribute ctor="M:JetBrains.Annotations.NotNullAttribute.#ctor" />
    </parameter>
  </member>
  <member name="M:System.Xaml.XamlXmlReader.#ctor(System.String,System.Xaml.XamlXmlReaderSettings)">
    <parameter name="fileName">
      <attribute ctor="M:JetBrains.Annotations.NotNullAttribute.#ctor" />
    </parameter>
  </member>
  <member name="M:System.Xaml.XamlXmlReader.#ctor(System.Xml.XmlReader)">
    <parameter name="xmlReader">
      <attribute ctor="M:JetBrains.Annotations.NotNullAttribute.#ctor" />
    </parameter>
  </member>
  <member name="M:System.Xaml.XamlXmlReader.#ctor(System.Xml.XmlReader,System.Xaml.XamlSchemaContext)">
    <parameter name="xmlReader">
      <attribute ctor="M:JetBrains.Annotations.NotNullAttribute.#ctor" />
    </parameter>
    <parameter name="schemaContext">
      <attribute ctor="M:JetBrains.Annotations.NotNullAttribute.#ctor" />
    </parameter>
  </member>
  <member name="M:System.Xaml.XamlXmlReader.#ctor(System.Xml.XmlReader,System.Xaml.XamlSchemaContext,System.Xaml.XamlXmlReaderSettings)">
    <parameter name="xmlReader">
      <attribute ctor="M:JetBrains.Annotations.NotNullAttribute.#ctor" />
    </parameter>
    <parameter name="schemaContext">
      <attribute ctor="M:JetBrains.Annotations.NotNullAttribute.#ctor" />
    </parameter>
  </member>
  <member name="M:System.Xaml.XamlXmlReader.#ctor(System.Xml.XmlReader,System.Xaml.XamlXmlReaderSettings)">
    <parameter name="xmlReader">
      <attribute ctor="M:JetBrains.Annotations.NotNullAttribute.#ctor" />
    </parameter>
  </member>
  <member name="M:System.Xaml.XamlXmlWriter.#ctor(System.IO.Stream,System.Xaml.XamlSchemaContext)">
    <parameter name="stream">
      <attribute ctor="M:JetBrains.Annotations.NotNullAttribute.#ctor" />
    </parameter>
    <parameter name="schemaContext">
      <attribute ctor="M:JetBrains.Annotations.NotNullAttribute.#ctor" />
    </parameter>
  </member>
  <member name="M:System.Xaml.XamlXmlWriter.#ctor(System.IO.Stream,System.Xaml.XamlSchemaContext,System.Xaml.XamlXmlWriterSettings)">
    <parameter name="stream">
      <attribute ctor="M:JetBrains.Annotations.NotNullAttribute.#ctor" />
    </parameter>
    <parameter name="schemaContext">
      <attribute ctor="M:JetBrains.Annotations.NotNullAttribute.#ctor" />
    </parameter>
  </member>
  <member name="M:System.Xaml.XamlXmlWriter.#ctor(System.IO.TextWriter,System.Xaml.XamlSchemaContext)">
    <parameter name="textWriter">
      <attribute ctor="M:JetBrains.Annotations.NotNullAttribute.#ctor" />
    </parameter>
    <parameter name="schemaContext">
      <attribute ctor="M:JetBrains.Annotations.NotNullAttribute.#ctor" />
    </parameter>
  </member>
  <member name="M:System.Xaml.XamlXmlWriter.#ctor(System.IO.TextWriter,System.Xaml.XamlSchemaContext,System.Xaml.XamlXmlWriterSettings)">
    <parameter name="textWriter">
      <attribute ctor="M:JetBrains.Annotations.NotNullAttribute.#ctor" />
    </parameter>
    <parameter name="schemaContext">
      <attribute ctor="M:JetBrains.Annotations.NotNullAttribute.#ctor" />
    </parameter>
  </member>
  <member name="M:System.Xaml.XamlXmlWriter.#ctor(System.Xml.XmlWriter,System.Xaml.XamlSchemaContext)">
    <parameter name="xmlWriter">
      <attribute ctor="M:JetBrains.Annotations.NotNullAttribute.#ctor" />
    </parameter>
    <parameter name="schemaContext">
      <attribute ctor="M:JetBrains.Annotations.NotNullAttribute.#ctor" />
    </parameter>
  </member>
  <member name="M:System.Xaml.XamlXmlWriter.#ctor(System.Xml.XmlWriter,System.Xaml.XamlSchemaContext,System.Xaml.XamlXmlWriterSettings)">
    <parameter name="xmlWriter">
      <attribute ctor="M:JetBrains.Annotations.NotNullAttribute.#ctor" />
    </parameter>
    <parameter name="schemaContext">
      <attribute ctor="M:JetBrains.Annotations.NotNullAttribute.#ctor" />
    </parameter>
  </member>
  <member name="P:System.Xaml.XamlXmlWriter.Settings">
    <attribute ctor="M:JetBrains.Annotations.NotNullAttribute.#ctor" />
  </member>
  <member name="M:System.Xaml.XamlXmlWriter.WriteValue(System.Object)">
    <parameter name="value">
      <attribute ctor="M:JetBrains.Annotations.CanBeNullAttribute.#ctor" />
    </parameter>
  </member>
  <member name="M:System.Xaml.XamlXmlWriterException.#ctor(System.Runtime.Serialization.SerializationInfo,System.Runtime.Serialization.StreamingContext)">
    <parameter name="info">
      <attribute ctor="M:JetBrains.Annotations.NotNullAttribute.#ctor" />
    </parameter>
  </member>
  <member name="M:System.Xaml.XamlXmlWriterSettings.Copy">
    <attribute ctor="M:JetBrains.Annotations.NotNullAttribute.#ctor" />
  </member>
</assembly>