﻿<?xml version="1.0" encoding="utf-8"?>
<assembly name="mscorlib, Version=2.0.0.0">
  <member name="M:System.Collections.Generic.IDictionary`2.Add(`0,`1)">
    <parameter name="key">
      <attribute ctor="M:JetBrains.Annotations.NotNullAttribute.#ctor" />
    </parameter>
  </member>
  <member name="M:System.Collections.Generic.IDictionary`2.ContainsKey(`0)">
    <parameter name="key">
      <attribute ctor="M:JetBrains.Annotations.NotNullAttribute.#ctor" />
    </parameter>
  </member>
  <member name="P:System.Collections.Generic.IDictionary`2.Item(`0)">
    <parameter name="key">
      <attribute ctor="M:JetBrains.Annotations.NotNullAttribute.#ctor" />
    </parameter>
  </member>
  <member name="M:System.Collections.Generic.IDictionary`2.Remove(`0)">
    <parameter name="key">
      <attribute ctor="M:JetBrains.Annotations.NotNullAttribute.#ctor" />
    </parameter>
  </member>
  <member name="M:System.Collections.Generic.IDictionary`2.TryGetValue(`0,`1@)">
    <parameter name="key">
      <attribute ctor="M:JetBrains.Annotations.NotNullAttribute.#ctor" />
    </parameter>
  </member>
  <member name="P:System.Collections.Generic.IEnumerator`1.Current">
    <attribute ctor="M:JetBrains.Annotations.CanBeNullAttribute.#ctor" />
  </member>
  <member name="M:System.Collections.Generic.IEqualityComparer`1.GetHashCode(`0)">
    <parameter name="obj">
      <attribute ctor="M:JetBrains.Annotations.NotNullAttribute.#ctor" />
    </parameter>
  </member>
  <member name="P:System.Collections.IEnumerator.Current">
    <attribute ctor="M:JetBrains.Annotations.CanBeNullAttribute.#ctor" />
  </member>
  <member name="M:System.Collections.IEqualityComparer.GetHashCode(System.Object)">
    <parameter name="obj">
      <attribute ctor="M:JetBrains.Annotations.NotNullAttribute.#ctor" />
    </parameter>
  </member>
  <member name="M:System.Collections.IHashCodeProvider.GetHashCode(System.Object)">
    <parameter name="obj">
      <attribute ctor="M:JetBrains.Annotations.NotNullAttribute.#ctor" />
    </parameter>
  </member>
  <member name="M:System.IConvertible.ToType(System.Type,System.IFormatProvider)">
    <parameter name="conversionType">
      <attribute ctor="M:JetBrains.Annotations.NotNullAttribute.#ctor" />
    </parameter>
    <attribute ctor="M:JetBrains.Annotations.NotNullAttribute.#ctor" />
  </member>
  <member name="M:System.IFormatProvider.GetFormat(System.Type)">
    <attribute ctor="M:JetBrains.Annotations.CanBeNullAttribute.#ctor" />
  </member>
</assembly>