﻿<?xml version="1.0" encoding="utf-8"?>
<assembly name="System.Data.Services.Design, Version=3.5.0.0">
  <member name="M:System.Data.Common.Utils.InternalBase.ToFullString">
    <attribute ctor="M:JetBrains.Annotations.NotNullAttribute.#ctor" />
  </member>
  <member name="M:System.Data.Common.Utils.Memoizer`2.Evaluate(`0)">
    <parameter name="arg">
      <attribute ctor="M:JetBrains.Annotations.NotNullAttribute.#ctor" />
    </parameter>
  </member>
  <member name="P:System.Data.EDesignRes.Culture">
    <attribute ctor="M:JetBrains.Annotations.CanBeNullAttribute.#ctor" />
  </member>
  <member name="M:System.Data.EDesignRes.GetString(System.String)">
    <attribute ctor="M:JetBrains.Annotations.CanBeNullAttribute.#ctor" />
    <parameter name="name">
      <attribute ctor="M:JetBrains.Annotations.NotNullAttribute.#ctor" />
    </parameter>
  </member>
  <member name="M:System.Data.EDesignRes.GetString(System.String,System.Object[])">
    <parameter name="name">
      <attribute ctor="M:JetBrains.Annotations.NotNullAttribute.#ctor" />
    </parameter>
    <attribute ctor="M:JetBrains.Annotations.CanBeNullAttribute.#ctor" />
  </member>
  <member name="P:System.Data.EntityModel.ClientApiGenerator.CompileUnit">
    <attribute ctor="M:JetBrains.Annotations.NotNullAttribute.#ctor" />
  </member>
  <member name="P:System.Data.EntityModel.ClientApiGenerator.FixUps">
    <attribute ctor="M:JetBrains.Annotations.NotNullAttribute.#ctor" />
  </member>
  <member name="M:System.Data.EntityModel.ClientApiGenerator.GenerateCode(System.Data.Services.Design.LazyTextWriterCreator)">
    <parameter name="target">
      <attribute ctor="M:JetBrains.Annotations.NotNullAttribute.#ctor" />
    </parameter>
  </member>
  <member name="M:System.Data.EntityModel.ClientApiGenerator.GetObjectNamespace(System.String)">
    <parameter name="csdlNamespaceName">
      <attribute ctor="M:JetBrains.Annotations.NotNullAttribute.#ctor" />
    </parameter>
  </member>
  <member name="M:System.Data.EntityModel.Emitters.AttributeEmitter.AddAttributeArguments(System.CodeDom.CodeAttributeDeclaration,System.Object[])">
    <parameter name="attribute">
      <attribute ctor="M:JetBrains.Annotations.NotNullAttribute.#ctor" />
    </parameter>
    <parameter name="arguments">
      <attribute ctor="M:JetBrains.Annotations.NotNullAttribute.#ctor" />
    </parameter>
  </member>
  <member name="M:System.Data.EntityModel.Emitters.AttributeEmitter.EmitPropertyAttributes(System.Data.EntityModel.Emitters.PropertyEmitter,System.CodeDom.CodeMemberProperty,System.Collections.Generic.List{System.CodeDom.CodeAttributeDeclaration})">
    <parameter name="emitter">
      <attribute ctor="M:JetBrains.Annotations.NotNullAttribute.#ctor" />
    </parameter>
    <parameter name="propertyDecl">
      <attribute ctor="M:JetBrains.Annotations.NotNullAttribute.#ctor" />
    </parameter>
  </member>
  <member name="M:System.Data.EntityModel.Emitters.AttributeEmitter.EmitSimpleAttribute(System.String,System.Object[])">
    <attribute ctor="M:JetBrains.Annotations.NotNullAttribute.#ctor" />
    <parameter name="arguments">
      <attribute ctor="M:JetBrains.Annotations.NotNullAttribute.#ctor" />
    </parameter>
  </member>
  <member name="M:System.Data.EntityModel.Emitters.AttributeEmitter.EmitTypeAttributes(System.Data.EntityModel.Emitters.EntityTypeEmitter,System.CodeDom.CodeTypeDeclaration)">
    <parameter name="emitter">
      <attribute ctor="M:JetBrains.Annotations.NotNullAttribute.#ctor" />
    </parameter>
    <parameter name="typeDecl">
      <attribute ctor="M:JetBrains.Annotations.NotNullAttribute.#ctor" />
    </parameter>
  </member>
  <member name="M:System.Data.EntityModel.Emitters.CommentEmitter.EmitComments(System.String[],System.CodeDom.CodeCommentStatementCollection,System.Boolean)">
    <parameter name="commentLines">
      <attribute ctor="M:JetBrains.Annotations.NotNullAttribute.#ctor" />
    </parameter>
    <parameter name="commentCollection">
      <attribute ctor="M:JetBrains.Annotations.NotNullAttribute.#ctor" />
    </parameter>
  </member>
  <member name="M:System.Data.EntityModel.Emitters.CommentEmitter.EmitOtherDocumentationComments(,System.CodeDom.CodeCommentStatementCollection)">
    <parameter name="commentCollection">
      <attribute ctor="M:JetBrains.Annotations.NotNullAttribute.#ctor" />
    </parameter>
  </member>
  <member name="M:System.Data.EntityModel.Emitters.CommentEmitter.EmitParamComments(System.CodeDom.CodeParameterDeclarationExpression,System.String,System.CodeDom.CodeCommentStatementCollection)">
    <parameter name="parameter">
      <attribute ctor="M:JetBrains.Annotations.NotNullAttribute.#ctor" />
    </parameter>
    <parameter name="commentCollection">
      <attribute ctor="M:JetBrains.Annotations.NotNullAttribute.#ctor" />
    </parameter>
  </member>
  <member name="M:System.Data.EntityModel.Emitters.CommentEmitter.EmitSummaryComments(,System.CodeDom.CodeCommentStatementCollection)">
    <parameter name="commentCollection">
      <attribute ctor="M:JetBrains.Annotations.NotNullAttribute.#ctor" />
    </parameter>
  </member>
  <member name="M:System.Data.EntityModel.Emitters.CommentEmitter.EmitSummaryComments(System.String,System.CodeDom.CodeCommentStatementCollection)">
    <parameter name="commentCollection">
      <attribute ctor="M:JetBrains.Annotations.NotNullAttribute.#ctor" />
    </parameter>
  </member>
  <member name="M:System.Data.EntityModel.Emitters.CommentEmitter.EmitSummaryComments(System.String[],System.CodeDom.CodeCommentStatementCollection)">
    <parameter name="commentCollection">
      <attribute ctor="M:JetBrains.Annotations.NotNullAttribute.#ctor" />
    </parameter>
    <parameter name="summaryComments">
      <attribute ctor="M:JetBrains.Annotations.NotNullAttribute.#ctor" />
    </parameter>
  </member>
  <member name="M:System.Data.EntityModel.Emitters.CommentEmitter.EmitXmlComments(System.String,System.String[],System.CodeDom.CodeCommentStatementCollection)">
    <parameter name="summaryComments">
      <attribute ctor="M:JetBrains.Annotations.NotNullAttribute.#ctor" />
    </parameter>
    <parameter name="commentCollection">
      <attribute ctor="M:JetBrains.Annotations.NotNullAttribute.#ctor" />
    </parameter>
  </member>
  <member name="M:System.Data.EntityModel.Emitters.CommentEmitter.GetFormattedLines(System.String,System.Boolean)">
    <attribute ctor="M:JetBrains.Annotations.NotNullAttribute.#ctor" />
    <parameter name="text">
      <attribute ctor="M:JetBrains.Annotations.NotNullAttribute.#ctor" />
    </parameter>
  </member>
  <member name="M:System.Data.EntityModel.Emitters.CommentEmitter.SplitIntoLines(System.String)">
    <attribute ctor="M:JetBrains.Annotations.NotNullAttribute.#ctor" />
  </member>
  <member name="M:System.Data.EntityModel.Emitters.ComplexTypeEmitter.EmitTypeAttributes(System.CodeDom.CodeTypeDeclaration)">
    <parameter name="typeDecl">
      <attribute ctor="M:JetBrains.Annotations.CanBeNullAttribute.#ctor" />
    </parameter>
  </member>
  <member name="M:System.Data.EntityModel.Emitters.Emitter.EmitExpressionDoesNotEqualNull(System.CodeDom.CodeExpression)">
    <attribute ctor="M:JetBrains.Annotations.NotNullAttribute.#ctor" />
  </member>
  <member name="M:System.Data.EntityModel.Emitters.Emitter.EmitExpressionEqualsNull(System.CodeDom.CodeExpression)">
    <attribute ctor="M:JetBrains.Annotations.NotNullAttribute.#ctor" />
  </member>
  <member name="M:System.Data.EntityModel.Emitters.EntityContainerEmitter.AddRootNamespaceField(System.CodeDom.CodeTypeDeclaration)">
    <parameter name="typeDecl">
      <attribute ctor="M:JetBrains.Annotations.NotNullAttribute.#ctor" />
    </parameter>
  </member>
  <member name="M:System.Data.EntityModel.Emitters.EntityContainerEmitter.CreateConstructors(System.CodeDom.CodeTypeDeclaration,System.Boolean,System.Boolean)">
    <parameter name="typeDecl">
      <attribute ctor="M:JetBrains.Annotations.NotNullAttribute.#ctor" />
    </parameter>
  </member>
  <member name="M:System.Data.EntityModel.Emitters.EntityContainerEmitter.CreateContextPartialMethods(System.CodeDom.CodeTypeDeclaration)">
    <parameter name="typeDecl">
      <attribute ctor="M:JetBrains.Annotations.NotNullAttribute.#ctor" />
    </parameter>
  </member>
  <member name="M:System.Data.EntityModel.Emitters.EntityContainerEmitter.CreateEntitySetAddObjectProperty()">
    <attribute ctor="M:JetBrains.Annotations.NotNullAttribute.#ctor" />
  </member>
  <member name="M:System.Data.EntityModel.Emitters.EntityContainerEmitter.CreateEntitySetField()">
    <attribute ctor="M:JetBrains.Annotations.NotNullAttribute.#ctor" />
  </member>
  <member name="M:System.Data.EntityModel.Emitters.EntityContainerEmitter.CreateEntitySetProperty()">
    <attribute ctor="M:JetBrains.Annotations.NotNullAttribute.#ctor" />
  </member>
  <member name="M:System.Data.EntityModel.Emitters.EntityContainerEmitter.CreateTypeMappingMethods(System.CodeDom.CodeTypeDeclaration,System.Boolean,System.Boolean)">
    <parameter name="typeDecl">
      <attribute ctor="M:JetBrains.Annotations.NotNullAttribute.#ctor" />
    </parameter>
  </member>
  <member name="M:System.Data.EntityModel.Emitters.EntityContainerEmitter.LanguageSpecificNamespace(System.String)">
    <attribute ctor="M:JetBrains.Annotations.NotNullAttribute.#ctor" />
  </member>
  <member name="M:System.Data.EntityModel.Emitters.EntityContainerEmitter.OnContextCreatedCodeMethodInvokeExpression">
    <attribute ctor="M:JetBrains.Annotations.NotNullAttribute.#ctor" />
  </member>
  <member name="M:System.Data.EntityModel.Emitters.FixUp.#ctor(System.String,System.Data.EntityModel.Emitters.FixUpType)">
    <parameter name="fqName">
      <attribute ctor="M:JetBrains.Annotations.NotNullAttribute.#ctor" />
    </parameter>
  </member>
  <member name="M:System.Data.EntityModel.Emitters.FixUp.CSMarkClassAsStatic(System.String)">
    <parameter name="line">
      <attribute ctor="M:JetBrains.Annotations.NotNullAttribute.#ctor" />
    </parameter>
  </member>
  <member name="M:System.Data.EntityModel.Emitters.FixUp.CSMarkMethodAsPartial(System.String)">
    <parameter name="line">
      <attribute ctor="M:JetBrains.Annotations.NotNullAttribute.#ctor" />
    </parameter>
  </member>
  <member name="M:System.Data.EntityModel.Emitters.FixUp.CSMarkOverrideMethodAsSealed(System.String)">
    <parameter name="line">
      <attribute ctor="M:JetBrains.Annotations.NotNullAttribute.#ctor" />
    </parameter>
  </member>
  <member name="M:System.Data.EntityModel.Emitters.FixUp.CSMarkPropertyGetAsInternal(System.String)">
    <parameter name="line">
      <attribute ctor="M:JetBrains.Annotations.NotNullAttribute.#ctor" />
    </parameter>
  </member>
  <member name="M:System.Data.EntityModel.Emitters.FixUp.CSMarkPropertyGetAsPrivate(System.String)">
    <parameter name="line">
      <attribute ctor="M:JetBrains.Annotations.NotNullAttribute.#ctor" />
    </parameter>
  </member>
  <member name="M:System.Data.EntityModel.Emitters.FixUp.CSMarkPropertyGetAsProtected(System.String)">
    <parameter name="line">
      <attribute ctor="M:JetBrains.Annotations.NotNullAttribute.#ctor" />
    </parameter>
  </member>
  <member name="M:System.Data.EntityModel.Emitters.FixUp.CSMarkPropertyGetAsPublic(System.String)">
    <parameter name="line">
      <attribute ctor="M:JetBrains.Annotations.NotNullAttribute.#ctor" />
    </parameter>
  </member>
  <member name="M:System.Data.EntityModel.Emitters.FixUp.CSMarkPropertySetAsInternal(System.String)">
    <parameter name="line">
      <attribute ctor="M:JetBrains.Annotations.NotNullAttribute.#ctor" />
    </parameter>
  </member>
  <member name="M:System.Data.EntityModel.Emitters.FixUp.CSMarkPropertySetAsPrivate(System.String)">
    <parameter name="line">
      <attribute ctor="M:JetBrains.Annotations.NotNullAttribute.#ctor" />
    </parameter>
  </member>
  <member name="M:System.Data.EntityModel.Emitters.FixUp.CSMarkPropertySetAsProtected(System.String)">
    <parameter name="line">
      <attribute ctor="M:JetBrains.Annotations.NotNullAttribute.#ctor" />
    </parameter>
  </member>
  <member name="M:System.Data.EntityModel.Emitters.FixUp.CSMarkPropertySetAsPublic(System.String)">
    <parameter name="line">
      <attribute ctor="M:JetBrains.Annotations.NotNullAttribute.#ctor" />
    </parameter>
  </member>
  <member name="M:System.Data.EntityModel.Emitters.FixUp.IndexOfKeyword(System.String,System.String)">
    <parameter name="line">
      <attribute ctor="M:JetBrains.Annotations.NotNullAttribute.#ctor" />
    </parameter>
    <parameter name="keyword">
      <attribute ctor="M:JetBrains.Annotations.NotNullAttribute.#ctor" />
    </parameter>
  </member>
  <member name="M:System.Data.EntityModel.Emitters.FixUp.InsertBefore(System.String,System.String,System.String)">
    <parameter name="line">
      <attribute ctor="M:JetBrains.Annotations.NotNullAttribute.#ctor" />
    </parameter>
    <parameter name="insertText">
      <attribute ctor="M:JetBrains.Annotations.NotNullAttribute.#ctor" />
    </parameter>
    <parameter name="searchText">
      <attribute ctor="M:JetBrains.Annotations.NotNullAttribute.#ctor" />
    </parameter>
  </member>
  <member name="M:System.Data.EntityModel.Emitters.FixUp.ReplaceFirst(System.String,System.String,System.String)">
    <parameter name="line">
      <attribute ctor="M:JetBrains.Annotations.NotNullAttribute.#ctor" />
    </parameter>
    <parameter name="str1">
      <attribute ctor="M:JetBrains.Annotations.NotNullAttribute.#ctor" />
    </parameter>
  </member>
  <member name="M:System.Data.EntityModel.Emitters.FixUp.VBMarkMethodAsPartial(System.String)">
    <parameter name="line">
      <attribute ctor="M:JetBrains.Annotations.NotNullAttribute.#ctor" />
    </parameter>
  </member>
  <member name="M:System.Data.EntityModel.Emitters.FixUp.VBMarkOverrideMethodAsSealed(System.String)">
    <parameter name="line">
      <attribute ctor="M:JetBrains.Annotations.NotNullAttribute.#ctor" />
    </parameter>
  </member>
  <member name="M:System.Data.EntityModel.Emitters.FixUp.VBMarkPropertyGetAsInternal(System.String)">
    <parameter name="line">
      <attribute ctor="M:JetBrains.Annotations.NotNullAttribute.#ctor" />
    </parameter>
  </member>
  <member name="M:System.Data.EntityModel.Emitters.FixUp.VBMarkPropertyGetAsPrivate(System.String)">
    <parameter name="line">
      <attribute ctor="M:JetBrains.Annotations.NotNullAttribute.#ctor" />
    </parameter>
  </member>
  <member name="M:System.Data.EntityModel.Emitters.FixUp.VBMarkPropertyGetAsProtected(System.String)">
    <parameter name="line">
      <attribute ctor="M:JetBrains.Annotations.NotNullAttribute.#ctor" />
    </parameter>
  </member>
  <member name="M:System.Data.EntityModel.Emitters.FixUp.VBMarkPropertyGetAsPublic(System.String)">
    <parameter name="line">
      <attribute ctor="M:JetBrains.Annotations.NotNullAttribute.#ctor" />
    </parameter>
  </member>
  <member name="M:System.Data.EntityModel.Emitters.FixUp.VBMarkPropertySetAsInternal(System.String)">
    <parameter name="line">
      <attribute ctor="M:JetBrains.Annotations.NotNullAttribute.#ctor" />
    </parameter>
  </member>
  <member name="M:System.Data.EntityModel.Emitters.FixUp.VBMarkPropertySetAsPrivate(System.String)">
    <parameter name="line">
      <attribute ctor="M:JetBrains.Annotations.NotNullAttribute.#ctor" />
    </parameter>
  </member>
  <member name="M:System.Data.EntityModel.Emitters.FixUp.VBMarkPropertySetAsProtected(System.String)">
    <parameter name="line">
      <attribute ctor="M:JetBrains.Annotations.NotNullAttribute.#ctor" />
    </parameter>
  </member>
  <member name="M:System.Data.EntityModel.Emitters.FixUp.VBMarkPropertySetAsPublic(System.String)">
    <parameter name="line">
      <attribute ctor="M:JetBrains.Annotations.NotNullAttribute.#ctor" />
    </parameter>
  </member>
  <member name="P:System.Data.EntityModel.Emitters.FixUpCollection.ClassFixUps">
    <attribute ctor="M:JetBrains.Annotations.NotNullAttribute.#ctor" />
  </member>
  <member name="M:System.Data.EntityModel.Emitters.FixUpCollection.CopyFile(System.IO.TextReader,System.IO.TextWriter)">
    <parameter name="reader">
      <attribute ctor="M:JetBrains.Annotations.NotNullAttribute.#ctor" />
    </parameter>
    <parameter name="writer">
      <attribute ctor="M:JetBrains.Annotations.NotNullAttribute.#ctor" />
    </parameter>
  </member>
  <member name="M:System.Data.EntityModel.Emitters.FixUpCollection.Do(System.IO.TextReader,System.IO.TextWriter,System.Data.Services.Design.LanguageOption,System.Boolean)">
    <parameter name="reader">
      <attribute ctor="M:JetBrains.Annotations.NotNullAttribute.#ctor" />
    </parameter>
    <parameter name="writer">
      <attribute ctor="M:JetBrains.Annotations.NotNullAttribute.#ctor" />
    </parameter>
  </member>
  <member name="M:System.Data.EntityModel.Emitters.FixUpCollection.DoFixUpsForCS(System.IO.TextReader,System.IO.TextWriter,System.Boolean)">
    <parameter name="reader">
      <attribute ctor="M:JetBrains.Annotations.NotNullAttribute.#ctor" />
    </parameter>
    <parameter name="writer">
      <attribute ctor="M:JetBrains.Annotations.NotNullAttribute.#ctor" />
    </parameter>
  </member>
  <member name="M:System.Data.EntityModel.Emitters.FixUpCollection.DoFixUpsForVB(System.IO.TextReader,System.IO.TextWriter)">
    <parameter name="reader">
      <attribute ctor="M:JetBrains.Annotations.NotNullAttribute.#ctor" />
    </parameter>
    <parameter name="writer">
      <attribute ctor="M:JetBrains.Annotations.NotNullAttribute.#ctor" />
    </parameter>
  </member>
  <member name="M:System.Data.EntityModel.Emitters.FixUpCollection.FixUpClassDecl(System.String,System.String)">
    <parameter name="className">
      <attribute ctor="M:JetBrains.Annotations.NotNullAttribute.#ctor" />
    </parameter>
  </member>
  <member name="M:System.Data.EntityModel.Emitters.FixUpCollection.FixUpGetter(System.String,System.String)">
    <attribute ctor="M:JetBrains.Annotations.CanBeNullAttribute.#ctor" />
    <parameter name="className">
      <attribute ctor="M:JetBrains.Annotations.NotNullAttribute.#ctor" />
    </parameter>
  </member>
  <member name="M:System.Data.EntityModel.Emitters.FixUpCollection.FixUpMethodDecl(System.String,System.String,System.String)">
    <parameter name="className">
      <attribute ctor="M:JetBrains.Annotations.NotNullAttribute.#ctor" />
    </parameter>
  </member>
  <member name="M:System.Data.EntityModel.Emitters.FixUpCollection.FixUpSetter(System.String,System.String)">
    <attribute ctor="M:JetBrains.Annotations.CanBeNullAttribute.#ctor" />
    <parameter name="className">
      <attribute ctor="M:JetBrains.Annotations.NotNullAttribute.#ctor" />
    </parameter>
  </member>
  <member name="M:System.Data.EntityModel.Emitters.FixUpCollection.GetCSDeclType(System.String,System.String@)">
    <parameter name="line">
      <attribute ctor="M:JetBrains.Annotations.NotNullAttribute.#ctor" />
    </parameter>
  </member>
  <member name="M:System.Data.EntityModel.Emitters.FixUpCollection.GetVBStatementType(System.Collections.Generic.Stack{System.Data.EntityModel.Emitters.FixUpCollection.VBStatementType},System.String,System.String@)">
    <parameter name="context">
      <attribute ctor="M:JetBrains.Annotations.NotNullAttribute.#ctor" />
    </parameter>
    <parameter name="line">
      <attribute ctor="M:JetBrains.Annotations.NotNullAttribute.#ctor" />
    </parameter>
  </member>
  <member name="M:System.Data.EntityModel.Emitters.FixUpCollection.IndexOfKeyword(System.String,System.String)">
    <parameter name="line">
      <attribute ctor="M:JetBrains.Annotations.NotNullAttribute.#ctor" />
    </parameter>
    <parameter name="keyword">
      <attribute ctor="M:JetBrains.Annotations.NotNullAttribute.#ctor" />
    </parameter>
  </member>
  <member name="M:System.Data.EntityModel.Emitters.FixUpCollection.IsClassWanted(System.String)">
    <parameter name="className">
      <attribute ctor="M:JetBrains.Annotations.NotNullAttribute.#ctor" />
    </parameter>
  </member>
  <member name="M:System.Data.EntityModel.Emitters.FixUpCollection.IsCSClassDefinition(System.String,System.String@)">
    <parameter name="line">
      <attribute ctor="M:JetBrains.Annotations.NotNullAttribute.#ctor" />
    </parameter>
  </member>
  <member name="M:System.Data.EntityModel.Emitters.FixUpCollection.LineIsVBBeginClassMethodProperty(System.String,System.String,System.String@)">
    <parameter name="line">
      <attribute ctor="M:JetBrains.Annotations.NotNullAttribute.#ctor" />
    </parameter>
    <parameter name="keyword">
      <attribute ctor="M:JetBrains.Annotations.NotNullAttribute.#ctor" />
    </parameter>
  </member>
  <member name="M:System.Data.EntityModel.Emitters.FixUpCollection.LineIsVBBeginSetterGetter(System.String,System.String)">
    <parameter name="line">
      <attribute ctor="M:JetBrains.Annotations.NotNullAttribute.#ctor" />
    </parameter>
    <parameter name="keyword">
      <attribute ctor="M:JetBrains.Annotations.NotNullAttribute.#ctor" />
    </parameter>
  </member>
  <member name="M:System.Data.EntityModel.Emitters.FixUpCollection.NormalizeForVB(System.String)">
    <attribute ctor="M:JetBrains.Annotations.NotNullAttribute.#ctor" />
    <parameter name="line">
      <attribute ctor="M:JetBrains.Annotations.NotNullAttribute.#ctor" />
    </parameter>
  </member>
  <member name="M:System.Data.EntityModel.Emitters.MetadataItemEmitter.GetAccessibilityCsdlStringFromMemberAttribute(System.CodeDom.MemberAttributes)">
    <attribute ctor="M:JetBrains.Annotations.NotNullAttribute.#ctor" />
  </member>
  <member name="M:System.Data.EntityModel.Emitters.NamespaceEmitter.AddElementNameToCache(,System.Collections.Generic.Dictionary{System.String,System.String})">
    <parameter name="cache">
      <attribute ctor="M:JetBrains.Annotations.NotNullAttribute.#ctor" />
    </parameter>
  </member>
  <member name="P:System.Data.EntityModel.Emitters.NamespaceEmitter.CompileUnit">
    <attribute ctor="M:JetBrains.Annotations.NotNullAttribute.#ctor" />
  </member>
  <member name="M:System.Data.EntityModel.Emitters.NamespaceEmitter.Emit(System.Collections.Generic.Dictionary{System.String,System.String},System.String,System.Collections.Generic.List{})">
    <parameter name="items">
      <attribute ctor="M:JetBrains.Annotations.NotNullAttribute.#ctor" />
    </parameter>
    <parameter name="usedClassName">
      <attribute ctor="M:JetBrains.Annotations.NotNullAttribute.#ctor" />
    </parameter>
  </member>
  <member name="M:System.Data.EntityModel.Emitters.NamespaceEmitter.TryAddNameToCache(System.String,System.String,System.Collections.Generic.Dictionary{System.String,System.String})">
    <parameter name="name">
      <attribute ctor="M:JetBrains.Annotations.NotNullAttribute.#ctor" />
    </parameter>
    <parameter name="cache">
      <attribute ctor="M:JetBrains.Annotations.NotNullAttribute.#ctor" />
    </parameter>
  </member>
  <member name="M:System.Data.EntityModel.Emitters.NavigationPropertyEmitter.EmitField(System.CodeDom.CodeTypeDeclaration,System.CodeDom.CodeTypeReference,System.Boolean)">
    <parameter name="typeDecl">
      <attribute ctor="M:JetBrains.Annotations.NotNullAttribute.#ctor" />
    </parameter>
  </member>
  <member name="M:System.Data.EntityModel.Emitters.NavigationPropertyEmitter.EmitGetMethod()">
    <attribute ctor="M:JetBrains.Annotations.NotNullAttribute.#ctor" />
  </member>
  <member name="M:System.Data.EntityModel.Emitters.NavigationPropertyEmitter.EmitNavigationProperty()">
    <attribute ctor="M:JetBrains.Annotations.NotNullAttribute.#ctor" />
  </member>
  <member name="M:System.Data.EntityModel.Emitters.NavigationPropertyEmitter.EmitNavigationProperty(System.CodeDom.CodeTypeDeclaration)">
    <parameter name="typeDecl">
      <attribute ctor="M:JetBrains.Annotations.NotNullAttribute.#ctor" />
    </parameter>
  </member>
  <member name="M:System.Data.EntityModel.Emitters.PropertyEmitter.AddGetterSetterFixUp(System.Data.EntityModel.Emitters.FixUpCollection,System.String,System.CodeDom.MemberAttributes,System.CodeDom.MemberAttributes,System.Boolean)">
    <parameter name="propertyFqName">
      <attribute ctor="M:JetBrains.Annotations.NotNullAttribute.#ctor" />
    </parameter>
    <parameter name="fixups">
      <attribute ctor="M:JetBrains.Annotations.NotNullAttribute.#ctor" />
    </parameter>
  </member>
  <member name="P:System.Data.EntityModel.Emitters.PropertyEmitter.ComplexPropertyInitializedFieldRef">
    <attribute ctor="M:JetBrains.Annotations.NotNullAttribute.#ctor" />
  </member>
  <member name="M:System.Data.EntityModel.Emitters.PropertyEmitter.DisallowReturnTypeChange(System.CodeDom.CodeTypeReference,System.CodeDom.CodeTypeReference)">
    <parameter name="newType">
      <attribute ctor="M:JetBrains.Annotations.NotNullAttribute.#ctor" />
    </parameter>
  </member>
  <member name="M:System.Data.EntityModel.Emitters.PropertyEmitter.EmitCustomAttributes(System.CodeDom.CodeMemberProperty,System.Collections.Generic.List{System.CodeDom.CodeAttributeDeclaration})">
    <parameter name="memberProperty">
      <attribute ctor="M:JetBrains.Annotations.NotNullAttribute.#ctor" />
    </parameter>
  </member>
  <member name="M:System.Data.EntityModel.Emitters.PropertyEmitter.EmitField(System.CodeDom.CodeTypeDeclaration,System.CodeDom.CodeTypeReference)">
    <parameter name="typeDecl">
      <attribute ctor="M:JetBrains.Annotations.NotNullAttribute.#ctor" />
    </parameter>
  </member>
  <member name="M:System.Data.EntityModel.Emitters.PropertyEmitter.EmitPropertyDeclaration(System.CodeDom.CodeTypeReference)">
    <attribute ctor="M:JetBrains.Annotations.NotNullAttribute.#ctor" />
  </member>
  <member name="M:System.Data.EntityModel.Emitters.PropertyEmitter.EmitPropertyDeclaration(System.CodeDom.MemberAttributes,System.CodeDom.CodeTypeReference,System.Boolean,System.Boolean)">
    <attribute ctor="M:JetBrains.Annotations.NotNullAttribute.#ctor" />
  </member>
  <member name="M:System.Data.EntityModel.Emitters.PropertyEmitter.EmitPropertyGetter(System.CodeDom.CodeMemberProperty,System.Collections.Generic.List{System.CodeDom.CodeStatement})">
    <parameter name="memberProperty">
      <attribute ctor="M:JetBrains.Annotations.NotNullAttribute.#ctor" />
    </parameter>
  </member>
  <member name="M:System.Data.EntityModel.Emitters.PropertyEmitter.EmitPropertyGetterBody(System.CodeDom.CodeStatementCollection)">
    <parameter name="statements">
      <attribute ctor="M:JetBrains.Annotations.NotNullAttribute.#ctor" />
    </parameter>
  </member>
  <member name="M:System.Data.EntityModel.Emitters.PropertyEmitter.EmitPropertyOnChangePartialMethods(System.CodeDom.CodeTypeDeclaration,System.CodeDom.CodeTypeReference)">
    <parameter name="typeDecl">
      <attribute ctor="M:JetBrains.Annotations.NotNullAttribute.#ctor" />
    </parameter>
  </member>
  <member name="M:System.Data.EntityModel.Emitters.PropertyEmitter.EmitPropertySetter(System.CodeDom.CodeMemberProperty,System.Collections.Generic.List{System.CodeDom.CodeStatement})">
    <parameter name="memberProperty">
      <attribute ctor="M:JetBrains.Annotations.NotNullAttribute.#ctor" />
    </parameter>
  </member>
  <member name="M:System.Data.EntityModel.Emitters.PropertyEmitter.EmitPropertySetterBody(System.CodeDom.CodeStatementCollection,System.Collections.Generic.List{System.CodeDom.CodeStatement})">
    <parameter name="statements">
      <attribute ctor="M:JetBrains.Annotations.NotNullAttribute.#ctor" />
    </parameter>
  </member>
  <member name="P:System.Data.EntityModel.Emitters.PropertyEmitter.FieldRef">
    <attribute ctor="M:JetBrains.Annotations.NotNullAttribute.#ctor" />
  </member>
  <member name="M:System.Data.EntityModel.Emitters.PropertyEmitter.GetCodeExpressionFromBinary(System.Object)">
    <attribute ctor="M:JetBrains.Annotations.NotNullAttribute.#ctor" />
    <parameter name="value">
      <attribute ctor="M:JetBrains.Annotations.NotNullAttribute.#ctor" />
    </parameter>
  </member>
  <member name="M:System.Data.EntityModel.Emitters.PropertyEmitter.GetCodeExpressionFromDateTimeDefaultValue(System.Object,)">
    <attribute ctor="M:JetBrains.Annotations.NotNullAttribute.#ctor" />
    <parameter name="value">
      <attribute ctor="M:JetBrains.Annotations.NotNullAttribute.#ctor" />
    </parameter>
  </member>
  <member name="M:System.Data.EntityModel.Emitters.PropertyEmitter.GetCodeExpressionFromGuid(System.Object)">
    <attribute ctor="M:JetBrains.Annotations.NotNullAttribute.#ctor" />
    <parameter name="value">
      <attribute ctor="M:JetBrains.Annotations.NotNullAttribute.#ctor" />
    </parameter>
  </member>
  <member name="M:System.Data.EntityModel.Emitters.PropertyEmitter.GetDefaultValueExpression()">
    <attribute ctor="M:JetBrains.Annotations.CanBeNullAttribute.#ctor" />
  </member>
  <member name="M:System.Data.EntityModel.Emitters.PropertyEmitter.GetEnumValue``1(``0)">
    <attribute ctor="M:JetBrains.Annotations.NotNullAttribute.#ctor" />
    <parameter name="value">
      <attribute ctor="M:JetBrains.Annotations.NotNullAttribute.#ctor" />
    </parameter>
  </member>
  <member name="M:System.Data.EntityModel.Emitters.PropertyEmitter.PropertyTypeReferences.#ctor(System.Data.EntityModel.Emitters.TypeReference,,)">
    <parameter name="typeReference">
      <attribute ctor="M:JetBrains.Annotations.NotNullAttribute.#ctor" />
    </parameter>
  </member>
  <member name="M:System.Data.EntityModel.Emitters.PropertyEmitter.PropertyTypeReferences.#ctor(System.Data.EntityModel.Emitters.TypeReference,,,System.Data.EntityModel.ClientApiGenerator)">
    <parameter name="typeReference">
      <attribute ctor="M:JetBrains.Annotations.NotNullAttribute.#ctor" />
    </parameter>
    <parameter name="generator">
      <attribute ctor="M:JetBrains.Annotations.NotNullAttribute.#ctor" />
    </parameter>
  </member>
  <member name="M:System.Data.EntityModel.Emitters.PropertyEmitter.PropertyTypeReferences.#ctor(System.Data.EntityModel.Emitters.TypeReference,,System.Data.EntityModel.ClientApiGenerator)">
    <parameter name="generator">
      <attribute ctor="M:JetBrains.Annotations.NotNullAttribute.#ctor" />
    </parameter>
    <parameter name="typeReference">
      <attribute ctor="M:JetBrains.Annotations.NotNullAttribute.#ctor" />
    </parameter>
  </member>
  <member name="M:System.Data.EntityModel.Emitters.PropertyEmitter.PropertyTypeReferences.GetCollectionTypeReference(System.Data.EntityModel.Emitters.TypeReference,System.CodeDom.CodeTypeReference,)">
    <parameter name="typeReference">
      <attribute ctor="M:JetBrains.Annotations.NotNullAttribute.#ctor" />
    </parameter>
  </member>
  <member name="M:System.Data.EntityModel.Emitters.PropertyEmitter.PropertyTypeReferences.GetCollectionTypeReferenceForBagSemantics(System.Data.EntityModel.Emitters.TypeReference,System.CodeDom.CodeTypeReference)">
    <attribute ctor="M:JetBrains.Annotations.NotNullAttribute.#ctor" />
    <parameter name="typeReference">
      <attribute ctor="M:JetBrains.Annotations.NotNullAttribute.#ctor" />
    </parameter>
  </member>
  <member name="M:System.Data.EntityModel.Emitters.PropertyEmitter.PropertyTypeReferences.GetCollectionTypeReferenceForListSemantics(System.Data.EntityModel.Emitters.TypeReference,System.CodeDom.CodeTypeReference)">
    <attribute ctor="M:JetBrains.Annotations.NotNullAttribute.#ctor" />
    <parameter name="typeReference">
      <attribute ctor="M:JetBrains.Annotations.NotNullAttribute.#ctor" />
    </parameter>
  </member>
  <member name="M:System.Data.EntityModel.Emitters.PropertyEmitterBase.Emit(System.CodeDom.CodeTypeDeclaration)">
    <parameter name="typeDecl">
      <attribute ctor="M:JetBrains.Annotations.NotNullAttribute.#ctor" />
    </parameter>
  </member>
  <member name="M:System.Data.EntityModel.Emitters.PropertyEmitterBase.EmitProperty(System.CodeDom.CodeTypeDeclaration)">
    <parameter name="typeDecl">
      <attribute ctor="M:JetBrains.Annotations.NotNullAttribute.#ctor" />
    </parameter>
  </member>
  <member name="M:System.Data.EntityModel.Emitters.SchemaTypeEmitter.AddInterfaces(System.String,System.CodeDom.CodeTypeDeclaration,System.Collections.Generic.List{System.Type})">
    <parameter name="typeDecl">
      <attribute ctor="M:JetBrains.Annotations.NotNullAttribute.#ctor" />
    </parameter>
  </member>
  <member name="M:System.Data.EntityModel.Emitters.SchemaTypeEmitter.AddMembers(System.String,System.CodeDom.CodeTypeDeclaration,System.Collections.Generic.List{System.CodeDom.CodeTypeMember})">
    <parameter name="typeDecl">
      <attribute ctor="M:JetBrains.Annotations.NotNullAttribute.#ctor" />
    </parameter>
  </member>
  <member name="M:System.Data.EntityModel.Emitters.SchemaTypeEmitter.EmitApiClass">
    <attribute ctor="M:JetBrains.Annotations.NotNullAttribute.#ctor" />
  </member>
  <member name="M:System.Data.EntityModel.Emitters.SchemaTypeEmitter.EmitTypeAttributes(System.CodeDom.CodeTypeDeclaration)">
    <parameter name="typeDecl">
      <attribute ctor="M:JetBrains.Annotations.NotNullAttribute.#ctor" />
    </parameter>
  </member>
  <member name="M:System.Data.EntityModel.Emitters.SchemaTypeEmitter.EmitTypeAttributes(System.String,System.CodeDom.CodeTypeDeclaration,System.Collections.Generic.List{System.CodeDom.CodeAttributeDeclaration})">
    <parameter name="typeDecl">
      <attribute ctor="M:JetBrains.Annotations.NotNullAttribute.#ctor" />
    </parameter>
  </member>
  <member name="M:System.Data.EntityModel.Emitters.SchemaTypeEmitter.SetTypeVisibility(System.CodeDom.CodeTypeDeclaration)">
    <parameter name="typeDecl">
      <attribute ctor="M:JetBrains.Annotations.NotNullAttribute.#ctor" />
    </parameter>
  </member>
  <member name="M:System.Data.EntityModel.Emitters.StructuredTypeEmitter.AssignBaseType(System.CodeDom.CodeTypeDeclaration,System.CodeDom.CodeTypeReference,System.CodeDom.CodeTypeReference)">
    <parameter name="baseType">
      <attribute ctor="M:JetBrains.Annotations.NotNullAttribute.#ctor" />
    </parameter>
    <parameter name="typeDecl">
      <attribute ctor="M:JetBrains.Annotations.NotNullAttribute.#ctor" />
    </parameter>
  </member>
  <member name="M:System.Data.EntityModel.Emitters.StructuredTypeEmitter.EmitFactoryMethod(System.CodeDom.CodeTypeDeclaration)">
    <parameter name="typeDecl">
      <attribute ctor="M:JetBrains.Annotations.NotNullAttribute.#ctor" />
    </parameter>
  </member>
  <member name="M:System.Data.EntityModel.Emitters.StructuredTypeEmitter.EmitProperties(System.CodeDom.CodeTypeDeclaration)">
    <parameter name="typeDecl">
      <attribute ctor="M:JetBrains.Annotations.NotNullAttribute.#ctor" />
    </parameter>
  </member>
  <member name="M:System.Data.EntityModel.Emitters.TypeReference.ComputeForType(System.Type)">
    <attribute ctor="M:JetBrains.Annotations.NotNullAttribute.#ctor" />
    <parameter name="type">
      <attribute ctor="M:JetBrains.Annotations.NotNullAttribute.#ctor" />
    </parameter>
  </member>
  <member name="M:System.Data.EntityModel.Emitters.TypeReference.ComputeFromString(System.Collections.Generic.KeyValuePair{System.String,System.Boolean})">
    <attribute ctor="M:JetBrains.Annotations.NotNullAttribute.#ctor" />
  </member>
  <member name="M:System.Data.EntityModel.Emitters.TypeReference.ComputeFromStringGeneric(System.Collections.Generic.KeyValuePair{System.String,System.CodeDom.CodeTypeReference})">
    <attribute ctor="M:JetBrains.Annotations.NotNullAttribute.#ctor" />
  </member>
  <member name="M:System.Data.EntityModel.Emitters.TypeReference.ComputeNullableForType(System.Type)">
    <attribute ctor="M:JetBrains.Annotations.NotNullAttribute.#ctor" />
  </member>
  <member name="M:System.Data.EntityModel.Emitters.TypeReference.ForType(System.Type,System.CodeDom.CodeTypeReference[])">
    <attribute ctor="M:JetBrains.Annotations.NotNullAttribute.#ctor" />
    <parameter name="generic">
      <attribute ctor="M:JetBrains.Annotations.NotNullAttribute.#ctor" />
    </parameter>
  </member>
  <member name="M:System.Data.EntityModel.Emitters.Utils.InitializeTypeReservedNames">
    <attribute ctor="M:JetBrains.Annotations.NotNullAttribute.#ctor" />
  </member>
  <member name="M:System.Data.EntityModel.Emitters.Utils.ShouldReserveName(System.Reflection.EventInfo)">
    <parameter name="member">
      <attribute ctor="M:JetBrains.Annotations.NotNullAttribute.#ctor" />
    </parameter>
  </member>
  <member name="M:System.Data.EntityModel.Emitters.Utils.ShouldReserveName(System.Reflection.FieldInfo)">
    <parameter name="member">
      <attribute ctor="M:JetBrains.Annotations.NotNullAttribute.#ctor" />
    </parameter>
  </member>
  <member name="M:System.Data.EntityModel.Emitters.Utils.ShouldReserveName(System.Reflection.MethodBase)">
    <parameter name="member">
      <attribute ctor="M:JetBrains.Annotations.NotNullAttribute.#ctor" />
    </parameter>
  </member>
  <member name="M:System.Data.EntityModel.Emitters.Utils.ShouldReserveName(System.Reflection.MethodBase,System.Boolean)">
    <parameter name="member">
      <attribute ctor="M:JetBrains.Annotations.NotNullAttribute.#ctor" />
    </parameter>
  </member>
  <member name="M:System.Data.EntityModel.Emitters.Utils.ShouldReserveName(System.Reflection.PropertyInfo)">
    <parameter name="member">
      <attribute ctor="M:JetBrains.Annotations.NotNullAttribute.#ctor" />
    </parameter>
  </member>
  <member name="M:System.Data.EntityModel.Emitters.Utils.SplitName(System.String)">
    <attribute ctor="M:JetBrains.Annotations.NotNullAttribute.#ctor" />
    <parameter name="name">
      <attribute ctor="M:JetBrains.Annotations.NotNullAttribute.#ctor" />
    </parameter>
  </member>
  <member name="M:System.Data.Metadata.Edm.TypeSystem.GetDefaultValue(System.Type)">
    <parameter name="type">
      <attribute ctor="M:JetBrains.Annotations.NotNullAttribute.#ctor" />
    </parameter>
  </member>
  <member name="M:System.Data.Services.Design.Common.EDesignUtil.ArgumentNull(System.String)">
    <attribute ctor="M:JetBrains.Annotations.NotNullAttribute.#ctor" />
  </member>
  <member name="M:System.Data.Services.Design.Common.EDesignUtil.ArgumentOutOfRange(System.String)">
    <attribute ctor="M:JetBrains.Annotations.NotNullAttribute.#ctor" />
  </member>
  <member name="M:System.Data.Services.Design.Common.EDesignUtil.CheckArgumentNull``1(``0,System.String)">
    <attribute ctor="M:JetBrains.Annotations.NotNullAttribute.#ctor" />
    <parameter name="value">
      <attribute ctor="M:JetBrains.Annotations.NotNullAttribute.#ctor" />
    </parameter>
  </member>
  <member name="M:System.Data.Services.Design.Common.EDesignUtil.CheckStringArgument(System.String,System.String)">
    <parameter name="value">
      <attribute ctor="M:JetBrains.Annotations.NotNullAttribute.#ctor" />
    </parameter>
  </member>
  <member name="M:System.Data.Services.Design.Common.EDesignUtil.InvalidOperation(System.String)">
    <attribute ctor="M:JetBrains.Annotations.NotNullAttribute.#ctor" />
  </member>
  <member name="M:System.Data.Services.Design.Common.EDesignUtil.InvalidStringArgument(System.String)">
    <attribute ctor="M:JetBrains.Annotations.NotNullAttribute.#ctor" />
  </member>
  <member name="M:System.Data.Services.Design.Common.UniqueIdentifierService.AdjustIdentifier(System.String)">
    <parameter name="identifier">
      <attribute ctor="M:JetBrains.Annotations.NotNullAttribute.#ctor" />
    </parameter>
  </member>
  <member name="M:System.Data.Services.Design.Common.UniqueIdentifierService.AdjustIdentifier(System.String,System.Object)">
    <parameter name="identifier">
      <attribute ctor="M:JetBrains.Annotations.NotNullAttribute.#ctor" />
    </parameter>
  </member>
  <member name="M:System.Data.Services.Design.EdmToObjectNamespaceMap.Add(System.String,System.String)">
    <parameter name="edmNamespace">
      <attribute ctor="M:JetBrains.Annotations.NotNullAttribute.#ctor" />
    </parameter>
    <parameter name="objectNamespace">
      <attribute ctor="M:JetBrains.Annotations.NotNullAttribute.#ctor" />
    </parameter>
  </member>
  <member name="M:System.Data.Services.Design.EdmToObjectNamespaceMap.Contains(System.String)">
    <parameter name="edmNamespace">
      <attribute ctor="M:JetBrains.Annotations.NotNullAttribute.#ctor" />
    </parameter>
  </member>
  <member name="P:System.Data.Services.Design.EdmToObjectNamespaceMap.EdmNamespaces">
    <attribute ctor="M:JetBrains.Annotations.NotNullAttribute.#ctor" />
  </member>
  <member name="P:System.Data.Services.Design.EdmToObjectNamespaceMap.Item(System.String)">
    <parameter name="edmNamespace">
      <attribute ctor="M:JetBrains.Annotations.NotNullAttribute.#ctor" />
    </parameter>
  </member>
  <member name="M:System.Data.Services.Design.EdmToObjectNamespaceMap.Remove(System.String)">
    <parameter name="edmNamespace">
      <attribute ctor="M:JetBrains.Annotations.NotNullAttribute.#ctor" />
    </parameter>
  </member>
  <member name="M:System.Data.Services.Design.EdmToObjectNamespaceMap.TryGetObjectNamespace(System.String,System.String@)">
    <parameter name="edmNamespace">
      <attribute ctor="M:JetBrains.Annotations.NotNullAttribute.#ctor" />
    </parameter>
  </member>
  <member name="M:System.Data.Services.Design.EntityClassGenerator.GenerateCode(System.Xml.XmlReader,System.Data.Services.Design.LazyTextWriterCreator,System.String)">
    <parameter name="sourceReader">
      <attribute ctor="M:JetBrains.Annotations.NotNullAttribute.#ctor" />
    </parameter>
    <attribute ctor="M:JetBrains.Annotations.NotNullAttribute.#ctor" />
    <parameter name="target">
      <attribute ctor="M:JetBrains.Annotations.NotNullAttribute.#ctor" />
    </parameter>
  </member>
  <member name="M:System.Data.Services.Design.EntityClassGenerator.GenerateCode(System.Xml.XmlReader,System.IO.TextWriter,System.String)">
    <attribute ctor="M:JetBrains.Annotations.NotNullAttribute.#ctor" />
    <parameter name="sourceReader">
      <attribute ctor="M:JetBrains.Annotations.NotNullAttribute.#ctor" />
    </parameter>
  </member>
  <member name="M:System.Data.Services.Design.EntityClassGenerator.GenerateCode(System.Xml.XmlReader,System.String)">
    <attribute ctor="M:JetBrains.Annotations.NotNullAttribute.#ctor" />
    <parameter name="targetFilePath">
      <attribute ctor="M:JetBrains.Annotations.NotNullAttribute.#ctor" />
    </parameter>
    <parameter name="sourceReader">
      <attribute ctor="M:JetBrains.Annotations.NotNullAttribute.#ctor" />
    </parameter>
  </member>
  <member name="M:System.Data.Services.Design.EntityUtil.Argument(System.String,System.String)">
    <attribute ctor="M:JetBrains.Annotations.NotNullAttribute.#ctor" />
  </member>
  <member name="M:System.Data.Services.Design.EntityUtil.ArgumentNull(System.String)">
    <attribute ctor="M:JetBrains.Annotations.NotNullAttribute.#ctor" />
  </member>
  <member name="M:System.Data.Services.Design.EntityUtil.CheckStringArgument(System.String,System.String)">
    <parameter name="value">
      <attribute ctor="M:JetBrains.Annotations.NotNullAttribute.#ctor" />
    </parameter>
  </member>
  <member name="M:System.Data.Services.Design.EntityUtil.InvalidStringArgument(System.String)">
    <attribute ctor="M:JetBrains.Annotations.NotNullAttribute.#ctor" />
  </member>
  <member name="M:System.Data.Services.Design.Error.ArgumentNull(System.String)">
    <attribute ctor="M:JetBrains.Annotations.NotNullAttribute.#ctor" />
  </member>
  <member name="M:System.Data.Services.Design.Error.ArgumentOutOfRange(System.String)">
    <attribute ctor="M:JetBrains.Annotations.NotNullAttribute.#ctor" />
  </member>
  <member name="M:System.Data.Services.Design.Error.NotImplemented">
    <attribute ctor="M:JetBrains.Annotations.NotNullAttribute.#ctor" />
  </member>
  <member name="M:System.Data.Services.Design.Error.NotSupported">
    <attribute ctor="M:JetBrains.Annotations.NotNullAttribute.#ctor" />
  </member>
  <member name="M:System.Data.Services.Design.LazyTextWriterCreator.GetOrCreateTextWriter">
    <attribute ctor="M:JetBrains.Annotations.NotNullAttribute.#ctor" />
  </member>
  <member name="M:System.Data.Services.Design.Strings.CannotChangePropertyReturnType(System.Object,System.Object)">
    <attribute ctor="M:JetBrains.Annotations.CanBeNullAttribute.#ctor" />
  </member>
  <member name="M:System.Data.Services.Design.Strings.CannotChangePropertyReturnTypeToNull(System.Object,System.Object)">
    <attribute ctor="M:JetBrains.Annotations.CanBeNullAttribute.#ctor" />
  </member>
  <member name="M:System.Data.Services.Design.Strings.CtorSummaryComment(System.Object)">
    <attribute ctor="M:JetBrains.Annotations.CanBeNullAttribute.#ctor" />
  </member>
  <member name="M:System.Data.Services.Design.Strings.DuplicateClassName(System.Object,System.Object,System.Object)">
    <attribute ctor="M:JetBrains.Annotations.CanBeNullAttribute.#ctor" />
  </member>
  <member name="M:System.Data.Services.Design.Strings.EntitySetExistsWithDifferentCase(System.Object)">
    <attribute ctor="M:JetBrains.Annotations.CanBeNullAttribute.#ctor" />
  </member>
  <member name="M:System.Data.Services.Design.Strings.EntityTypeAndSetAccessibilityConflict(System.Object,System.Object,System.Object,System.Object)">
    <attribute ctor="M:JetBrains.Annotations.CanBeNullAttribute.#ctor" />
  </member>
  <member name="M:System.Data.Services.Design.Strings.FactoryMethodSummaryComment(System.Object)">
    <attribute ctor="M:JetBrains.Annotations.CanBeNullAttribute.#ctor" />
  </member>
  <member name="M:System.Data.Services.Design.Strings.FactoryParamCommentGeneral(System.Object)">
    <attribute ctor="M:JetBrains.Annotations.CanBeNullAttribute.#ctor" />
  </member>
  <member name="M:System.Data.Services.Design.Strings.GeneratedFactoryMethodNameConflict(System.Object,System.Object)">
    <attribute ctor="M:JetBrains.Annotations.CanBeNullAttribute.#ctor" />
  </member>
  <member name="M:System.Data.Services.Design.Strings.GeneratedPropertyAccessibilityConflict(System.Object,System.Object,System.Object)">
    <attribute ctor="M:JetBrains.Annotations.CanBeNullAttribute.#ctor" />
  </member>
  <member name="M:System.Data.Services.Design.Strings.InvalidAttributeSuppliedForProperty(System.Object)">
    <attribute ctor="M:JetBrains.Annotations.CanBeNullAttribute.#ctor" />
  </member>
  <member name="M:System.Data.Services.Design.Strings.InvalidAttributeSuppliedForType(System.Object)">
    <attribute ctor="M:JetBrains.Annotations.CanBeNullAttribute.#ctor" />
  </member>
  <member name="M:System.Data.Services.Design.Strings.InvalidGetStatementSuppliedForProperty(System.Object)">
    <attribute ctor="M:JetBrains.Annotations.CanBeNullAttribute.#ctor" />
  </member>
  <member name="M:System.Data.Services.Design.Strings.InvalidInterfaceSuppliedForType(System.Object)">
    <attribute ctor="M:JetBrains.Annotations.CanBeNullAttribute.#ctor" />
  </member>
  <member name="M:System.Data.Services.Design.Strings.InvalidMemberSuppliedForType(System.Object)">
    <attribute ctor="M:JetBrains.Annotations.CanBeNullAttribute.#ctor" />
  </member>
  <member name="M:System.Data.Services.Design.Strings.InvalidSetStatementSuppliedForProperty(System.Object)">
    <attribute ctor="M:JetBrains.Annotations.CanBeNullAttribute.#ctor" />
  </member>
  <member name="M:System.Data.Services.Design.Strings.InvalidStringArgument(System.Object)">
    <attribute ctor="M:JetBrains.Annotations.CanBeNullAttribute.#ctor" />
  </member>
  <member name="M:System.Data.Services.Design.Strings.MissingComplexTypeDocumentation(System.Object)">
    <attribute ctor="M:JetBrains.Annotations.CanBeNullAttribute.#ctor" />
  </member>
  <member name="M:System.Data.Services.Design.Strings.MissingDocumentation(System.Object)">
    <attribute ctor="M:JetBrains.Annotations.CanBeNullAttribute.#ctor" />
  </member>
  <member name="P:System.Data.Services.Design.Strings.MissingDocumentationNoName">
    <attribute ctor="M:JetBrains.Annotations.CanBeNullAttribute.#ctor" />
  </member>
  <member name="M:System.Data.Services.Design.Strings.MissingPropertyDocumentation(System.Object)">
    <attribute ctor="M:JetBrains.Annotations.CanBeNullAttribute.#ctor" />
  </member>
  <member name="M:System.Data.Services.Design.Strings.NamespaceComments(System.Object,System.Object)">
    <attribute ctor="M:JetBrains.Annotations.CanBeNullAttribute.#ctor" />
  </member>
  <member name="M:System.Data.Services.Design.Strings.PropertyExistsWithDifferentCase(System.Object)">
    <attribute ctor="M:JetBrains.Annotations.CanBeNullAttribute.#ctor" />
  </member>
  <member name="P:System.Data.Services.Design.Strings.TypeMapperDescription">
    <attribute ctor="M:JetBrains.Annotations.CanBeNullAttribute.#ctor" />
  </member>
</assembly>