﻿<?xml version="1.0" encoding="utf-8"?>
<assembly name="System.Web.Entity, Version=3.5.0.0">
  <member name="P:System.Web.UI.WebControls.EntityDataSource.CommandParameters">
    <attribute ctor="M:JetBrains.Annotations.NotNullAttribute.#ctor" />
  </member>
  <member name="M:System.Web.UI.WebControls.EntityDataSource.CreateObjectParametersFromParameterCollection(System.Web.UI.WebControls.ParameterCollection)">
    <attribute ctor="M:JetBrains.Annotations.NotNullAttribute.#ctor" />
    <parameter name="paramColl">
      <attribute ctor="M:JetBrains.Annotations.NotNullAttribute.#ctor" />
    </parameter>
  </member>
  <member name="P:System.Web.UI.WebControls.EntityDataSource.DeleteParameters">
    <attribute ctor="M:JetBrains.Annotations.NotNullAttribute.#ctor" />
  </member>
  <member name="M:System.Web.UI.WebControls.EntityDataSource.GetCommandParameters">
    <attribute ctor="M:JetBrains.Annotations.NotNullAttribute.#ctor" />
  </member>
  <member name="M:System.Web.UI.WebControls.EntityDataSource.GetOrderByParameters">
    <attribute ctor="M:JetBrains.Annotations.NotNullAttribute.#ctor" />
  </member>
  <member name="M:System.Web.UI.WebControls.EntityDataSource.GetSelectParameters">
    <attribute ctor="M:JetBrains.Annotations.NotNullAttribute.#ctor" />
  </member>
  <member name="M:System.Web.UI.WebControls.EntityDataSource.GetView(System.String)">
    <parameter name="viewName">
      <attribute ctor="M:JetBrains.Annotations.CanBeNullAttribute.#ctor" />
    </parameter>
    <attribute ctor="M:JetBrains.Annotations.NotNullAttribute.#ctor" />
  </member>
  <member name="M:System.Web.UI.WebControls.EntityDataSource.GetViewNames">
    <attribute ctor="M:JetBrains.Annotations.NotNullAttribute.#ctor" />
  </member>
  <member name="M:System.Web.UI.WebControls.EntityDataSource.GetWhereParameters">
    <attribute ctor="M:JetBrains.Annotations.NotNullAttribute.#ctor" />
  </member>
  <member name="P:System.Web.UI.WebControls.EntityDataSource.InsertParameters">
    <attribute ctor="M:JetBrains.Annotations.NotNullAttribute.#ctor" />
  </member>
  <member name="M:System.Web.UI.WebControls.EntityDataSource.OnInit(System.EventArgs)">
    <parameter name="e">
      <attribute ctor="M:JetBrains.Annotations.CanBeNullAttribute.#ctor" />
    </parameter>
  </member>
  <member name="P:System.Web.UI.WebControls.EntityDataSource.OrderByParameters">
    <attribute ctor="M:JetBrains.Annotations.NotNullAttribute.#ctor" />
  </member>
  <member name="M:System.Web.UI.WebControls.EntityDataSource.SaveControlState">
    <attribute ctor="M:JetBrains.Annotations.NotNullAttribute.#ctor" />
  </member>
  <member name="P:System.Web.UI.WebControls.EntityDataSource.SelectParameters">
    <attribute ctor="M:JetBrains.Annotations.NotNullAttribute.#ctor" />
  </member>
  <member name="P:System.Web.UI.WebControls.EntityDataSource.UpdateParameters">
    <attribute ctor="M:JetBrains.Annotations.NotNullAttribute.#ctor" />
  </member>
  <member name="P:System.Web.UI.WebControls.EntityDataSource.View">
    <attribute ctor="M:JetBrains.Annotations.NotNullAttribute.#ctor" />
  </member>
  <member name="P:System.Web.UI.WebControls.EntityDataSource.WhereParameters">
    <attribute ctor="M:JetBrains.Annotations.NotNullAttribute.#ctor" />
  </member>
  <member name="M:System.Web.UI.WebControls.EntityDataSourceColumn.GetValue(System.Web.UI.WebControls.EntityDataSourceWrapper)">
    <parameter name="wrapper">
      <attribute ctor="M:JetBrains.Annotations.NotNullAttribute.#ctor" />
    </parameter>
  </member>
  <member name="M:System.Web.UI.WebControls.EntityDataSourceColumn.SetValue(System.Web.UI.WebControls.EntityDataSourceWrapper,System.Object)">
    <parameter name="wrapper">
      <attribute ctor="M:JetBrains.Annotations.NotNullAttribute.#ctor" />
    </parameter>
  </member>
  <member name="M:System.Web.UI.WebControls.EntityDataSourceObjectQueryBuilder.Create(System.Web.UI.DataSourceSelectArguments,System.String,[],System.String,[],System.String,System.String,System.String,[],System.Web.UI.WebControls.OrderByBuilder,System.String)">
    <attribute ctor="M:JetBrains.Annotations.NotNullAttribute.#ctor" />
  </member>
  <member name="M:System.Web.UI.WebControls.EntityDataSourceQueryBuilder`1.Execute()">
    <parameter name="queryT">
      <attribute ctor="M:JetBrains.Annotations.NotNullAttribute.#ctor" />
    </parameter>
    <attribute ctor="M:JetBrains.Annotations.CanBeNullAttribute.#ctor" />
  </member>
  <member name="M:System.Web.UI.WebControls.EntityDataSourceRecordQueryBuilder.Create(System.Web.UI.DataSourceSelectArguments,System.String,[],System.String,[],System.String,System.String,System.String,[],System.Web.UI.WebControls.OrderByBuilder,System.String)">
    <attribute ctor="M:JetBrains.Annotations.NotNullAttribute.#ctor" />
  </member>
  <member name="M:System.Web.UI.WebControls.EntityDataSourceReferenceGroup.SetKeyValues(System.Web.UI.WebControls.EntityDataSourceWrapper,System.Collections.Generic.Dictionary{System.String,System.Object})">
    <parameter name="wrapper">
      <attribute ctor="M:JetBrains.Annotations.NotNullAttribute.#ctor" />
    </parameter>
  </member>
  <member name="M:System.Web.UI.WebControls.EntityDataSourceReferenceKeyColumn.#ctor(System.Web.UI.WebControls.EntityDataSourceReferenceGroup,,System.Web.UI.WebControls.EntityDataSourceColumn)">
    <parameter name="group">
      <attribute ctor="M:JetBrains.Annotations.NotNullAttribute.#ctor" />
    </parameter>
  </member>
  <member name="M:System.Web.UI.WebControls.EntityDataSourceReferenceKeyColumn.CreateDisplayName(System.Web.UI.WebControls.EntityDataSourceReferenceGroup,)">
    <parameter name="group">
      <attribute ctor="M:JetBrains.Annotations.NotNullAttribute.#ctor" />
    </parameter>
  </member>
  <member name="M:System.Web.UI.WebControls.EntityDataSourceReferenceKeyColumn.GetEntitySqlValue">
    <attribute ctor="M:JetBrains.Annotations.NotNullAttribute.#ctor" />
  </member>
  <member name="P:System.Web.UI.WebControls.EntityDataSourceReferenceValueColumn`1.ClrType">
    <attribute ctor="M:JetBrains.Annotations.NotNullAttribute.#ctor" />
  </member>
  <member name="M:System.Web.UI.WebControls.EntityDataSourceUtil.AddPropertyColumns(System.Collections.Generic.List{System.Web.UI.WebControls.EntityDataSourceColumn},,System.Web.UI.WebControls.EntityDataSourceMemberPath,System.Collections.Generic.IEnumerable{},System.Collections.ObjectModel.ReadOnlyCollection{})">
    <attribute ctor="M:JetBrains.Annotations.NotNullAttribute.#ctor" />
    <parameter name="columns">
      <attribute ctor="M:JetBrains.Annotations.NotNullAttribute.#ctor" />
    </parameter>
    <parameter name="properties">
      <attribute ctor="M:JetBrains.Annotations.NotNullAttribute.#ctor" />
    </parameter>
    <parameter name="interestingMembers">
      <attribute ctor="M:JetBrains.Annotations.NotNullAttribute.#ctor" />
    </parameter>
  </member>
  <member name="M:System.Web.UI.WebControls.EntityDataSourceUtil.AddReferenceKeyColumns(System.Collections.Generic.List{System.Web.UI.WebControls.EntityDataSourceColumn},,,,System.Collections.Generic.Dictionary{,System.Web.UI.WebControls.EntityDataSourcePropertyColumn})">
    <parameter name="columns">
      <attribute ctor="M:JetBrains.Annotations.NotNullAttribute.#ctor" />
    </parameter>
    <parameter name="entityProperties">
      <attribute ctor="M:JetBrains.Annotations.NotNullAttribute.#ctor" />
    </parameter>
  </member>
  <member name="M:System.Web.UI.WebControls.EntityDataSourceUtil.AddReferenceNavigationColumns(System.Collections.Generic.List{System.Web.UI.WebControls.EntityDataSourceColumn},,,)">
    <parameter name="columns">
      <attribute ctor="M:JetBrains.Annotations.NotNullAttribute.#ctor" />
    </parameter>
  </member>
  <member name="M:System.Web.UI.WebControls.EntityDataSourceUtil.ArgumentNull(System.String)">
    <attribute ctor="M:JetBrains.Annotations.NotNullAttribute.#ctor" />
  </member>
  <member name="M:System.Web.UI.WebControls.EntityDataSourceUtil.CheckArgumentNull``1(``0,System.String)">
    <attribute ctor="M:JetBrains.Annotations.CanBeNullAttribute.#ctor" />
  </member>
  <member name="M:System.Web.UI.WebControls.EntityDataSourceUtil.ConvertType(System.Object,System.Type,System.String)">
    <parameter name="type">
      <attribute ctor="M:JetBrains.Annotations.NotNullAttribute.#ctor" />
    </parameter>
  </member>
  <member name="M:System.Web.UI.WebControls.EntityDataSourceUtil.ConvertTypeCodeToType(System.TypeCode)">
    <attribute ctor="M:JetBrains.Annotations.CanBeNullAttribute.#ctor" />
  </member>
  <member name="M:System.Web.UI.WebControls.EntityDataSourceUtil.GetColumns(,,,System.Collections.ObjectModel.ReadOnlyCollection{})">
    <attribute ctor="M:JetBrains.Annotations.NotNullAttribute.#ctor" />
    <parameter name="interestingMembers">
      <attribute ctor="M:JetBrains.Annotations.NotNullAttribute.#ctor" />
    </parameter>
  </member>
  <member name="M:System.Web.UI.WebControls.EntityDataSourceUtil.GetConstructorInfo(System.Type)">
    <attribute ctor="M:JetBrains.Annotations.NotNullAttribute.#ctor" />
    <parameter name="type">
      <attribute ctor="M:JetBrains.Annotations.NotNullAttribute.#ctor" />
    </parameter>
  </member>
  <member name="M:System.Web.UI.WebControls.EntityDataSourceUtil.GetEntitySqlValueForColumnName(System.String,System.Web.UI.WebControls.EntityDataSourceWrapperCollection)">
    <parameter name="columnName">
      <attribute ctor="M:JetBrains.Annotations.NotNullAttribute.#ctor" />
    </parameter>
  </member>
  <member name="M:System.Web.UI.WebControls.EntityDataSourceUtil.GetInterestingMembers(,,)">
    <attribute ctor="M:JetBrains.Annotations.NotNullAttribute.#ctor" />
  </member>
  <member name="M:System.Web.UI.WebControls.EntityDataSourceUtil.GetNamedColumns(,,,)">
    <attribute ctor="M:JetBrains.Annotations.NotNullAttribute.#ctor" />
  </member>
  <member name="M:System.Web.UI.WebControls.EntityDataSourceUtil.GetParameter(System.String,System.Web.UI.WebControls.ParameterCollection)">
    <attribute ctor="M:JetBrains.Annotations.CanBeNullAttribute.#ctor" />
  </member>
  <member name="M:System.Web.UI.WebControls.EntityDataSourceUtil.GetParameterValue(System.String,System.Web.UI.WebControls.ParameterCollection,System.Web.UI.WebControls.EntityDataSource)">
    <parameter name="entityDataSource">
      <attribute ctor="M:JetBrains.Annotations.NotNullAttribute.#ctor" />
    </parameter>
  </member>
  <member name="M:System.Web.UI.WebControls.EntityDataSourceUtil.GetPropertyInfo(System.Type,System.String)">
    <attribute ctor="M:JetBrains.Annotations.NotNullAttribute.#ctor" />
    <parameter name="type">
      <attribute ctor="M:JetBrains.Annotations.NotNullAttribute.#ctor" />
    </parameter>
    <parameter name="name">
      <attribute ctor="M:JetBrains.Annotations.NotNullAttribute.#ctor" />
    </parameter>
  </member>
  <member name="M:System.Web.UI.WebControls.EntityDataSourceUtil.InitializeType(System.Type)">
    <parameter name="type">
      <attribute ctor="M:JetBrains.Annotations.NotNullAttribute.#ctor" />
    </parameter>
  </member>
  <member name="M:System.Web.UI.WebControls.EntityDataSourceUtil.IsNullableType(System.Type,System.Type@)">
    <parameter name="type">
      <attribute ctor="M:JetBrains.Annotations.NotNullAttribute.#ctor" />
    </parameter>
  </member>
  <member name="M:System.Web.UI.WebControls.EntityDataSourceUtil.MakeNullable(System.Type)">
    <parameter name="type">
      <attribute ctor="M:JetBrains.Annotations.NotNullAttribute.#ctor" />
    </parameter>
  </member>
  <member name="M:System.Web.UI.WebControls.EntityDataSourceUtil.NullCanBeAssignedTo(System.Type)">
    <parameter name="type">
      <attribute ctor="M:JetBrains.Annotations.NotNullAttribute.#ctor" />
    </parameter>
  </member>
  <member name="M:System.Web.UI.WebControls.EntityDataSourceUtil.PropertyIsOnEntity(System.String,System.Web.UI.WebControls.EntityDataSourceWrapperCollection,,)">
    <parameter name="propertyName">
      <attribute ctor="M:JetBrains.Annotations.NotNullAttribute.#ctor" />
    </parameter>
  </member>
  <member name="M:System.Web.UI.WebControls.EntityDataSourceUtil.SetAllPropertiesWithVerification(System.Web.UI.WebControls.EntityDataSourceWrapper,System.Collections.Generic.Dictionary{System.String,System.Object},System.Boolean)">
    <parameter name="entityWrapper">
      <attribute ctor="M:JetBrains.Annotations.NotNullAttribute.#ctor" />
    </parameter>
    <parameter name="changedProperties">
      <attribute ctor="M:JetBrains.Annotations.NotNullAttribute.#ctor" />
    </parameter>
  </member>
  <member name="M:System.Web.UI.WebControls.EntityDataSourceUtil.ValidateWebControlParameterNames(System.Web.UI.WebControls.EntityDataSourceWrapper,System.Web.UI.WebControls.ParameterCollection,System.Web.UI.WebControls.EntityDataSource)">
    <parameter name="entityWrapper">
      <attribute ctor="M:JetBrains.Annotations.NotNullAttribute.#ctor" />
    </parameter>
    <parameter name="owner">
      <attribute ctor="M:JetBrains.Annotations.NotNullAttribute.#ctor" />
    </parameter>
  </member>
  <member name="M:System.Web.UI.WebControls.EntityDataSourceValidationException.#ctor(System.Runtime.Serialization.SerializationInfo,System.Runtime.Serialization.StreamingContext)">
    <parameter name="serializationInfo">
      <attribute ctor="M:JetBrains.Annotations.NotNullAttribute.#ctor" />
    </parameter>
  </member>
  <member name="M:System.Web.UI.WebControls.EntityDataSourceView.#ctor(System.Web.UI.WebControls.EntityDataSource,System.String)">
    <parameter name="owner">
      <attribute ctor="M:JetBrains.Annotations.NotNullAttribute.#ctor" />
    </parameter>
    <parameter name="viewName">
      <attribute ctor="M:JetBrains.Annotations.NotNullAttribute.#ctor" />
    </parameter>
  </member>
  <member name="M:System.Web.UI.WebControls.EntityDataSourceView.AddSupportedCapabilities(System.Web.UI.DataSourceSelectArguments)">
    <parameter name="arguments">
      <attribute ctor="M:JetBrains.Annotations.NotNullAttribute.#ctor" />
    </parameter>
  </member>
  <member name="M:System.Web.UI.WebControls.EntityDataSourceView.ConvertProperties(System.Collections.IDictionary,System.ComponentModel.PropertyDescriptorCollection,System.Web.UI.WebControls.ParameterCollection)">
    <attribute ctor="M:JetBrains.Annotations.NotNullAttribute.#ctor" />
    <parameter name="values">
      <attribute ctor="M:JetBrains.Annotations.NotNullAttribute.#ctor" />
    </parameter>
    <parameter name="propertyDescriptors">
      <attribute ctor="M:JetBrains.Annotations.NotNullAttribute.#ctor" />
    </parameter>
  </member>
  <member name="M:System.Web.UI.WebControls.EntityDataSourceView.ConvertProperty(System.Object,System.ComponentModel.PropertyDescriptor,System.Web.UI.WebControls.WebControlParameterProxy)">
    <parameter name="referenceParameter">
      <attribute ctor="M:JetBrains.Annotations.NotNullAttribute.#ctor" />
    </parameter>
  </member>
  <member name="M:System.Web.UI.WebControls.EntityDataSourceView.ConvertType(System.Object,System.Type,System.String)">
    <parameter name="type">
      <attribute ctor="M:JetBrains.Annotations.NotNullAttribute.#ctor" />
    </parameter>
  </member>
  <member name="M:System.Web.UI.WebControls.EntityDataSourceView.ConvertWCProperty(System.Collections.IDictionary,System.Collections.Generic.Dictionary{System.String,System.Object},System.Collections.Generic.List{System.String},System.ComponentModel.PropertyDescriptor,System.Web.UI.WebControls.ParameterCollection,System.Collections.Generic.Dictionary{System.String,System.Exception}@)">
    <parameter name="convertedValues">
      <attribute ctor="M:JetBrains.Annotations.NotNullAttribute.#ctor" />
    </parameter>
    <parameter name="visitedProperties">
      <attribute ctor="M:JetBrains.Annotations.NotNullAttribute.#ctor" />
    </parameter>
    <parameter name="pd">
      <attribute ctor="M:JetBrains.Annotations.NotNullAttribute.#ctor" />
    </parameter>
  </member>
  <member name="M:System.Web.UI.WebControls.EntityDataSourceView.CreateEntityForInsert(System.Web.UI.WebControls.EntityDataSourceWrapper,System.Collections.IDictionary,System.Web.UI.WebControls.ParameterCollection)">
    <parameter name="entityWrapper">
      <attribute ctor="M:JetBrains.Annotations.NotNullAttribute.#ctor" />
    </parameter>
    <parameter name="values">
      <attribute ctor="M:JetBrains.Annotations.NotNullAttribute.#ctor" />
    </parameter>
  </member>
  <member name="M:System.Web.UI.WebControls.EntityDataSourceView.EnumerableContentEquals(System.Collections.IEnumerable,System.Collections.IEnumerable)">
    <parameter name="enumerableA">
      <attribute ctor="M:JetBrains.Annotations.NotNullAttribute.#ctor" />
    </parameter>
    <parameter name="enumerableB">
      <attribute ctor="M:JetBrains.Annotations.NotNullAttribute.#ctor" />
    </parameter>
  </member>
  <member name="M:System.Web.UI.WebControls.EntityDataSourceView.ExecuteSelect``1(System.Web.UI.DataSourceSelectArguments,System.Web.UI.WebControls.EntityDataSourceQueryBuilder{``0}.Creator)">
    <attribute ctor="M:JetBrains.Annotations.CanBeNullAttribute.#ctor" />
    <parameter name="arguments">
      <attribute ctor="M:JetBrains.Annotations.NotNullAttribute.#ctor" />
    </parameter>
    <parameter name="qbConstructor">
      <attribute ctor="M:JetBrains.Annotations.NotNullAttribute.#ctor" />
    </parameter>
  </member>
  <member name="M:System.Web.UI.WebControls.EntityDataSourceView.FindIdxOfPropertiesStoredInViewState(System.Collections.IDictionary)">
    <parameter name="mergedKeysAndOldValues">
      <attribute ctor="M:JetBrains.Annotations.NotNullAttribute.#ctor" />
    </parameter>
  </member>
  <member name="M:System.Web.UI.WebControls.EntityDataSourceView.GetViewSchema">
    <attribute ctor="M:JetBrains.Annotations.NotNullAttribute.#ctor" />
  </member>
  <member name="M:System.Web.UI.WebControls.EntityDataSourceView.InstantiateEntityFromViewState(System.Web.UI.WebControls.EntityDataSourceWrapper,System.Collections.IDictionary)">
    <parameter name="entityWrapper">
      <attribute ctor="M:JetBrains.Annotations.NotNullAttribute.#ctor" />
    </parameter>
    <parameter name="mergedKeysAndOldValues">
      <attribute ctor="M:JetBrains.Annotations.NotNullAttribute.#ctor" />
    </parameter>
  </member>
  <member name="M:System.Web.UI.WebControls.EntityDataSourceView.MergeDictionaries(System.Collections.IDictionary,System.Collections.IDictionary)">
    <attribute ctor="M:JetBrains.Annotations.NotNullAttribute.#ctor" />
    <parameter name="keys">
      <attribute ctor="M:JetBrains.Annotations.NotNullAttribute.#ctor" />
    </parameter>
    <parameter name="values">
      <attribute ctor="M:JetBrains.Annotations.NotNullAttribute.#ctor" />
    </parameter>
  </member>
  <member name="M:System.Web.UI.WebControls.EntityDataSourceView.OriginalValueMatches(System.Object,System.Object)">
    <parameter name="value">
      <attribute ctor="M:JetBrains.Annotations.NotNullAttribute.#ctor" />
    </parameter>
  </member>
  <member name="M:System.Web.UI.WebControls.EntityDataSourceView.Parameter_GetValue(System.Object,System.Web.UI.WebControls.WebControlParameterProxy,System.Boolean)">
    <parameter name="parameter">
      <attribute ctor="M:JetBrains.Annotations.NotNullAttribute.#ctor" />
    </parameter>
  </member>
  <member name="M:System.Web.UI.WebControls.EntityDataSourceView.System#Web#UI#IStateManager#SaveViewState">
    <attribute ctor="M:JetBrains.Annotations.NotNullAttribute.#ctor" />
  </member>
  <member name="M:System.Web.UI.WebControls.EntityDataSourceView.UpdateEntity(System.Collections.IDictionary,System.Collections.IDictionary,System.Web.UI.WebControls.EntityDataSourceWrapper,System.Web.UI.WebControls.ParameterCollection)">
    <parameter name="mergedKeysAndOldValues">
      <attribute ctor="M:JetBrains.Annotations.NotNullAttribute.#ctor" />
    </parameter>
    <parameter name="values">
      <attribute ctor="M:JetBrains.Annotations.NotNullAttribute.#ctor" />
    </parameter>
    <parameter name="entityWrapper">
      <attribute ctor="M:JetBrains.Annotations.NotNullAttribute.#ctor" />
    </parameter>
  </member>
  <member name="M:System.Web.UI.WebControls.EntityDataSourceViewSchema.#ctor(System.Collections.IEnumerable)">
    <parameter name="results">
      <attribute ctor="M:JetBrains.Annotations.NotNullAttribute.#ctor" />
    </parameter>
  </member>
  <member name="M:System.Web.UI.WebControls.EntityDataSourceViewSchema.#ctor(System.ComponentModel.ITypedList)">
    <parameter name="typedList">
      <attribute ctor="M:JetBrains.Annotations.NotNullAttribute.#ctor" />
    </parameter>
  </member>
  <member name="M:System.Web.UI.WebControls.EntityDataSourceViewSchema.#ctor(System.Web.UI.WebControls.EntityDataSourceWrapperCollection)">
    <parameter name="wrappers">
      <attribute ctor="M:JetBrains.Annotations.NotNullAttribute.#ctor" />
    </parameter>
  </member>
  <member name="M:System.Web.UI.WebControls.EntityDataSourceViewSchema.ConstructColumn(System.ComponentModel.PropertyDescriptor)">
    <attribute ctor="M:JetBrains.Annotations.NotNullAttribute.#ctor" />
    <parameter name="property">
      <attribute ctor="M:JetBrains.Annotations.NotNullAttribute.#ctor" />
    </parameter>
  </member>
  <member name="M:System.Web.UI.WebControls.EntityDataSourceViewSchema.CreateColumnsFromPropDescs(System.ComponentModel.PropertyDescriptorCollection)">
    <parameter name="properties">
      <attribute ctor="M:JetBrains.Annotations.NotNullAttribute.#ctor" />
    </parameter>
  </member>
  <member name="M:System.Web.UI.WebControls.EntityDataSourceViewSchema.GetListItemType(System.Type)">
    <parameter name="type">
      <attribute ctor="M:JetBrains.Annotations.NotNullAttribute.#ctor" />
    </parameter>
  </member>
  <member name="M:System.Web.UI.WebControls.EntityDataSourceViewSchema.GetTypedIndexer(System.Type)">
    <attribute ctor="M:JetBrains.Annotations.CanBeNullAttribute.#ctor" />
    <parameter name="type">
      <attribute ctor="M:JetBrains.Annotations.NotNullAttribute.#ctor" />
    </parameter>
  </member>
  <member name="M:System.Web.UI.WebControls.EntityDataSourceWrapper.#ctor(System.Web.UI.WebControls.EntityDataSourceWrapperCollection,System.Object)">
    <parameter name="collection">
      <attribute ctor="M:JetBrains.Annotations.NotNullAttribute.#ctor" />
    </parameter>
  </member>
  <member name="M:System.Web.UI.WebControls.EntityDataSourceWrapper.SetAllProperties(System.Collections.Generic.Dictionary{System.String,System.Object},System.Boolean,System.Collections.Generic.Dictionary{System.String,System.Exception}@)">
    <parameter name="propertiesFromViewState">
      <attribute ctor="M:JetBrains.Annotations.NotNullAttribute.#ctor" />
    </parameter>
  </member>
  <member name="M:System.Web.UI.WebControls.EntityDataSourceWrapper.SetEntityKeyProperties(System.Collections.Generic.List{System.Collections.Generic.KeyValuePair{System.Web.UI.WebControls.EntityDataSourceReferenceKeyColumn,System.Object}},System.Boolean)">
    <parameter name="referenceList">
      <attribute ctor="M:JetBrains.Annotations.NotNullAttribute.#ctor" />
    </parameter>
  </member>
  <member name="M:System.Web.UI.WebControls.EntityDataSourceWrapper.System#ComponentModel#ICustomTypeDescriptor#GetAttributes">
    <attribute ctor="M:JetBrains.Annotations.NotNullAttribute.#ctor" />
  </member>
  <member name="M:System.Web.UI.WebControls.EntityDataSourceWrapper.System#ComponentModel#ICustomTypeDescriptor#GetClassName">
    <attribute ctor="M:JetBrains.Annotations.CanBeNullAttribute.#ctor" />
  </member>
  <member name="M:System.Web.UI.WebControls.EntityDataSourceWrapper.System#ComponentModel#ICustomTypeDescriptor#GetComponentName">
    <attribute ctor="M:JetBrains.Annotations.CanBeNullAttribute.#ctor" />
  </member>
  <member name="M:System.Web.UI.WebControls.EntityDataSourceWrapper.System#ComponentModel#ICustomTypeDescriptor#GetConverter">
    <attribute ctor="M:JetBrains.Annotations.CanBeNullAttribute.#ctor" />
  </member>
  <member name="M:System.Web.UI.WebControls.EntityDataSourceWrapper.System#ComponentModel#ICustomTypeDescriptor#GetDefaultEvent">
    <attribute ctor="M:JetBrains.Annotations.CanBeNullAttribute.#ctor" />
  </member>
  <member name="M:System.Web.UI.WebControls.EntityDataSourceWrapper.System#ComponentModel#ICustomTypeDescriptor#GetDefaultProperty">
    <attribute ctor="M:JetBrains.Annotations.CanBeNullAttribute.#ctor" />
  </member>
  <member name="M:System.Web.UI.WebControls.EntityDataSourceWrapper.System#ComponentModel#ICustomTypeDescriptor#GetEditor(System.Type)">
    <parameter name="editorBaseType">
      <attribute ctor="M:JetBrains.Annotations.CanBeNullAttribute.#ctor" />
    </parameter>
    <attribute ctor="M:JetBrains.Annotations.CanBeNullAttribute.#ctor" />
  </member>
  <member name="M:System.Web.UI.WebControls.EntityDataSourceWrapper.System#ComponentModel#ICustomTypeDescriptor#GetEvents">
    <attribute ctor="M:JetBrains.Annotations.CanBeNullAttribute.#ctor" />
  </member>
  <member name="M:System.Web.UI.WebControls.EntityDataSourceWrapper.System#ComponentModel#ICustomTypeDescriptor#GetEvents(System.Attribute[])">
    <attribute ctor="M:JetBrains.Annotations.CanBeNullAttribute.#ctor" />
  </member>
  <member name="M:System.Web.UI.WebControls.EntityDataSourceWrapper.System#ComponentModel#ICustomTypeDescriptor#GetPropertyOwner(System.ComponentModel.PropertyDescriptor)">
    <attribute ctor="M:JetBrains.Annotations.CanBeNullAttribute.#ctor" />
  </member>
  <member name="M:System.Web.UI.WebControls.EntityDataSourceWrapperCollection.AddWrappedEntity(System.Object)">
    <attribute ctor="M:JetBrains.Annotations.NotNullAttribute.#ctor" />
  </member>
  <member name="M:System.Web.UI.WebControls.EntityDataSourceWrapperCollection.CopyTo(System.Array,System.Int32)">
    <parameter name="array">
      <attribute ctor="M:JetBrains.Annotations.CanBeNullAttribute.#ctor" />
    </parameter>
  </member>
  <member name="P:System.Web.UI.WebControls.EntityDataSourceWrapperCollection.SyncRoot">
    <attribute ctor="M:JetBrains.Annotations.CanBeNullAttribute.#ctor" />
  </member>
  <member name="M:System.Web.UI.WebControls.EntityDataSourceWrapperCollection.System#Collections#IEnumerable#GetEnumerator">
    <attribute ctor="M:JetBrains.Annotations.NotNullAttribute.#ctor" />
  </member>
  <member name="M:System.Web.UI.WebControls.EntityDataSourceWrapperCollection.System#ComponentModel#ITypedList#GetListName(System.ComponentModel.PropertyDescriptor[])">
    <attribute ctor="M:JetBrains.Annotations.CanBeNullAttribute.#ctor" />
  </member>
  <member name="M:System.Web.UI.WebControls.EntityDataSourceWrapperPropertyDescriptor.CanResetValue(System.Object)">
    <parameter name="component">
      <attribute ctor="M:JetBrains.Annotations.CanBeNullAttribute.#ctor" />
    </parameter>
  </member>
  <member name="M:System.Web.UI.WebControls.EntityDataSourceWrapperPropertyDescriptor.GetWrapper(System.Object)">
    <attribute ctor="M:JetBrains.Annotations.NotNullAttribute.#ctor" />
    <parameter name="component">
      <attribute ctor="M:JetBrains.Annotations.NotNullAttribute.#ctor" />
    </parameter>
  </member>
  <member name="M:System.Web.UI.WebControls.EntityDataSourceWrapperPropertyDescriptor.ResetValue(System.Object)">
    <parameter name="component">
      <attribute ctor="M:JetBrains.Annotations.CanBeNullAttribute.#ctor" />
    </parameter>
  </member>
  <member name="M:System.Web.UI.WebControls.EntityDataSourceWrapperPropertyDescriptor.SetValue(System.Object,System.Object)">
    <parameter name="value">
      <attribute ctor="M:JetBrains.Annotations.CanBeNullAttribute.#ctor" />
    </parameter>
  </member>
  <member name="M:System.Web.UI.WebControls.EntityDataSourceWrapperPropertyDescriptor.ShouldSerializeValue(System.Object)">
    <parameter name="component">
      <attribute ctor="M:JetBrains.Annotations.CanBeNullAttribute.#ctor" />
    </parameter>
  </member>
  <member name="M:System.Web.UI.WebControls.Error.ArgumentNull(System.String)">
    <attribute ctor="M:JetBrains.Annotations.NotNullAttribute.#ctor" />
  </member>
  <member name="M:System.Web.UI.WebControls.Error.ArgumentOutOfRange(System.String)">
    <attribute ctor="M:JetBrains.Annotations.NotNullAttribute.#ctor" />
  </member>
  <member name="M:System.Web.UI.WebControls.Error.NotImplemented">
    <attribute ctor="M:JetBrains.Annotations.NotNullAttribute.#ctor" />
  </member>
  <member name="M:System.Web.UI.WebControls.Error.NotSupported">
    <attribute ctor="M:JetBrains.Annotations.NotNullAttribute.#ctor" />
  </member>
  <member name="M:System.Web.UI.WebControls.OrderByBuilder.AppendOrderByKey(System.Text.StringBuilder,System.String,System.String,)">
    <parameter name="orderByClauseBuilder">
      <attribute ctor="M:JetBrains.Annotations.NotNullAttribute.#ctor" />
    </parameter>
  </member>
  <member name="M:System.Web.UI.WebControls.OrderByBuilder.GenerateDefaultOrderByFromTypeUsage()">
    <attribute ctor="M:JetBrains.Annotations.NotNullAttribute.#ctor" />
  </member>
  <member name="M:System.Web.UI.WebControls.Strings.CannotConvertType(System.Object,System.Object,System.Object)">
    <attribute ctor="M:JetBrains.Annotations.CanBeNullAttribute.#ctor" />
  </member>
  <member name="P:System.Web.UI.WebControls.Strings.ComponentNotFromProperCollection">
    <attribute ctor="M:JetBrains.Annotations.CanBeNullAttribute.#ctor" />
  </member>
  <member name="M:System.Web.UI.WebControls.Strings.DefaultConstructorNotFound(System.Object)">
    <attribute ctor="M:JetBrains.Annotations.CanBeNullAttribute.#ctor" />
  </member>
  <member name="M:System.Web.UI.WebControls.Strings.DisplayNameCollision(System.Object)">
    <attribute ctor="M:JetBrains.Annotations.CanBeNullAttribute.#ctor" />
  </member>
  <member name="P:System.Web.UI.WebControls.Strings.EntityDataSource_AutoGenerateOrderByNotAllowedIfOrderByIsDefined">
    <attribute ctor="M:JetBrains.Annotations.CanBeNullAttribute.#ctor" />
  </member>
  <member name="P:System.Web.UI.WebControls.Strings.EntityDataSource_AutoGenerateWhereNotAllowedIfWhereDefined">
    <attribute ctor="M:JetBrains.Annotations.CanBeNullAttribute.#ctor" />
  </member>
  <member name="P:System.Web.UI.WebControls.Strings.EntityDataSource_CommandParametersNeedCommandText">
    <attribute ctor="M:JetBrains.Annotations.CanBeNullAttribute.#ctor" />
  </member>
  <member name="P:System.Web.UI.WebControls.Strings.EntityDataSource_CommandTextCantHaveEntityTypeFilter">
    <attribute ctor="M:JetBrains.Annotations.CanBeNullAttribute.#ctor" />
  </member>
  <member name="P:System.Web.UI.WebControls.Strings.EntityDataSource_CommandTextNotEditable">
    <attribute ctor="M:JetBrains.Annotations.CanBeNullAttribute.#ctor" />
  </member>
  <member name="P:System.Web.UI.WebControls.Strings.EntityDataSource_CommandTextOrEntitySetName">
    <attribute ctor="M:JetBrains.Annotations.CanBeNullAttribute.#ctor" />
  </member>
  <member name="P:System.Web.UI.WebControls.Strings.EntityDataSource_CommandTextOrEntitySetNameRequired">
    <attribute ctor="M:JetBrains.Annotations.CanBeNullAttribute.#ctor" />
  </member>
  <member name="P:System.Web.UI.WebControls.Strings.EntityDataSource_Description">
    <attribute ctor="M:JetBrains.Annotations.CanBeNullAttribute.#ctor" />
  </member>
  <member name="P:System.Web.UI.WebControls.Strings.EntityDataSource_DisplayName">
    <attribute ctor="M:JetBrains.Annotations.CanBeNullAttribute.#ctor" />
  </member>
  <member name="P:System.Web.UI.WebControls.Strings.EntityDataSource_GroupByNeedsSelect">
    <attribute ctor="M:JetBrains.Annotations.CanBeNullAttribute.#ctor" />
  </member>
  <member name="P:System.Web.UI.WebControls.Strings.EntityDataSource_GroupByNotEditable">
    <attribute ctor="M:JetBrains.Annotations.CanBeNullAttribute.#ctor" />
  </member>
  <member name="P:System.Web.UI.WebControls.Strings.EntityDataSource_OrderByParametersNeedsOrderByOrAutoGenerateOrderBy">
    <attribute ctor="M:JetBrains.Annotations.CanBeNullAttribute.#ctor" />
  </member>
  <member name="P:System.Web.UI.WebControls.Strings.EntityDataSource_SelectNotEditable">
    <attribute ctor="M:JetBrains.Annotations.CanBeNullAttribute.#ctor" />
  </member>
  <member name="P:System.Web.UI.WebControls.Strings.EntityDataSource_SelectParametersNeedSelect">
    <attribute ctor="M:JetBrains.Annotations.CanBeNullAttribute.#ctor" />
  </member>
  <member name="P:System.Web.UI.WebControls.Strings.EntityDataSource_WhereParametersNeedsWhereOrAutoGenerateWhere">
    <attribute ctor="M:JetBrains.Annotations.CanBeNullAttribute.#ctor" />
  </member>
  <member name="P:System.Web.UI.WebControls.Strings.EntityDataSourceQueryBuilder_PagingRequiresOrderBy">
    <attribute ctor="M:JetBrains.Annotations.CanBeNullAttribute.#ctor" />
  </member>
  <member name="P:System.Web.UI.WebControls.Strings.EntityDataSourceUtil_EntityQueryCannotReturnPolymorphicTypes">
    <attribute ctor="M:JetBrains.Annotations.CanBeNullAttribute.#ctor" />
  </member>
  <member name="M:System.Web.UI.WebControls.Strings.EntityDataSourceUtil_InsertUpdateParametersDontMatchPropertyNameOnEntity(System.Object,System.Object)">
    <attribute ctor="M:JetBrains.Annotations.CanBeNullAttribute.#ctor" />
  </member>
  <member name="M:System.Web.UI.WebControls.Strings.EntityDataSourceUtil_UnableToConvertTypeCodeToType(System.Object)">
    <attribute ctor="M:JetBrains.Annotations.CanBeNullAttribute.#ctor" />
  </member>
  <member name="P:System.Web.UI.WebControls.Strings.EntityDataSourceView_AutoGenerateOrderByParameters">
    <attribute ctor="M:JetBrains.Annotations.CanBeNullAttribute.#ctor" />
  </member>
  <member name="P:System.Web.UI.WebControls.Strings.EntityDataSourceView_ColumnHeader">
    <attribute ctor="M:JetBrains.Annotations.CanBeNullAttribute.#ctor" />
  </member>
  <member name="M:System.Web.UI.WebControls.Strings.EntityDataSourceView_ContainerNameDoesNotExistOnTheContext(System.Object)">
    <attribute ctor="M:JetBrains.Annotations.CanBeNullAttribute.#ctor" />
  </member>
  <member name="P:System.Web.UI.WebControls.Strings.EntityDataSourceView_ContainerNameMustBeSpecified">
    <attribute ctor="M:JetBrains.Annotations.CanBeNullAttribute.#ctor" />
  </member>
  <member name="M:System.Web.UI.WebControls.Strings.EntityDataSourceView_DataConversionError(System.Object,System.Object)">
    <attribute ctor="M:JetBrains.Annotations.CanBeNullAttribute.#ctor" />
  </member>
  <member name="P:System.Web.UI.WebControls.Strings.EntityDataSourceView_DeleteDisabledForThiscontrol">
    <attribute ctor="M:JetBrains.Annotations.CanBeNullAttribute.#ctor" />
  </member>
  <member name="M:System.Web.UI.WebControls.Strings.EntityDataSourceView_EntitySetDoesNotExistOnTheContainer(System.Object)">
    <attribute ctor="M:JetBrains.Annotations.CanBeNullAttribute.#ctor" />
  </member>
  <member name="M:System.Web.UI.WebControls.Strings.EntityDataSourceView_FilteredEntityTypeMustBeDerivableFromEntitySet(System.Object,System.Object)">
    <attribute ctor="M:JetBrains.Annotations.CanBeNullAttribute.#ctor" />
  </member>
  <member name="P:System.Web.UI.WebControls.Strings.EntityDataSourceView_InsertDisabledForThisControl">
    <attribute ctor="M:JetBrains.Annotations.CanBeNullAttribute.#ctor" />
  </member>
  <member name="P:System.Web.UI.WebControls.Strings.EntityDataSourceView_NoParameterlessConstructorForTheContext">
    <attribute ctor="M:JetBrains.Annotations.CanBeNullAttribute.#ctor" />
  </member>
  <member name="P:System.Web.UI.WebControls.Strings.EntityDataSourceView_ObjectContextMustBeSpecified">
    <attribute ctor="M:JetBrains.Annotations.CanBeNullAttribute.#ctor" />
  </member>
  <member name="M:System.Web.UI.WebControls.Strings.EntityDataSourceView_PropertyDoesNotExistOnEntity(System.Object,System.Object)">
    <attribute ctor="M:JetBrains.Annotations.CanBeNullAttribute.#ctor" />
  </member>
  <member name="M:System.Web.UI.WebControls.Strings.EntityDataSourceView_UnableToConvertStringToType(System.Object,System.Object)">
    <attribute ctor="M:JetBrains.Annotations.CanBeNullAttribute.#ctor" />
  </member>
  <member name="P:System.Web.UI.WebControls.Strings.EntityDataSourceView_UpdateDisabledForThisControl">
    <attribute ctor="M:JetBrains.Annotations.CanBeNullAttribute.#ctor" />
  </member>
  <member name="P:System.Web.UI.WebControls.Strings.PropertyDescription_AutoGenerateOrderByClause">
    <attribute ctor="M:JetBrains.Annotations.CanBeNullAttribute.#ctor" />
  </member>
  <member name="P:System.Web.UI.WebControls.Strings.PropertyDescription_AutoGenerateWhereClause">
    <attribute ctor="M:JetBrains.Annotations.CanBeNullAttribute.#ctor" />
  </member>
  <member name="P:System.Web.UI.WebControls.Strings.PropertyDescription_AutoPage">
    <attribute ctor="M:JetBrains.Annotations.CanBeNullAttribute.#ctor" />
  </member>
  <member name="P:System.Web.UI.WebControls.Strings.PropertyDescription_AutoSort">
    <attribute ctor="M:JetBrains.Annotations.CanBeNullAttribute.#ctor" />
  </member>
  <member name="P:System.Web.UI.WebControls.Strings.PropertyDescription_ContextCreated">
    <attribute ctor="M:JetBrains.Annotations.CanBeNullAttribute.#ctor" />
  </member>
  <member name="P:System.Web.UI.WebControls.Strings.PropertyDescription_ContextCreating">
    <attribute ctor="M:JetBrains.Annotations.CanBeNullAttribute.#ctor" />
  </member>
  <member name="P:System.Web.UI.WebControls.Strings.PropertyDescription_ContextDisposing">
    <attribute ctor="M:JetBrains.Annotations.CanBeNullAttribute.#ctor" />
  </member>
  <member name="P:System.Web.UI.WebControls.Strings.PropertyDescription_ContextTypeName">
    <attribute ctor="M:JetBrains.Annotations.CanBeNullAttribute.#ctor" />
  </member>
  <member name="P:System.Web.UI.WebControls.Strings.PropertyDescription_Deleted">
    <attribute ctor="M:JetBrains.Annotations.CanBeNullAttribute.#ctor" />
  </member>
  <member name="P:System.Web.UI.WebControls.Strings.PropertyDescription_Deleting">
    <attribute ctor="M:JetBrains.Annotations.CanBeNullAttribute.#ctor" />
  </member>
  <member name="P:System.Web.UI.WebControls.Strings.PropertyDescription_EnableDelete">
    <attribute ctor="M:JetBrains.Annotations.CanBeNullAttribute.#ctor" />
  </member>
  <member name="P:System.Web.UI.WebControls.Strings.PropertyDescription_EnableInsert">
    <attribute ctor="M:JetBrains.Annotations.CanBeNullAttribute.#ctor" />
  </member>
  <member name="P:System.Web.UI.WebControls.Strings.PropertyDescription_EnableUpdate">
    <attribute ctor="M:JetBrains.Annotations.CanBeNullAttribute.#ctor" />
  </member>
  <member name="P:System.Web.UI.WebControls.Strings.PropertyDescription_GroupBy">
    <attribute ctor="M:JetBrains.Annotations.CanBeNullAttribute.#ctor" />
  </member>
  <member name="P:System.Web.UI.WebControls.Strings.PropertyDescription_Include">
    <attribute ctor="M:JetBrains.Annotations.CanBeNullAttribute.#ctor" />
  </member>
  <member name="P:System.Web.UI.WebControls.Strings.PropertyDescription_Inserted">
    <attribute ctor="M:JetBrains.Annotations.CanBeNullAttribute.#ctor" />
  </member>
  <member name="P:System.Web.UI.WebControls.Strings.PropertyDescription_Inserting">
    <attribute ctor="M:JetBrains.Annotations.CanBeNullAttribute.#ctor" />
  </member>
  <member name="P:System.Web.UI.WebControls.Strings.PropertyDescription_Selected">
    <attribute ctor="M:JetBrains.Annotations.CanBeNullAttribute.#ctor" />
  </member>
  <member name="P:System.Web.UI.WebControls.Strings.PropertyDescription_Selecting">
    <attribute ctor="M:JetBrains.Annotations.CanBeNullAttribute.#ctor" />
  </member>
  <member name="P:System.Web.UI.WebControls.Strings.PropertyDescription_StoreOriginalValuesInViewState">
    <attribute ctor="M:JetBrains.Annotations.CanBeNullAttribute.#ctor" />
  </member>
  <member name="P:System.Web.UI.WebControls.Strings.PropertyDescription_Updated">
    <attribute ctor="M:JetBrains.Annotations.CanBeNullAttribute.#ctor" />
  </member>
  <member name="P:System.Web.UI.WebControls.Strings.PropertyDescription_Updating">
    <attribute ctor="M:JetBrains.Annotations.CanBeNullAttribute.#ctor" />
  </member>
  <member name="M:System.Web.UI.WebControls.Strings.PropertyNotFound(System.Object,System.Object)">
    <attribute ctor="M:JetBrains.Annotations.CanBeNullAttribute.#ctor" />
  </member>
  <member name="P:System.Web.UI.WebControls.Strings.SetValueNotSupported">
    <attribute ctor="M:JetBrains.Annotations.CanBeNullAttribute.#ctor" />
  </member>
  <member name="M:System.Web.UI.WebControls.Strings.ValueNotResettable(System.Object)">
    <attribute ctor="M:JetBrains.Annotations.CanBeNullAttribute.#ctor" />
  </member>
  <member name="P:System.Web.UI.WebControls.Strings.WebControlParameterProxy_TypeDbTypeMutuallyExclusive">
    <attribute ctor="M:JetBrains.Annotations.CanBeNullAttribute.#ctor" />
  </member>
  <member name="P:System.Web.UI.WebControls.WebControlParameterProxy.ClrType">
    <attribute ctor="M:JetBrains.Annotations.CanBeNullAttribute.#ctor" />
  </member>
  <member name="P:System.Web.UI.WebControls.WebControlParameterProxy.Value">
    <attribute ctor="M:JetBrains.Annotations.CanBeNullAttribute.#ctor" />
  </member>
  <member name="P:System.Web.UI.WebControlsRes.Culture">
    <attribute ctor="M:JetBrains.Annotations.CanBeNullAttribute.#ctor" />
  </member>
  <member name="M:System.Web.UI.WebControlsRes.GetObject(System.String)">
    <attribute ctor="M:JetBrains.Annotations.CanBeNullAttribute.#ctor" />
    <parameter name="name">
      <attribute ctor="M:JetBrains.Annotations.NotNullAttribute.#ctor" />
    </parameter>
  </member>
  <member name="M:System.Web.UI.WebControlsRes.GetString(System.String)">
    <attribute ctor="M:JetBrains.Annotations.CanBeNullAttribute.#ctor" />
    <parameter name="name">
      <attribute ctor="M:JetBrains.Annotations.NotNullAttribute.#ctor" />
    </parameter>
  </member>
  <member name="M:System.Web.UI.WebControlsRes.GetString(System.String,System.Object[])">
    <parameter name="name">
      <attribute ctor="M:JetBrains.Annotations.NotNullAttribute.#ctor" />
    </parameter>
    <attribute ctor="M:JetBrains.Annotations.CanBeNullAttribute.#ctor" />
  </member>
</assembly>