<assembly name="NUnit.Framework">
  <member name="M:NUnit.Framework.Assert.AreEqual(System.Decimal,System.Decimal,System.String,System.Object[])">
    <attribute ctor="M:JetBrains.Annotations.StringFormatMethodAttribute.#ctor(System.String)"><argument>message</argument></attribute>
  </member>
  <member name="M:NUnit.Framework.Assert.AreEqual(System.Double,System.Double,System.String,System.Object[])">
    <attribute ctor="M:JetBrains.Annotations.StringFormatMethodAttribute.#ctor(System.String)"><argument>message</argument></attribute>
  </member>
  <member name="M:NUnit.Framework.Assert.AreEqual(System.Double,System.Nullable{System.Double},System.Double,System.String,System.Object[])">
    <attribute ctor="M:JetBrains.Annotations.StringFormatMethodAttribute.#ctor(System.String)"><argument>message</argument></attribute>
  </member>
  <member name="M:NUnit.Framework.Assert.AreEqual(System.Int32,System.Int32,System.String,System.Object[])">
    <attribute ctor="M:JetBrains.Annotations.StringFormatMethodAttribute.#ctor(System.String)"><argument>message</argument></attribute>
  </member>
  <member name="M:NUnit.Framework.Assert.AreEqual(System.Int64,System.Int64,System.String,System.Object[])">
    <attribute ctor="M:JetBrains.Annotations.StringFormatMethodAttribute.#ctor(System.String)"><argument>message</argument></attribute>
  </member>
  <member name="M:NUnit.Framework.Assert.AreEqual(System.Object,System.Object,System.String,System.Object[])">
    <attribute ctor="M:JetBrains.Annotations.StringFormatMethodAttribute.#ctor(System.String)"><argument>message</argument></attribute>
  </member>
  <member name="M:NUnit.Framework.Assert.AreEqual(System.UInt32,System.UInt32,System.String,System.Object[])">
    <attribute ctor="M:JetBrains.Annotations.StringFormatMethodAttribute.#ctor(System.String)"><argument>message</argument></attribute>
  </member>
  <member name="M:NUnit.Framework.Assert.AreEqual(System.UInt64,System.UInt64,System.String,System.Object[])">
    <attribute ctor="M:JetBrains.Annotations.StringFormatMethodAttribute.#ctor(System.String)"><argument>message</argument></attribute>
  </member>
  <member name="M:NUnit.Framework.Assert.AreNotEqual(System.Decimal,System.Decimal,System.String,System.Object[])">
    <attribute ctor="M:JetBrains.Annotations.StringFormatMethodAttribute.#ctor(System.String)"><argument>message</argument></attribute>
  </member>
  <member name="M:NUnit.Framework.Assert.AreNotEqual(System.Double,System.Double,System.String,System.Object[])">
    <attribute ctor="M:JetBrains.Annotations.StringFormatMethodAttribute.#ctor(System.String)"><argument>message</argument></attribute>
  </member>
  <member name="M:NUnit.Framework.Assert.AreNotEqual(System.Int32,System.Int32,System.String,System.Object[])">
    <attribute ctor="M:JetBrains.Annotations.StringFormatMethodAttribute.#ctor(System.String)"><argument>message</argument></attribute>
  </member>
  <member name="M:NUnit.Framework.Assert.AreNotEqual(System.Int64,System.Int64,System.String,System.Object[])">
    <attribute ctor="M:JetBrains.Annotations.StringFormatMethodAttribute.#ctor(System.String)"><argument>message</argument></attribute>
  </member>
  <member name="M:NUnit.Framework.Assert.AreNotEqual(System.Object,System.Object,System.String,System.Object[])">
    <attribute ctor="M:JetBrains.Annotations.StringFormatMethodAttribute.#ctor(System.String)"><argument>message</argument></attribute>
  </member>
  <member name="M:NUnit.Framework.Assert.AreNotEqual(System.UInt32,System.UInt32,System.String,System.Object[])">
    <attribute ctor="M:JetBrains.Annotations.StringFormatMethodAttribute.#ctor(System.String)"><argument>message</argument></attribute>
  </member>
  <member name="M:NUnit.Framework.Assert.AreNotEqual(System.UInt64,System.UInt64,System.String,System.Object[])">
    <attribute ctor="M:JetBrains.Annotations.StringFormatMethodAttribute.#ctor(System.String)"><argument>message</argument></attribute>
  </member>
  <member name="M:NUnit.Framework.Assert.AreNotSame(System.Object,System.Object,System.String,System.Object[])">
    <attribute ctor="M:JetBrains.Annotations.StringFormatMethodAttribute.#ctor(System.String)"><argument>message</argument></attribute>
  </member>
  <member name="M:NUnit.Framework.Assert.AreSame(System.Object,System.Object,System.String,System.Object[])">
    <attribute ctor="M:JetBrains.Annotations.StringFormatMethodAttribute.#ctor(System.String)"><argument>message</argument></attribute>
  </member>
  <member name="M:NUnit.Framework.Assert.Contains(System.Object,System.ICollection,System.String,System.Object[])">
    <attribute ctor="M:JetBrains.Annotations.StringFormatMethodAttribute.#ctor(System.String)"><argument>message</argument></attribute>
  </member>
  <member name="M:NUnit.Framework.Assert.DoesNotThrow(NUnit.Framework.TestDelegate,System.String,System.Object[])">
    <attribute ctor="M:JetBrains.Annotations.StringFormatMethodAttribute.#ctor(System.String)"><argument>message</argument></attribute>
  </member>
  <member name="M:NUnit.Framework.Assert.Fail(System.String,System.Object[])">
    <attribute ctor="M:JetBrains.Annotations.StringFormatMethodAttribute.#ctor(System.String)"><argument>message</argument></attribute>
  </member>
  <member name="M:NUnit.Framework.Assert.False(System.Boolean,System.String,System.Object[])">
    <attribute ctor="M:JetBrains.Annotations.StringFormatMethodAttribute.#ctor(System.String)"><argument>message</argument></attribute>
  </member>
  <member name="M:NUnit.Framework.Assert.Greater(System.Decimal,System.Decimal,System.String,System.Object[])">
    <attribute ctor="M:JetBrains.Annotations.StringFormatMethodAttribute.#ctor(System.String)"><argument>message</argument></attribute>
  </member>
  <member name="M:NUnit.Framework.Assert.Greater(System.Double,System.Double,System.String,System.Object[])">
    <attribute ctor="M:JetBrains.Annotations.StringFormatMethodAttribute.#ctor(System.String)"><argument>message</argument></attribute>
  </member>
  <member name="M:NUnit.Framework.Assert.Greater(System.Int32,System.Int32,System.String,System.Object[])">
    <attribute ctor="M:JetBrains.Annotations.StringFormatMethodAttribute.#ctor(System.String)"><argument>message</argument></attribute>
  </member>
  <member name="M:NUnit.Framework.Assert.Greater(System.Int64,System.Int64,System.String,System.Object[])">
    <attribute ctor="M:JetBrains.Annotations.StringFormatMethodAttribute.#ctor(System.String)"><argument>message</argument></attribute>
  </member>
  <member name="M:NUnit.Framework.Assert.Greater(System.Single,System.Single,System.String,System.Object[])">
    <attribute ctor="M:JetBrains.Annotations.StringFormatMethodAttribute.#ctor(System.String)"><argument>message</argument></attribute>
  </member>
  <member name="M:NUnit.Framework.Assert.Greater(System.IComparable,System.IComparable,System.String,System.Object[])">
    <attribute ctor="M:JetBrains.Annotations.StringFormatMethodAttribute.#ctor(System.String)"><argument>message</argument></attribute>
  </member>
  <member name="M:NUnit.Framework.Assert.Greater(System.UInt32,System.UInt32,System.String,System.Object[])">
    <attribute ctor="M:JetBrains.Annotations.StringFormatMethodAttribute.#ctor(System.String)"><argument>message</argument></attribute>
  </member>
  <member name="M:NUnit.Framework.Assert.Greater(System.UInt64,System.UInt64,System.String,System.Object[])">
    <attribute ctor="M:JetBrains.Annotations.StringFormatMethodAttribute.#ctor(System.String)"><argument>message</argument></attribute>
  </member>
  <member name="M:NUnit.Framework.Assert.GreaterOrEqual(System.Decimal,System.Decimal,System.String,System.Object[])">
    <attribute ctor="M:JetBrains.Annotations.StringFormatMethodAttribute.#ctor(System.String)"><argument>message</argument></attribute>
  </member>
  <member name="M:NUnit.Framework.Assert.GreaterOrEqual(System.Double,System.Double,System.String,System.Object[])">
    <attribute ctor="M:JetBrains.Annotations.StringFormatMethodAttribute.#ctor(System.String)"><argument>message</argument></attribute>
  </member>
  <member name="M:NUnit.Framework.Assert.GreaterOrEqual(System.Int32,System.Int32,System.String,System.Object[])">
    <attribute ctor="M:JetBrains.Annotations.StringFormatMethodAttribute.#ctor(System.String)"><argument>message</argument></attribute>
  </member>
  <member name="M:NUnit.Framework.Assert.GreaterOrEqual(System.Int64,System.Int64,System.String,System.Object[])">
    <attribute ctor="M:JetBrains.Annotations.StringFormatMethodAttribute.#ctor(System.String)"><argument>message</argument></attribute>
  </member>
  <member name="M:NUnit.Framework.Assert.GreaterOrEqual(System.Single,System.Single,System.String,System.Object[])">
    <attribute ctor="M:JetBrains.Annotations.StringFormatMethodAttribute.#ctor(System.String)"><argument>message</argument></attribute>
  </member>
  <member name="M:NUnit.Framework.Assert.GreaterOrEqual(System.IComparable,System.IComparable,System.String,System.Object[])">
    <attribute ctor="M:JetBrains.Annotations.StringFormatMethodAttribute.#ctor(System.String)"><argument>message</argument></attribute>
  </member>
  <member name="M:NUnit.Framework.Assert.GreaterOrEqual(System.UInt32,System.UInt32,System.String,System.Object[])">
    <attribute ctor="M:JetBrains.Annotations.StringFormatMethodAttribute.#ctor(System.String)"><argument>message</argument></attribute>
  </member>
  <member name="M:NUnit.Framework.Assert.GreaterOrEqual(System.UInt64,System.UInt64,System.String,System.Object[])">
    <attribute ctor="M:JetBrains.Annotations.StringFormatMethodAttribute.#ctor(System.String)"><argument>message</argument></attribute>
  </member>
  <member name="M:NUnit.Framework.Assert.Ignore(System.String,System.Object[])">
    <attribute ctor="M:JetBrains.Annotations.StringFormatMethodAttribute.#ctor(System.String)"><argument>message</argument></attribute>
  </member>
  <member name="M:NUnit.Framework.Assert.Inconclusive(System.String,System.Object[])">
    <attribute ctor="M:JetBrains.Annotations.StringFormatMethodAttribute.#ctor(System.String)"><argument>message</argument></attribute>
  </member>
  <member name="M:NUnit.Framework.Assert.IsAssignableFrom``1(System.Object,System.String,System.Object[])">
    <attribute ctor="M:JetBrains.Annotations.StringFormatMethodAttribute.#ctor(System.String)"><argument>message</argument></attribute>
  </member>
  <member name="M:NUnit.Framework.Assert.IsAssignableFrom(System.Type,System.Object,System.String,System.Object[])">
    <attribute ctor="M:JetBrains.Annotations.StringFormatMethodAttribute.#ctor(System.String)"><argument>message</argument></attribute>
  </member>
  <member name="M:NUnit.Framework.Assert.IsEmpty(System.String,System.String,System.Object[])">
    <attribute ctor="M:JetBrains.Annotations.StringFormatMethodAttribute.#ctor(System.String)"><argument>message</argument></attribute>
  </member>
  <member name="M:NUnit.Framework.Assert.IsEmpty(System.ICollection,System.String,System.Object[])">
    <attribute ctor="M:JetBrains.Annotations.StringFormatMethodAttribute.#ctor(System.String)"><argument>message</argument></attribute>
  </member>
  <member name="M:NUnit.Framework.Assert.IsFalse(System.Boolean,System.String,System.Object[])">
    <attribute ctor="M:JetBrains.Annotations.StringFormatMethodAttribute.#ctor(System.String)"><argument>message</argument></attribute>
  </member>
  <member name="M:NUnit.Framework.Assert.IsInstanceOf``1(System.Object,System.String,System.Object[])">
    <attribute ctor="M:JetBrains.Annotations.StringFormatMethodAttribute.#ctor(System.String)"><argument>message</argument></attribute>
  </member>
  <member name="M:NUnit.Framework.Assert.IsInstanceOf(System.Type,System.Object,System.String,System.Object[])">
    <attribute ctor="M:JetBrains.Annotations.StringFormatMethodAttribute.#ctor(System.String)"><argument>message</argument></attribute>
  </member>
  <member name="M:NUnit.Framework.Assert.IsInstanceOfType(System.Type,System.Object,System.String,System.Object[])">
    <attribute ctor="M:JetBrains.Annotations.StringFormatMethodAttribute.#ctor(System.String)"><argument>message</argument></attribute>
  </member>
  <member name="M:NUnit.Framework.Assert.IsNaN(System.Double,System.String,System.Object[])">
    <attribute ctor="M:JetBrains.Annotations.StringFormatMethodAttribute.#ctor(System.String)"><argument>message</argument></attribute>
  </member>
  <member name="M:NUnit.Framework.Assert.IsNaN(System.Nullable{System.Double},System.String,System.Object[])">
    <attribute ctor="M:JetBrains.Annotations.StringFormatMethodAttribute.#ctor(System.String)"><argument>message</argument></attribute>
  </member>
  <member name="M:NUnit.Framework.Assert.IsNotAssignableFrom``1(System.Object,System.String,System.Object[])">
    <attribute ctor="M:JetBrains.Annotations.StringFormatMethodAttribute.#ctor(System.String)"><argument>message</argument></attribute>
  </member>
  <member name="M:NUnit.Framework.Assert.IsNotAssignableFrom(System.Type,System.Object,System.String,System.Object[])">
    <attribute ctor="M:JetBrains.Annotations.StringFormatMethodAttribute.#ctor(System.String)"><argument>message</argument></attribute>
  </member>
  <member name="M:NUnit.Framework.Assert.IsNotEmpty(System.String,System.String,System.Object[])">
    <attribute ctor="M:JetBrains.Annotations.StringFormatMethodAttribute.#ctor(System.String)"><argument>message</argument></attribute>
  </member>
  <member name="M:NUnit.Framework.Assert.IsNotEmpty(System.ICollection,System.String,System.Object[])">
    <attribute ctor="M:JetBrains.Annotations.StringFormatMethodAttribute.#ctor(System.String)"><argument>message</argument></attribute>
  </member>
  <member name="M:NUnit.Framework.Assert.IsNotInstanceOf``1(System.Object,System.String,System.Object[])">
    <attribute ctor="M:JetBrains.Annotations.StringFormatMethodAttribute.#ctor(System.String)"><argument>message</argument></attribute>
  </member>
  <member name="M:NUnit.Framework.Assert.IsNotInstanceOf(System.Type,System.Object,System.String,System.Object[])">
    <attribute ctor="M:JetBrains.Annotations.StringFormatMethodAttribute.#ctor(System.String)"><argument>message</argument></attribute>
  </member>
  <member name="M:NUnit.Framework.Assert.IsNotInstanceOfType(System.Type,System.Object,System.String,System.Object[])">
    <attribute ctor="M:JetBrains.Annotations.StringFormatMethodAttribute.#ctor(System.String)"><argument>message</argument></attribute>
  </member>
  <member name="M:NUnit.Framework.Assert.IsNotNull(System.Object,System.String,System.Object[])">
    <attribute ctor="M:JetBrains.Annotations.StringFormatMethodAttribute.#ctor(System.String)"><argument>message</argument></attribute>
  </member>
  <member name="M:NUnit.Framework.Assert.IsNotNullOrEmpty(System.String,System.String,System.Object[])">
    <attribute ctor="M:JetBrains.Annotations.StringFormatMethodAttribute.#ctor(System.String)"><argument>message</argument></attribute>
  </member>
  <member name="M:NUnit.Framework.Assert.IsNull(System.Object,System.String,System.Object[])">
    <attribute ctor="M:JetBrains.Annotations.StringFormatMethodAttribute.#ctor(System.String)"><argument>message</argument></attribute>
  </member>
  <member name="M:NUnit.Framework.Assert.IsNullOrEmpty(System.String,System.String,System.Object[])">
    <attribute ctor="M:JetBrains.Annotations.StringFormatMethodAttribute.#ctor(System.String)"><argument>message</argument></attribute>
  </member>
  <member name="M:NUnit.Framework.Assert.IsTrue(System.Boolean,System.String,System.Object[])">
    <attribute ctor="M:JetBrains.Annotations.StringFormatMethodAttribute.#ctor(System.String)"><argument>message</argument></attribute>
  </member>
  <member name="M:NUnit.Framework.Assert.Less(System.Decimal,System.Decimal,System.String,System.Object[])">
    <attribute ctor="M:JetBrains.Annotations.StringFormatMethodAttribute.#ctor(System.String)"><argument>message</argument></attribute>
  </member>
  <member name="M:NUnit.Framework.Assert.Less(System.Double,System.Double,System.String,System.Object[])">
    <attribute ctor="M:JetBrains.Annotations.StringFormatMethodAttribute.#ctor(System.String)"><argument>message</argument></attribute>
  </member>
  <member name="M:NUnit.Framework.Assert.Less(System.Int32,System.Int32,System.String,System.Object[])">
    <attribute ctor="M:JetBrains.Annotations.StringFormatMethodAttribute.#ctor(System.String)"><argument>message</argument></attribute>
  </member>
  <member name="M:NUnit.Framework.Assert.Less(System.Int64,System.Int64,System.String,System.Object[])">
    <attribute ctor="M:JetBrains.Annotations.StringFormatMethodAttribute.#ctor(System.String)"><argument>message</argument></attribute>
  </member>
  <member name="M:NUnit.Framework.Assert.Less(System.Single,System.Single,System.String,System.Object[])">
    <attribute ctor="M:JetBrains.Annotations.StringFormatMethodAttribute.#ctor(System.String)"><argument>message</argument></attribute>
  </member>
  <member name="M:NUnit.Framework.Assert.Less(System.IComparable,System.IComparable,System.String,System.Object[])">
    <attribute ctor="M:JetBrains.Annotations.StringFormatMethodAttribute.#ctor(System.String)"><argument>message</argument></attribute>
  </member>
  <member name="M:NUnit.Framework.Assert.Less(System.UInt32,System.UInt32,System.String,System.Object[])">
    <attribute ctor="M:JetBrains.Annotations.StringFormatMethodAttribute.#ctor(System.String)"><argument>message</argument></attribute>
  </member>
  <member name="M:NUnit.Framework.Assert.Less(System.UInt64,System.UInt64,System.String,System.Object[])">
    <attribute ctor="M:JetBrains.Annotations.StringFormatMethodAttribute.#ctor(System.String)"><argument>message</argument></attribute>
  </member>
  <member name="M:NUnit.Framework.Assert.LessOrEqual(System.Decimal,System.Decimal,System.String,System.Object[])">
    <attribute ctor="M:JetBrains.Annotations.StringFormatMethodAttribute.#ctor(System.String)"><argument>message</argument></attribute>
  </member>
  <member name="M:NUnit.Framework.Assert.LessOrEqual(System.Double,System.Double,System.String,System.Object[])">
    <attribute ctor="M:JetBrains.Annotations.StringFormatMethodAttribute.#ctor(System.String)"><argument>message</argument></attribute>
  </member>
  <member name="M:NUnit.Framework.Assert.LessOrEqual(System.Int32,System.Int32,System.String,System.Object[])">
    <attribute ctor="M:JetBrains.Annotations.StringFormatMethodAttribute.#ctor(System.String)"><argument>message</argument></attribute>
  </member>
  <member name="M:NUnit.Framework.Assert.LessOrEqual(System.Int64,System.Int64,System.String,System.Object[])">
    <attribute ctor="M:JetBrains.Annotations.StringFormatMethodAttribute.#ctor(System.String)"><argument>message</argument></attribute>
  </member>
  <member name="M:NUnit.Framework.Assert.LessOrEqual(System.Single,System.Single,System.String,System.Object[])">
    <attribute ctor="M:JetBrains.Annotations.StringFormatMethodAttribute.#ctor(System.String)"><argument>message</argument></attribute>
  </member>
  <member name="M:NUnit.Framework.Assert.LessOrEqual(System.IComparable,System.IComparable,System.String,System.Object[])">
    <attribute ctor="M:JetBrains.Annotations.StringFormatMethodAttribute.#ctor(System.String)"><argument>message</argument></attribute>
  </member>
  <member name="M:NUnit.Framework.Assert.LessOrEqual(System.UInt32,System.UInt32,System.String,System.Object[])">
    <attribute ctor="M:JetBrains.Annotations.StringFormatMethodAttribute.#ctor(System.String)"><argument>message</argument></attribute>
  </member>
  <member name="M:NUnit.Framework.Assert.LessOrEqual(System.UInt64,System.UInt64,System.String,System.Object[])">
    <attribute ctor="M:JetBrains.Annotations.StringFormatMethodAttribute.#ctor(System.String)"><argument>message</argument></attribute>
  </member>
  <member name="M:NUnit.Framework.Assert.NotNull(System.Object,System.String,System.Object[])">
    <attribute ctor="M:JetBrains.Annotations.StringFormatMethodAttribute.#ctor(System.String)"><argument>message</argument></attribute>
  </member>
  <member name="M:NUnit.Framework.Assert.Null(System.Object,System.String,System.Object[])">
    <attribute ctor="M:JetBrains.Annotations.StringFormatMethodAttribute.#ctor(System.String)"><argument>message</argument></attribute>
  </member>
  <member name="M:NUnit.Framework.Assert.Pass(System.String,System.Object[])">
    <attribute ctor="M:JetBrains.Annotations.StringFormatMethodAttribute.#ctor(System.String)"><argument>message</argument></attribute>
  </member>
  <member name="M:NUnit.Framework.Assert.That(System.Boolean,System.String,System.Object[])">
    <attribute ctor="M:JetBrains.Annotations.StringFormatMethodAttribute.#ctor(System.String)"><argument>message</argument></attribute>
  </member>
  <member name="M:NUnit.Framework.Assert.That(NUnit.Framework.Constraints.ActualValueDelegate,NUnit.Framework.Constraints.IResolveConstraint,System.String,System.Object[])">
    <attribute ctor="M:JetBrains.Annotations.StringFormatMethodAttribute.#ctor(System.String)"><argument>message</argument></attribute>
  </member>
  <member name="M:NUnit.Framework.Assert.That(System.Object,NUnit.Framework.Constraints.IResolveConstraint,System.String,System.Object[])">
    <attribute ctor="M:JetBrains.Annotations.StringFormatMethodAttribute.#ctor(System.String)"><argument>message</argument></attribute>
  </member>
  <member name="M:NUnit.Framework.Assert.That``1(``0,NUnit.Framework.Constraints.IResolveConstraint,System.String,System.Object[])">
    <attribute ctor="M:JetBrains.Annotations.StringFormatMethodAttribute.#ctor(System.String)"><argument>message</argument></attribute>
  </member>
  <member name="M:NUnit.Framework.Assert.True(System.Boolean,System.String,System.Object[])">
    <attribute ctor="M:JetBrains.Annotations.StringFormatMethodAttribute.#ctor(System.String)"><argument>message</argument></attribute>
  </member>
  <member name="M:NUnit.Framework.Assert.Catch(NUnit.Framework.TestDelegate,System.String,System.Object[])">
    <attribute ctor="M:JetBrains.Annotations.StringFormatMethodAttribute.#ctor(System.String)"><argument>message</argument></attribute>
  </member>
  <member name="M:NUnit.Framework.Assert.Catch``1(NUnit.Framework.TestDelegate,System.String,System.Object[])">
    <attribute ctor="M:JetBrains.Annotations.StringFormatMethodAttribute.#ctor(System.String)"><argument>message</argument></attribute>
  </member>
  <member name="M:NUnit.Framework.Assert.Catch(System.Type,NUnit.Framework.TestDelegate,System.String,System.Object[])">
    <attribute ctor="M:JetBrains.Annotations.StringFormatMethodAttribute.#ctor(System.String)"><argument>message</argument></attribute>
  </member>
  <member name="M:NUnit.Framework.Assert.Throws(NUnit.Framework.Constraints.IResolveContext,NUnit.Framework.TestDelegate,System.String,System.Object[])">
    <attribute ctor="M:JetBrains.Annotations.StringFormatMethodAttribute.#ctor(System.String)"><argument>message</argument></attribute>
  </member>
  <member name="M:NUnit.Framework.Assert.Throws``1(NUnit.Framework.TestDelegate,System.String,System.Object[])">
    <attribute ctor="M:JetBrains.Annotations.StringFormatMethodAttribute.#ctor(System.String)"><argument>message</argument></attribute>
  </member>
  <member name="M:NUnit.Framework.Assert.Throws(System.Type,NUnit.Framework.TestDelegate,System.String,System.Object[])">
    <attribute ctor="M:JetBrains.Annotations.StringFormatMethodAttribute.#ctor(System.String)"><argument>message</argument></attribute>
  </member>
</assembly>
