﻿<?xml version="1.0" encoding="utf-8"?>
<assembly name="System.Windows.Controls.Data.Input, Version=2.0.5.0">
  <member name="M:System.Windows.Automation.Peers.DescriptionViewerAutomationPeer.GetClassNameCore">
    <attribute ctor="M:JetBrains.Annotations.NotNullAttribute.#ctor" />
  </member>
  <member name="M:System.Windows.Automation.Peers.ValidationSummaryAutomationPeer.GetClassNameCore">
    <attribute ctor="M:JetBrains.Annotations.NotNullAttribute.#ctor" />
  </member>
  <member name="P:System.Windows.Controls.Data.Input.Resources.UnderlyingPropertyIsReadOnly">
    <attribute ctor="M:JetBrains.Annotations.CanBeNullAttribute.#ctor" />
  </member>
  <member name="P:System.Windows.Controls.Data.Input.Resources.ValidationSummaryHeaderError">
    <attribute ctor="M:JetBrains.Annotations.CanBeNullAttribute.#ctor" />
  </member>
  <member name="P:System.Windows.Controls.Data.Input.Resources.ValidationSummaryHeaderErrors">
    <attribute ctor="M:JetBrains.Annotations.CanBeNullAttribute.#ctor" />
  </member>
  <member name="P:System.Windows.Controls.Data.Input.Resources.ValidationSummaryItem">
    <attribute ctor="M:JetBrains.Annotations.CanBeNullAttribute.#ctor" />
  </member>
  <member name="P:System.Windows.Controls.Data.Input.Resources.ValidationSummarySampleError">
    <attribute ctor="M:JetBrains.Annotations.CanBeNullAttribute.#ctor" />
  </member>
  <member name="M:System.Windows.Controls.DescriptionViewer.OnCreateAutomationPeer">
    <attribute ctor="M:JetBrains.Annotations.NotNullAttribute.#ctor" />
  </member>
  <member name="M:System.Windows.Controls.ValidationHelper.GetProperty(System.Type,System.String)">
    <attribute ctor="M:JetBrains.Annotations.CanBeNullAttribute.#ctor" />
    <parameter name="entityType">
      <attribute ctor="M:JetBrains.Annotations.NotNullAttribute.#ctor" />
    </parameter>
    <parameter name="propertyPath">
      <attribute ctor="M:JetBrains.Annotations.NotNullAttribute.#ctor" />
    </parameter>
  </member>
  <member name="M:System.Windows.Controls.ValidationHelper.GetValidationMetadata()">
    <attribute ctor="M:JetBrains.Annotations.CanBeNullAttribute.#ctor" />
    <parameter name="inputControl">
      <attribute ctor="M:JetBrains.Annotations.NotNullAttribute.#ctor" />
    </parameter>
  </member>
  <member name="M:System.Windows.Controls.ValidationHelper.ParseMetadata(,System.Boolean,System.Object@,@)">
    <attribute ctor="M:JetBrains.Annotations.CanBeNullAttribute.#ctor" />
  </member>
  <member name="M:System.Windows.Controls.ValidationHelper.ParseMetadata(System.String,System.Object)">
    <attribute ctor="M:JetBrains.Annotations.CanBeNullAttribute.#ctor" />
  </member>
  <member name="M:System.Windows.Controls.ValidationHelper.SetValidationMetadata(,System.Windows.Controls.ValidationMetadata)">
    <parameter name="inputControl">
      <attribute ctor="M:JetBrains.Annotations.NotNullAttribute.#ctor" />
    </parameter>
  </member>
  <member name="M:System.Windows.Controls.ValidationSummary.CompareValidationSummaryItems(System.Windows.Controls.ValidationSummaryItem,System.Windows.Controls.ValidationSummaryItem)">
    <parameter name="x">
      <attribute ctor="M:JetBrains.Annotations.NotNullAttribute.#ctor" />
    </parameter>
    <parameter name="y">
      <attribute ctor="M:JetBrains.Annotations.NotNullAttribute.#ctor" />
    </parameter>
  </member>
  <member name="P:System.Windows.Controls.ValidationSummary.DisplayedErrors">
    <attribute ctor="M:JetBrains.Annotations.NotNullAttribute.#ctor" />
  </member>
  <member name="M:System.Windows.Controls.ValidationSummary.GetHeaderString">
    <attribute ctor="M:JetBrains.Annotations.CanBeNullAttribute.#ctor" />
  </member>
  <member name="M:System.Windows.Controls.ValidationSummary.GetShowErrorsInSummary()">
    <parameter name="inputControl">
      <attribute ctor="M:JetBrains.Annotations.NotNullAttribute.#ctor" />
    </parameter>
  </member>
  <member name="M:System.Windows.Controls.ValidationSummary.OnCreateAutomationPeer">
    <attribute ctor="M:JetBrains.Annotations.NotNullAttribute.#ctor" />
  </member>
  <member name="M:System.Windows.Controls.ValidationSummary.SetShowErrorsInSummary(,System.Boolean)">
    <parameter name="inputControl">
      <attribute ctor="M:JetBrains.Annotations.NotNullAttribute.#ctor" />
    </parameter>
  </member>
</assembly>