﻿<?xml version="1.0" encoding="utf-8"?>
<assembly name="PresentationFramework.Classic, Version=3.0.0.0">
  <member name="M:Microsoft.Windows.Themes.ClassicBorderDecorator.BorderBrushesChanged(,)">
    <parameter name="d">
      <attribute ctor="M:JetBrains.Annotations.NotNullAttribute.#ctor" />
    </parameter>
  </member>
  <member name="M:Microsoft.Windows.Themes.ClassicBorderDecorator.GenerateBorderGeometry(,)">
    <attribute ctor="M:JetBrains.Annotations.NotNullAttribute.#ctor" />
  </member>
  <member name="M:Microsoft.Windows.Themes.ClassicBorderDecorator.GenerateRectFigure()">
    <attribute ctor="M:JetBrains.Annotations.NotNullAttribute.#ctor" />
  </member>
  <member name="M:Microsoft.Windows.Themes.ClassicBorderDecorator.GenerateTabTopHighlightGeometry(,System.Boolean)">
    <attribute ctor="M:JetBrains.Annotations.NotNullAttribute.#ctor" />
  </member>
  <member name="M:Microsoft.Windows.Themes.ClassicBorderDecorator.GenerateTabTopShadowGeometry(,System.Boolean)">
    <attribute ctor="M:JetBrains.Annotations.NotNullAttribute.#ctor" />
  </member>
  <member name="M:Microsoft.Windows.Themes.ClassicBorderDecorator.GetPixelSnappingGuidelines(System.Double,System.Double,System.Double,System.Int32)">
    <attribute ctor="M:JetBrains.Annotations.NotNullAttribute.#ctor" />
  </member>
  <member name="M:Microsoft.Windows.Themes.ClassicBorderDecorator.HelperCollapseThickness()">
    <attribute ctor="M:JetBrains.Annotations.NotNullAttribute.#ctor" />
  </member>
  <member name="M:Microsoft.Windows.Themes.ClassicBorderDecorator.HelperDeflateRect(,)">
    <attribute ctor="M:JetBrains.Annotations.NotNullAttribute.#ctor" />
  </member>
  <member name="M:Microsoft.Windows.Themes.ClassicBorderDecorator.IsValidBorderStyle(System.Object)">
    <parameter name="o">
      <attribute ctor="M:JetBrains.Annotations.NotNullAttribute.#ctor" />
    </parameter>
  </member>
  <member name="M:Microsoft.Windows.Themes.ClassicBorderDecorator.ScaleThickness(,System.Double)">
    <attribute ctor="M:JetBrains.Annotations.NotNullAttribute.#ctor" />
  </member>
  <member name="M:Microsoft.Windows.Themes.ProgressBarBrushConverter.Convert(System.Object[],System.Type,System.Object,System.Globalization.CultureInfo)">
    <attribute ctor="M:JetBrains.Annotations.CanBeNullAttribute.#ctor" />
  </member>
  <member name="M:Microsoft.Windows.Themes.ProgressBarBrushConverter.ConvertBack(System.Object,System.Type[],System.Object,System.Globalization.CultureInfo)">
    <attribute ctor="M:JetBrains.Annotations.CanBeNullAttribute.#ctor" />
  </member>
  <member name="M:Microsoft.Windows.Themes.SystemDropShadowChrome.ClearBrushes(,)">
    <parameter name="o">
      <attribute ctor="M:JetBrains.Annotations.NotNullAttribute.#ctor" />
    </parameter>
  </member>
  <member name="M:Microsoft.Windows.Themes.SystemDropShadowChrome.CreateBrushes(,)">
    <attribute ctor="M:JetBrains.Annotations.NotNullAttribute.#ctor" />
  </member>
  <member name="M:Microsoft.Windows.Themes.SystemDropShadowChrome.CreateStops(,System.Double)">
    <attribute ctor="M:JetBrains.Annotations.NotNullAttribute.#ctor" />
  </member>
</assembly>