<assembly name="System.Windows, Version=2.0.5.0">
  <member name="M:System.Windows.ApplicationUnhandledExceptionEventArgs.#ctor(System.Exception,System.Boolean)">
    <parameter name="ex">
      <attribute ctor="M:JetBrains.Annotations.NotNullAttribute.#ctor" />
    </parameter>
  </member>
  <member name="P:System.Windows.ApplicationUnhandledExceptionEventArgs.ExceptionObject">
    <attribute ctor="M:JetBrains.Annotations.NotNullAttribute.#ctor" />
  </member>
  <member name="P:System.Windows.DependencyObject.Dispatcher">
    <attribute ctor="M:JetBrains.Annotations.NotNullAttribute.#ctor" />
  </member>
  <member name="M:System.Windows.DependencyObject.ReadLocalValue(System.Windows.DependencyProperty)">
    <attribute ctor="M:JetBrains.Annotations.NotNullAttribute.#ctor" />
  </member>
  <member name="M:System.Windows.DependencyProperty.Register(System.String,System.Type,System.Type,System.Windows.PropertyMetadata)">
    <attribute ctor="M:JetBrains.Annotations.NotNullAttribute.#ctor" />
  </member>
  <member name="M:System.Windows.DependencyProperty.RegisterAttached(System.String,System.Type,System.Type,System.Windows.PropertyMetadata)">
    <attribute ctor="M:JetBrains.Annotations.NotNullAttribute.#ctor" />
  </member>
  <member name="P:System.Windows.DependencyPropertyChangedEventArgs.Property">
    <attribute ctor="M:JetBrains.Annotations.NotNullAttribute.#ctor" />
  </member>
  <member name="P:System.Windows.Deployment.Current">
    <attribute ctor="M:JetBrains.Annotations.NotNullAttribute.#ctor" />
  </member>
  <member name="P:System.Windows.Deployment.EntryPointAssembly">
    <attribute ctor="M:JetBrains.Annotations.NotNullAttribute.#ctor" />
  </member>
  <member name="P:System.Windows.Deployment.EntryPointType">
    <attribute ctor="M:JetBrains.Annotations.NotNullAttribute.#ctor" />
  </member>
  <member name="P:System.Windows.Deployment.Parts">
    <attribute ctor="M:JetBrains.Annotations.NotNullAttribute.#ctor" />
  </member>
  <member name="P:System.Windows.Deployment.RuntimeVersion">
    <attribute ctor="M:JetBrains.Annotations.NotNullAttribute.#ctor" />
  </member>
  <member name="M:System.Windows.Deployment.RegisterAssembly(System.Reflection.Assembly)">
    <parameter name="assembly">
      <attribute ctor="M:JetBrains.Annotations.NotNullAttribute.#ctor" />
    </parameter>
  </member>
</assembly>