﻿<?xml version="1.0" encoding="utf-8"?>
<assembly name="System.Windows.Data, Version=2.0.5.0">
  <member name="P:System.ComponentModel.PagedCollectionViewResources.CancelEditNotSupported">
    <attribute ctor="M:JetBrains.Annotations.CanBeNullAttribute.#ctor" />
  </member>
  <member name="P:System.ComponentModel.PagedCollectionViewResources.CannotFilter">
    <attribute ctor="M:JetBrains.Annotations.CanBeNullAttribute.#ctor" />
  </member>
  <member name="P:System.ComponentModel.PagedCollectionViewResources.ChangingPageSizeNotAllowedDuringAddOrEdit">
    <attribute ctor="M:JetBrains.Annotations.CanBeNullAttribute.#ctor" />
  </member>
  <member name="P:System.ComponentModel.PagedCollectionViewResources.EnumeratorVersionChanged">
    <attribute ctor="M:JetBrains.Annotations.CanBeNullAttribute.#ctor" />
  </member>
  <member name="P:System.ComponentModel.PagedCollectionViewResources.IndexOutOfRange">
    <attribute ctor="M:JetBrains.Annotations.CanBeNullAttribute.#ctor" />
  </member>
  <member name="P:System.ComponentModel.PagedCollectionViewResources.InvalidEnumArgument">
    <attribute ctor="M:JetBrains.Annotations.CanBeNullAttribute.#ctor" />
  </member>
  <member name="P:System.ComponentModel.PagedCollectionViewResources.InvalidPageSize">
    <attribute ctor="M:JetBrains.Annotations.CanBeNullAttribute.#ctor" />
  </member>
  <member name="P:System.ComponentModel.PagedCollectionViewResources.NoCheckOrChangeWhenDeferred">
    <attribute ctor="M:JetBrains.Annotations.CanBeNullAttribute.#ctor" />
  </member>
  <member name="P:System.ComponentModel.PagedCollectionViewResources.OperationNotAllowedDuringAddOrEdit">
    <attribute ctor="M:JetBrains.Annotations.CanBeNullAttribute.#ctor" />
  </member>
  <member name="P:System.ComponentModel.PagedCollectionViewResources.OperationNotAllowedDuringTransaction">
    <attribute ctor="M:JetBrains.Annotations.CanBeNullAttribute.#ctor" />
  </member>
  <member name="P:System.ComponentModel.PagedCollectionViewResources.OperationNotAllowedForView">
    <attribute ctor="M:JetBrains.Annotations.CanBeNullAttribute.#ctor" />
  </member>
  <member name="P:System.ComponentModel.PagedCollectionViewResources.PropertyNotReadable">
    <attribute ctor="M:JetBrains.Annotations.CanBeNullAttribute.#ctor" />
  </member>
  <member name="P:System.ComponentModel.PagedCollectionViewResources.RemoveNotSupported">
    <attribute ctor="M:JetBrains.Annotations.CanBeNullAttribute.#ctor" />
  </member>
  <member name="M:System.Windows.Common.TypeHelper.FindGenericType(System.Type,System.Type)">
    <attribute ctor="M:JetBrains.Annotations.CanBeNullAttribute.#ctor" />
    <parameter name="definition">
      <attribute ctor="M:JetBrains.Annotations.NotNullAttribute.#ctor" />
    </parameter>
  </member>
  <member name="M:System.Windows.Common.TypeHelper.GetDefaultMemberName(System.Type)">
    <parameter name="type">
      <attribute ctor="M:JetBrains.Annotations.NotNullAttribute.#ctor" />
    </parameter>
  </member>
  <member name="M:System.Windows.Common.TypeHelper.GetNestedProperty(System.Type,System.String,System.Exception@,System.Object@)">
    <attribute ctor="M:JetBrains.Annotations.CanBeNullAttribute.#ctor" />
    <parameter name="parentType">
      <attribute ctor="M:JetBrains.Annotations.NotNullAttribute.#ctor" />
    </parameter>
  </member>
  <member name="M:System.Windows.Common.TypeHelper.GetNestedPropertyType(System.Type,System.String)">
    <parameter name="parentType">
      <attribute ctor="M:JetBrains.Annotations.NotNullAttribute.#ctor" />
    </parameter>
    <attribute ctor="M:JetBrains.Annotations.CanBeNullAttribute.#ctor" />
  </member>
  <member name="M:System.Windows.Common.TypeHelper.GetNonNullableType(System.Type)">
    <parameter name="type">
      <attribute ctor="M:JetBrains.Annotations.NotNullAttribute.#ctor" />
    </parameter>
  </member>
  <member name="M:System.Windows.Common.TypeHelper.GetPropertyOrIndexer(System.Type,System.String,System.Object[]@)">
    <parameter name="type">
      <attribute ctor="M:JetBrains.Annotations.NotNullAttribute.#ctor" />
    </parameter>
  </member>
  <member name="M:System.Windows.Common.TypeHelper.GetTypeName(System.Type)">
    <parameter name="type">
      <attribute ctor="M:JetBrains.Annotations.NotNullAttribute.#ctor" />
    </parameter>
  </member>
  <member name="M:System.Windows.Common.TypeHelper.SplitPropertyPath(System.String)">
    <attribute ctor="M:JetBrains.Annotations.NotNullAttribute.#ctor" />
  </member>
  <member name="M:System.Windows.Data.CollectionViewGroupInternal.CollectionViewGroupComparer.Compare(System.Object,System.Object)">
    <parameter name="y">
      <attribute ctor="M:JetBrains.Annotations.CanBeNullAttribute.#ctor" />
    </parameter>
    <parameter name="x">
      <attribute ctor="M:JetBrains.Annotations.CanBeNullAttribute.#ctor" />
    </parameter>
  </member>
  <member name="M:System.Windows.Data.CollectionViewGroupInternal.FindIndex(System.Object,System.Object,System.Collections.IComparer,System.Int32,System.Int32)">
    <parameter name="seed">
      <attribute ctor="M:JetBrains.Annotations.NotNullAttribute.#ctor" />
    </parameter>
  </member>
  <member name="M:System.Windows.Data.CollectionViewGroupInternal.GetLeafEnumerator">
    <attribute ctor="M:JetBrains.Annotations.NotNullAttribute.#ctor" />
  </member>
  <member name="M:System.Windows.Data.CollectionViewGroupInternal.Insert(System.Object,System.Object,System.Collections.IComparer)">
    <parameter name="seed">
      <attribute ctor="M:JetBrains.Annotations.NotNullAttribute.#ctor" />
    </parameter>
  </member>
  <member name="P:System.Windows.Data.CollectionViewGroupInternal.LeafEnumerator.System#Collections#IEnumerator#Current">
    <attribute ctor="M:JetBrains.Annotations.CanBeNullAttribute.#ctor" />
  </member>
  <member name="M:System.Windows.Data.CollectionViewGroupInternal.ListComparer.Compare(System.Object,System.Object)">
    <parameter name="y">
      <attribute ctor="M:JetBrains.Annotations.CanBeNullAttribute.#ctor" />
    </parameter>
    <parameter name="x">
      <attribute ctor="M:JetBrains.Annotations.CanBeNullAttribute.#ctor" />
    </parameter>
  </member>
  <member name="M:System.Windows.Data.CollectionViewGroupInternal.RemoveEmptyGroup(System.Windows.Data.CollectionViewGroupInternal)">
    <parameter name="group">
      <attribute ctor="M:JetBrains.Annotations.NotNullAttribute.#ctor" />
    </parameter>
  </member>
  <member name="M:System.Windows.Data.CollectionViewGroupRoot.AddToSubgroup(System.Object,System.Windows.Data.CollectionViewGroupInternal,System.Int32,System.Object,System.Boolean)">
    <parameter name="group">
      <attribute ctor="M:JetBrains.Annotations.NotNullAttribute.#ctor" />
    </parameter>
    <parameter name="item">
      <attribute ctor="M:JetBrains.Annotations.NotNullAttribute.#ctor" />
    </parameter>
  </member>
  <member name="M:System.Windows.Data.CollectionViewGroupRoot.AddToSubgroups(System.Object,System.Boolean)">
    <parameter name="item">
      <attribute ctor="M:JetBrains.Annotations.NotNullAttribute.#ctor" />
    </parameter>
  </member>
  <member name="M:System.Windows.Data.CollectionViewGroupRoot.AddToSubgroups(System.Object,System.Windows.Data.CollectionViewGroupInternal,System.Int32,System.Boolean)">
    <parameter name="group">
      <attribute ctor="M:JetBrains.Annotations.NotNullAttribute.#ctor" />
    </parameter>
    <parameter name="item">
      <attribute ctor="M:JetBrains.Annotations.NotNullAttribute.#ctor" />
    </parameter>
  </member>
  <member name="M:System.Windows.Data.CollectionViewGroupRoot.InitializeGroup(System.Windows.Data.CollectionViewGroupInternal,System.Int32,System.Object)">
    <parameter name="group">
      <attribute ctor="M:JetBrains.Annotations.NotNullAttribute.#ctor" />
    </parameter>
  </member>
  <member name="M:System.Windows.Data.CollectionViewGroupRoot.RemoveFromGroupDirectly(System.Windows.Data.CollectionViewGroupInternal,System.Object)">
    <parameter name="group">
      <attribute ctor="M:JetBrains.Annotations.NotNullAttribute.#ctor" />
    </parameter>
  </member>
  <member name="M:System.Windows.Data.CollectionViewGroupRoot.RemoveFromSubgroup(System.Object,System.Windows.Data.CollectionViewGroupInternal,System.Int32,System.Object)">
    <parameter name="group">
      <attribute ctor="M:JetBrains.Annotations.NotNullAttribute.#ctor" />
    </parameter>
  </member>
  <member name="M:System.Windows.Data.CollectionViewGroupRoot.RemoveFromSubgroups(System.Object,System.Windows.Data.CollectionViewGroupInternal,System.Int32)">
    <parameter name="group">
      <attribute ctor="M:JetBrains.Annotations.NotNullAttribute.#ctor" />
    </parameter>
  </member>
  <member name="M:System.Windows.Data.CollectionViewGroupRoot.RemoveItemFromSubgroupsByExhaustiveSearch(System.Windows.Data.CollectionViewGroupInternal,System.Object)">
    <parameter name="group">
      <attribute ctor="M:JetBrains.Annotations.NotNullAttribute.#ctor" />
    </parameter>
  </member>
  <member name="M:System.Windows.Data.CollectionViewGroupRoot.TopLevelGroupDescription.GroupNameFromItem(System.Object,System.Int32,System.Globalization.CultureInfo)">
    <attribute ctor="M:JetBrains.Annotations.CanBeNullAttribute.#ctor" />
  </member>
  <member name="M:System.Windows.Data.PagedCollectionView.#ctor(System.Collections.IEnumerable)">
    <parameter name="source">
      <attribute ctor="M:JetBrains.Annotations.NotNullAttribute.#ctor" />
    </parameter>
  </member>
  <member name="M:System.Windows.Data.PagedCollectionView.#ctor(System.Collections.IEnumerable,System.Boolean,System.Boolean)">
    <parameter name="source">
      <attribute ctor="M:JetBrains.Annotations.NotNullAttribute.#ctor" />
    </parameter>
  </member>
  <member name="M:System.Windows.Data.PagedCollectionView.Contains(System.Object)">
    <parameter name="item">
      <attribute ctor="M:JetBrains.Annotations.NotNullAttribute.#ctor" />
    </parameter>
  </member>
  <member name="M:System.Windows.Data.PagedCollectionView.CultureSensitiveComparer.Compare(System.Object,System.Object)">
    <parameter name="y">
      <attribute ctor="M:JetBrains.Annotations.CanBeNullAttribute.#ctor" />
    </parameter>
    <parameter name="x">
      <attribute ctor="M:JetBrains.Annotations.CanBeNullAttribute.#ctor" />
    </parameter>
  </member>
  <member name="M:System.Windows.Data.PagedCollectionView.DeferRefresh">
    <attribute ctor="M:JetBrains.Annotations.NotNullAttribute.#ctor" />
  </member>
  <member name="M:System.Windows.Data.PagedCollectionView.GetEnumerator">
    <attribute ctor="M:JetBrains.Annotations.CanBeNullAttribute.#ctor" />
  </member>
  <member name="M:System.Windows.Data.PagedCollectionView.GetRepresentativeItem">
    <attribute ctor="M:JetBrains.Annotations.CanBeNullAttribute.#ctor" />
  </member>
  <member name="M:System.Windows.Data.PagedCollectionView.IndexOf(System.Object)">
    <parameter name="item">
      <attribute ctor="M:JetBrains.Annotations.NotNullAttribute.#ctor" />
    </parameter>
  </member>
  <member name="M:System.Windows.Data.PagedCollectionView.InternalIndexOf(System.Object)">
    <parameter name="item">
      <attribute ctor="M:JetBrains.Annotations.NotNullAttribute.#ctor" />
    </parameter>
  </member>
  <member name="M:System.Windows.Data.PagedCollectionView.NewItemAwareEnumerator.#ctor(System.Windows.Data.PagedCollectionView,System.Collections.IEnumerator,System.Object)">
    <parameter name="collectionView">
      <attribute ctor="M:JetBrains.Annotations.NotNullAttribute.#ctor" />
    </parameter>
  </member>
  <member name="P:System.Windows.Data.PagedCollectionView.NewItemAwareEnumerator.Current">
    <attribute ctor="M:JetBrains.Annotations.CanBeNullAttribute.#ctor" />
  </member>
  <member name="M:System.Windows.Data.PagedCollectionView.OnCollectionChanged()">
    <parameter name="args">
      <attribute ctor="M:JetBrains.Annotations.NotNullAttribute.#ctor" />
    </parameter>
  </member>
  <member name="M:System.Windows.Data.PagedCollectionView.OnCurrentChanging()">
    <parameter name="args">
      <attribute ctor="M:JetBrains.Annotations.NotNullAttribute.#ctor" />
    </parameter>
  </member>
  <member name="M:System.Windows.Data.PagedCollectionView.PrepareGroupingComparer(System.Windows.Data.CollectionViewGroupRoot)">
    <parameter name="groupRoot">
      <attribute ctor="M:JetBrains.Annotations.NotNullAttribute.#ctor" />
    </parameter>
  </member>
  <member name="M:System.Windows.Data.PagedCollectionView.PrepareLocalArray(System.Collections.IEnumerable)">
    <parameter name="enumerable">
      <attribute ctor="M:JetBrains.Annotations.NotNullAttribute.#ctor" />
    </parameter>
  </member>
  <member name="M:System.Windows.Data.PagedCollectionView.ProcessAddEvent(System.Object,System.Int32)">
    <parameter name="addedItem">
      <attribute ctor="M:JetBrains.Annotations.NotNullAttribute.#ctor" />
    </parameter>
  </member>
  <member name="M:System.Windows.Data.PagedCollectionView.ProcessInsertToCollection(System.Object,System.Int32)">
    <parameter name="item">
      <attribute ctor="M:JetBrains.Annotations.NotNullAttribute.#ctor" />
    </parameter>
  </member>
  <member name="M:System.Windows.Data.PagedCollectionView.ProcessRemoveEvent(System.Object,System.Boolean)">
    <parameter name="removedItem">
      <attribute ctor="M:JetBrains.Annotations.NotNullAttribute.#ctor" />
    </parameter>
  </member>
  <member name="M:System.Windows.Data.PagedCollectionView.Remove(System.Object)">
    <parameter name="item">
      <attribute ctor="M:JetBrains.Annotations.NotNullAttribute.#ctor" />
    </parameter>
  </member>
  <member name="M:System.Windows.Data.PagedCollectionView.ResetCurrencyValues(System.Object,System.Boolean,System.Boolean)">
    <parameter name="oldCurrentItem">
      <attribute ctor="M:JetBrains.Annotations.NotNullAttribute.#ctor" />
    </parameter>
  </member>
  <member name="M:System.Windows.Data.PagedCollectionView.SortFieldComparer.Compare(System.Object,System.Object)">
    <parameter name="y">
      <attribute ctor="M:JetBrains.Annotations.CanBeNullAttribute.#ctor" />
    </parameter>
    <parameter name="x">
      <attribute ctor="M:JetBrains.Annotations.CanBeNullAttribute.#ctor" />
    </parameter>
  </member>
  <member name="M:System.Windows.Data.PagedCollectionView.SortFieldComparer.CreatePropertyInfo()">
    <attribute ctor="M:JetBrains.Annotations.NotNullAttribute.#ctor" />
    <parameter name="sortFields">
      <attribute ctor="M:JetBrains.Annotations.NotNullAttribute.#ctor" />
    </parameter>
  </member>
  <member name="M:System.Windows.Data.PagedCollectionView.SortFieldComparer.FindInsertIndex(System.Object,System.Collections.IList)">
    <parameter name="list">
      <attribute ctor="M:JetBrains.Annotations.NotNullAttribute.#ctor" />
    </parameter>
  </member>
  <member name="M:System.Windows.Data.PagedCollectionView.SortFieldComparer.SortPropertyInfo.GetValue(System.Object)">
    <parameter name="o">
      <attribute ctor="M:JetBrains.Annotations.NotNullAttribute.#ctor" />
    </parameter>
  </member>
  <member name="M:System.Windows.Data.PagedCollectionView.SortList(System.Collections.Generic.List{System.Object})">
    <parameter name="list">
      <attribute ctor="M:JetBrains.Annotations.NotNullAttribute.#ctor" />
    </parameter>
  </member>
  <member name="P:System.Windows.Data.PagedCollectionView.SourceList">
    <attribute ctor="M:JetBrains.Annotations.CanBeNullAttribute.#ctor" />
  </member>
  <member name="M:System.Windows.Data.PagedCollectionView.System#Collections#IEnumerable#GetEnumerator">
    <attribute ctor="M:JetBrains.Annotations.CanBeNullAttribute.#ctor" />
  </member>
</assembly>