<?xml version="1.0" encoding="utf-8"?>
<assembly name="Microsoft.Practices.Web.UI.WebControls">

  <!-- Strongly Typed Data Controls -->
  <member name="P:Microsoft.Practices.Web.UI.WebControls.ObjectContainerDataSource.DataObjectTypeName">
    <attribute ctor="M:JetBrains.Annotations.AspTypePropertyAttribute.#ctor(System.Boolean)">
      <argument>false</argument>
    </attribute>
  </member>
  <member name="P:Microsoft.Practices.Web.UI.WebControls.ObjectContainerDataSourceView.DataObjectTypeName">
    <attribute ctor="M:JetBrains.Annotations.AspTypePropertyAttribute.#ctor(System.Boolean)">
      <argument>false</argument>
    </attribute>
  </member>

</assembly>