<?xml version="1.0"?>
<doc>
    <assembly>
        <name>dotPeek</name>
    </assembly>
    <members>
        <member name="T:JetBrains.DotPeek.Resources.DotPeekPngThemedIcons">
             <summary>
              <para>
                <para>Autogenerated identifier classes and identifier objects to Themed Icons registered with <see cref="T:JetBrains.UI.Icons.IThemedIconManager"/>.</para>
                <para>Identifier classes should be used in attributes, XAML, or generic parameters. Where an <see cref="T:JetBrains.UI.Icons.IconId"/> value is expected, use the identifier object in the <c>Id</c> field of the identifier class.</para>
              </para>
            </summary>
            <remarks>
              <para>This code was compile-time generated to support Themed Icons in the JetBrains application.</para>
              <para>It has two primary goals: load the icons of this assembly to be registered with <see cref="T:JetBrains.UI.Icons.IThemedIconManager"/> so that they were WPF-accessible and theme-sensitive; and emit early-bound accessors for referencing icons in codebehind in a compile-time-validated manner.</para>
              <h1>XAML</h1>
              <para>For performance reasons, the icons are not individually exposed with application resources. There is a custom markup extension to bind an image source in markup.</para>
              <para>To use an icon from XAML, set an <see cref="T:System.Windows.Media.ImageSource"/> property to the <see cref="T:JetBrains.UI.Icons.ThemedIconExtension"/> markup extension, which takes an icon identifier class (nested in <see cref="T:JetBrains.DotPeek.Resources.DotPeekPngThemedIcons"/> class) as a parameter.</para>
              <para>Example:</para>
              <code>&lt;Image Source="{icons:ThemedIcon myres:DotPeekPngThemedIcons+AssemblyExplorerOpenFromGac}" /&gt;</code>
              <h1>Attributes</h1>
              <para>Sometimes you have to reference an icon from a type attriute when you're defining objects in code. Typical examples are Options pages and Tool Windows.</para>
              <para>To avoid the use of string IDs which are not validated very well, we've emitted identifier classes to be used with <c>typeof()</c> expression, one per each icon. Use the attribute overload which takes a <see cref="T:System.Type"/> for an image, and choose your icon class from nested classes in the <see cref="T:JetBrains.DotPeek.Resources.DotPeekPngThemedIcons"/> class.</para>
              <para>Example:</para>
              <code>[Item(Name="Sample", Icon=typeof(DotPeekPngThemedIcons.AssemblyExplorerOpenFromGac))]</code>
              <h1>CodeBehind</h1>
              <para>In codebehind, we have two distinct tasks: (a) specify some icon in the APIs and (b) render icon images onscreen.</para>
              <para>On the APIs stage you should only manipulate icon identifier objects (of type <see cref="T:JetBrains.UI.Icons.IconId"/>, statically defined in <see cref="T:JetBrains.DotPeek.Resources.DotPeekPngThemedIcons"/> in <c>Id</c> fields). Icon identifier classes (nested in <see cref="T:JetBrains.DotPeek.Resources.DotPeekPngThemedIcons"/>) should be turned into icon identifier objects as early as possible. Rendering is about getting an <see cref="T:System.Windows.Media.ImageSource"/> to assign to WPF, or <see cref="T:System.Drawing.Bitmap"/> to use with GDI+ / Windows Forms.</para>
              <para>You should turn an identifier object into a rendered image as late as possible. The identifier is static and lightweight and does not depend on the current theme, while the image is themed and has to be loaded or generated/rasterized. You need an <see cref="T:JetBrains.UI.Icons.IThemedIconManager"/> instance to get the image out of an icon identifier object. Once you got the image, you should take care to change it with theme changes — either by using a live image property, or by listening to the theme change event. See <see cref="T:JetBrains.UI.Icons.IThemedIconManager"/> and its extensions for the related facilities.</para>
              <para>Example:</para>
              <code>// Getting IconId identifier object to use with APIs
            IconId iconid = DotPeekPngThemedIcons.AssemblyExplorerOpenFromGac.Id;</code>
              <code>// Getting IconId out of an Icon Identifier Class type
            IconId iconid = CompiledIconClassAttribute.TryGetCompiledIconClassId(typeof(DotPeekPngThemedIcons.AssemblyExplorerOpenFromGac), OnError.Throw);</code>
              <code>// Getting image for screen rendering by IconId
            themediconmanager.Icons[icnoid]</code>
              <code>// Getting image for screen rendering by Icon Identifier Class
            themediconmanager.GetIcon&lt;DotPeekPngThemedIcons.AssemblyExplorerOpenFromGac&gt;()</code>
              <h1>Icons Origin</h1>
              <para>This code was generated by a pre-compile build task from a set of input files which are XAML files adhering to a certain convention, as convenient for exporting them from the Illustrator workspace, plus separate PNG files with raster icons. In the projects, these files are designated with <c>ThemedIconsXamlV3</c> and <c>ThemedIconPng</c> build actions and do not themselves get into the output assembly. All of such files are processed, vector images for different themes of the same icon are split and combined into the single list of icons in this assembly. This list is then written into the genearted XAML file (compiled into BAML within assembly), and serves as the source for this generated code.</para>
            </remarks>
        </member>
        <member name="T:JetBrains.DotPeek.Resources.DotPeekPngThemedIcons.AssemblyExplorerOpenFromGac">
             <summary>
              <para>
                <para>Autogenerated identifier class for the AssemblyExplorerOpenFromGac Themed Icon.</para>
                <para>Identifier classes should be used in attributes, XAML, or generic parameters. Where an <see cref="T:JetBrains.UI.Icons.IconId"/> value is expected, use the identifier object in the <see cref="F:JetBrains.DotPeek.Resources.DotPeekPngThemedIcons.AssemblyExplorerOpenFromGac.Id"/> field of the identifier class.</para>
              </para>
            </summary>
            <remarks>
              <para>For details on Themed Icons and their use, see Remarks on <see cref="T:JetBrains.DotPeek.Resources.DotPeekPngThemedIcons"/> class.</para>
            </remarks>
            <seealso cref="T:JetBrains.DotPeek.Resources.DotPeekPngThemedIcons"/>
            <example>
              <code>&lt;Image Source="{icons:ThemedIcon myres:DotPeekPngThemedIcons+AssemblyExplorerOpenFromGac}" /&gt;        &lt;!-- XAML --&gt;</code>
            </example>
            <example>
              <code>[Item(Name="Sample", Icon=typeof(DotPeekPngThemedIcons.AssemblyExplorerOpenFromGac))]        // C# Type attribute</code>
            </example>
            <example>
              <code>IconId iconid = DotPeekPngThemedIcons.AssemblyExplorerOpenFromGac.Id;        // IconId identifier object</code>
            </example>
            <example>
              <code>themediconmanager.GetIcon&lt;DotPeekPngThemedIcons.AssemblyExplorerOpenFromGac&gt;()        // Icon image for rendering</code>
            </example>
        </member>
        <member name="F:JetBrains.DotPeek.Resources.DotPeekPngThemedIcons.AssemblyExplorerOpenFromGac.Id">
             <summary>
              <para>
                <para>Autogenerated identifier object for the AssemblyExplorerOpenFromGac Themed Icon.</para>
                <para>Identifier objects should be used where an <see cref="T:JetBrains.UI.Icons.IconId"/> value is expected. In attributes, XAML, or generic parameters use the containing <see cref="T:JetBrains.DotPeek.Resources.DotPeekPngThemedIcons.AssemblyExplorerOpenFromGac"/> identifier class.</para>
              </para>
            </summary>
            <remarks>
              <para>For details on Themed Icons and their use, see Remarks on <see cref="T:JetBrains.DotPeek.Resources.DotPeekPngThemedIcons"/> class.</para>
            </remarks>
            <seealso cref="T:JetBrains.DotPeek.Resources.DotPeekPngThemedIcons"/>
            <example>
              <code>&lt;Image Source="{icons:ThemedIcon myres:DotPeekPngThemedIcons+AssemblyExplorerOpenFromGac}" /&gt;        &lt;!-- XAML --&gt;</code>
            </example>
            <example>
              <code>[Item(Name="Sample", Icon=typeof(DotPeekPngThemedIcons.AssemblyExplorerOpenFromGac))]        // C# Type attribute</code>
            </example>
            <example>
              <code>IconId iconid = DotPeekPngThemedIcons.AssemblyExplorerOpenFromGac.Id;        // IconId identifier object</code>
            </example>
            <example>
              <code>themediconmanager.GetIcon&lt;DotPeekPngThemedIcons.AssemblyExplorerOpenFromGac&gt;()        // Icon image for rendering</code>
            </example>
        </member>
        <member name="T:JetBrains.DotPeek.Resources.DotPeekPngThemedIcons.Decompiler">
             <summary>
              <para>
                <para>Autogenerated identifier class for the Decompiler Themed Icon.</para>
                <para>Identifier classes should be used in attributes, XAML, or generic parameters. Where an <see cref="T:JetBrains.UI.Icons.IconId"/> value is expected, use the identifier object in the <see cref="F:JetBrains.DotPeek.Resources.DotPeekPngThemedIcons.Decompiler.Id"/> field of the identifier class.</para>
              </para>
            </summary>
            <remarks>
              <para>For details on Themed Icons and their use, see Remarks on <see cref="T:JetBrains.DotPeek.Resources.DotPeekPngThemedIcons"/> class.</para>
            </remarks>
            <seealso cref="T:JetBrains.DotPeek.Resources.DotPeekPngThemedIcons"/>
            <example>
              <code>&lt;Image Source="{icons:ThemedIcon myres:DotPeekPngThemedIcons+Decompiler}" /&gt;        &lt;!-- XAML --&gt;</code>
            </example>
            <example>
              <code>[Item(Name="Sample", Icon=typeof(DotPeekPngThemedIcons.Decompiler))]        // C# Type attribute</code>
            </example>
            <example>
              <code>IconId iconid = DotPeekPngThemedIcons.Decompiler.Id;        // IconId identifier object</code>
            </example>
            <example>
              <code>themediconmanager.GetIcon&lt;DotPeekPngThemedIcons.Decompiler&gt;()        // Icon image for rendering</code>
            </example>
        </member>
        <member name="F:JetBrains.DotPeek.Resources.DotPeekPngThemedIcons.Decompiler.Id">
             <summary>
              <para>
                <para>Autogenerated identifier object for the Decompiler Themed Icon.</para>
                <para>Identifier objects should be used where an <see cref="T:JetBrains.UI.Icons.IconId"/> value is expected. In attributes, XAML, or generic parameters use the containing <see cref="T:JetBrains.DotPeek.Resources.DotPeekPngThemedIcons.Decompiler"/> identifier class.</para>
              </para>
            </summary>
            <remarks>
              <para>For details on Themed Icons and their use, see Remarks on <see cref="T:JetBrains.DotPeek.Resources.DotPeekPngThemedIcons"/> class.</para>
            </remarks>
            <seealso cref="T:JetBrains.DotPeek.Resources.DotPeekPngThemedIcons"/>
            <example>
              <code>&lt;Image Source="{icons:ThemedIcon myres:DotPeekPngThemedIcons+Decompiler}" /&gt;        &lt;!-- XAML --&gt;</code>
            </example>
            <example>
              <code>[Item(Name="Sample", Icon=typeof(DotPeekPngThemedIcons.Decompiler))]        // C# Type attribute</code>
            </example>
            <example>
              <code>IconId iconid = DotPeekPngThemedIcons.Decompiler.Id;        // IconId identifier object</code>
            </example>
            <example>
              <code>themediconmanager.GetIcon&lt;DotPeekPngThemedIcons.Decompiler&gt;()        // Icon image for rendering</code>
            </example>
        </member>
        <member name="T:JetBrains.DotPeek.Resources.DotPeekPngThemedIcons.DotPeekEnvironmentGeneral">
             <summary>
              <para>
                <para>Autogenerated identifier class for the DotPeekEnvironmentGeneral Themed Icon.</para>
                <para>Identifier classes should be used in attributes, XAML, or generic parameters. Where an <see cref="T:JetBrains.UI.Icons.IconId"/> value is expected, use the identifier object in the <see cref="F:JetBrains.DotPeek.Resources.DotPeekPngThemedIcons.DotPeekEnvironmentGeneral.Id"/> field of the identifier class.</para>
              </para>
            </summary>
            <remarks>
              <para>For details on Themed Icons and their use, see Remarks on <see cref="T:JetBrains.DotPeek.Resources.DotPeekPngThemedIcons"/> class.</para>
            </remarks>
            <seealso cref="T:JetBrains.DotPeek.Resources.DotPeekPngThemedIcons"/>
            <example>
              <code>&lt;Image Source="{icons:ThemedIcon myres:DotPeekPngThemedIcons+DotPeekEnvironmentGeneral}" /&gt;        &lt;!-- XAML --&gt;</code>
            </example>
            <example>
              <code>[Item(Name="Sample", Icon=typeof(DotPeekPngThemedIcons.DotPeekEnvironmentGeneral))]        // C# Type attribute</code>
            </example>
            <example>
              <code>IconId iconid = DotPeekPngThemedIcons.DotPeekEnvironmentGeneral.Id;        // IconId identifier object</code>
            </example>
            <example>
              <code>themediconmanager.GetIcon&lt;DotPeekPngThemedIcons.DotPeekEnvironmentGeneral&gt;()        // Icon image for rendering</code>
            </example>
        </member>
        <member name="F:JetBrains.DotPeek.Resources.DotPeekPngThemedIcons.DotPeekEnvironmentGeneral.Id">
             <summary>
              <para>
                <para>Autogenerated identifier object for the DotPeekEnvironmentGeneral Themed Icon.</para>
                <para>Identifier objects should be used where an <see cref="T:JetBrains.UI.Icons.IconId"/> value is expected. In attributes, XAML, or generic parameters use the containing <see cref="T:JetBrains.DotPeek.Resources.DotPeekPngThemedIcons.DotPeekEnvironmentGeneral"/> identifier class.</para>
              </para>
            </summary>
            <remarks>
              <para>For details on Themed Icons and their use, see Remarks on <see cref="T:JetBrains.DotPeek.Resources.DotPeekPngThemedIcons"/> class.</para>
            </remarks>
            <seealso cref="T:JetBrains.DotPeek.Resources.DotPeekPngThemedIcons"/>
            <example>
              <code>&lt;Image Source="{icons:ThemedIcon myres:DotPeekPngThemedIcons+DotPeekEnvironmentGeneral}" /&gt;        &lt;!-- XAML --&gt;</code>
            </example>
            <example>
              <code>[Item(Name="Sample", Icon=typeof(DotPeekPngThemedIcons.DotPeekEnvironmentGeneral))]        // C# Type attribute</code>
            </example>
            <example>
              <code>IconId iconid = DotPeekPngThemedIcons.DotPeekEnvironmentGeneral.Id;        // IconId identifier object</code>
            </example>
            <example>
              <code>themediconmanager.GetIcon&lt;DotPeekPngThemedIcons.DotPeekEnvironmentGeneral&gt;()        // Icon image for rendering</code>
            </example>
        </member>
        <member name="T:JetBrains.DotPeek.Resources.DotPeekPngThemedIcons.DotPeekEnvironmentPlugins">
             <summary>
              <para>
                <para>Autogenerated identifier class for the DotPeekEnvironmentPlugins Themed Icon.</para>
                <para>Identifier classes should be used in attributes, XAML, or generic parameters. Where an <see cref="T:JetBrains.UI.Icons.IconId"/> value is expected, use the identifier object in the <see cref="F:JetBrains.DotPeek.Resources.DotPeekPngThemedIcons.DotPeekEnvironmentPlugins.Id"/> field of the identifier class.</para>
              </para>
            </summary>
            <remarks>
              <para>For details on Themed Icons and their use, see Remarks on <see cref="T:JetBrains.DotPeek.Resources.DotPeekPngThemedIcons"/> class.</para>
            </remarks>
            <seealso cref="T:JetBrains.DotPeek.Resources.DotPeekPngThemedIcons"/>
            <example>
              <code>&lt;Image Source="{icons:ThemedIcon myres:DotPeekPngThemedIcons+DotPeekEnvironmentPlugins}" /&gt;        &lt;!-- XAML --&gt;</code>
            </example>
            <example>
              <code>[Item(Name="Sample", Icon=typeof(DotPeekPngThemedIcons.DotPeekEnvironmentPlugins))]        // C# Type attribute</code>
            </example>
            <example>
              <code>IconId iconid = DotPeekPngThemedIcons.DotPeekEnvironmentPlugins.Id;        // IconId identifier object</code>
            </example>
            <example>
              <code>themediconmanager.GetIcon&lt;DotPeekPngThemedIcons.DotPeekEnvironmentPlugins&gt;()        // Icon image for rendering</code>
            </example>
        </member>
        <member name="F:JetBrains.DotPeek.Resources.DotPeekPngThemedIcons.DotPeekEnvironmentPlugins.Id">
             <summary>
              <para>
                <para>Autogenerated identifier object for the DotPeekEnvironmentPlugins Themed Icon.</para>
                <para>Identifier objects should be used where an <see cref="T:JetBrains.UI.Icons.IconId"/> value is expected. In attributes, XAML, or generic parameters use the containing <see cref="T:JetBrains.DotPeek.Resources.DotPeekPngThemedIcons.DotPeekEnvironmentPlugins"/> identifier class.</para>
              </para>
            </summary>
            <remarks>
              <para>For details on Themed Icons and their use, see Remarks on <see cref="T:JetBrains.DotPeek.Resources.DotPeekPngThemedIcons"/> class.</para>
            </remarks>
            <seealso cref="T:JetBrains.DotPeek.Resources.DotPeekPngThemedIcons"/>
            <example>
              <code>&lt;Image Source="{icons:ThemedIcon myres:DotPeekPngThemedIcons+DotPeekEnvironmentPlugins}" /&gt;        &lt;!-- XAML --&gt;</code>
            </example>
            <example>
              <code>[Item(Name="Sample", Icon=typeof(DotPeekPngThemedIcons.DotPeekEnvironmentPlugins))]        // C# Type attribute</code>
            </example>
            <example>
              <code>IconId iconid = DotPeekPngThemedIcons.DotPeekEnvironmentPlugins.Id;        // IconId identifier object</code>
            </example>
            <example>
              <code>themediconmanager.GetIcon&lt;DotPeekPngThemedIcons.DotPeekEnvironmentPlugins&gt;()        // Icon image for rendering</code>
            </example>
        </member>
        <member name="T:JetBrains.DotPeek.Resources.DotPeekPngThemedIcons.DotPeekEnvironmentViewer">
             <summary>
              <para>
                <para>Autogenerated identifier class for the DotPeekEnvironmentViewer Themed Icon.</para>
                <para>Identifier classes should be used in attributes, XAML, or generic parameters. Where an <see cref="T:JetBrains.UI.Icons.IconId"/> value is expected, use the identifier object in the <see cref="F:JetBrains.DotPeek.Resources.DotPeekPngThemedIcons.DotPeekEnvironmentViewer.Id"/> field of the identifier class.</para>
              </para>
            </summary>
            <remarks>
              <para>For details on Themed Icons and their use, see Remarks on <see cref="T:JetBrains.DotPeek.Resources.DotPeekPngThemedIcons"/> class.</para>
            </remarks>
            <seealso cref="T:JetBrains.DotPeek.Resources.DotPeekPngThemedIcons"/>
            <example>
              <code>&lt;Image Source="{icons:ThemedIcon myres:DotPeekPngThemedIcons+DotPeekEnvironmentViewer}" /&gt;        &lt;!-- XAML --&gt;</code>
            </example>
            <example>
              <code>[Item(Name="Sample", Icon=typeof(DotPeekPngThemedIcons.DotPeekEnvironmentViewer))]        // C# Type attribute</code>
            </example>
            <example>
              <code>IconId iconid = DotPeekPngThemedIcons.DotPeekEnvironmentViewer.Id;        // IconId identifier object</code>
            </example>
            <example>
              <code>themediconmanager.GetIcon&lt;DotPeekPngThemedIcons.DotPeekEnvironmentViewer&gt;()        // Icon image for rendering</code>
            </example>
        </member>
        <member name="F:JetBrains.DotPeek.Resources.DotPeekPngThemedIcons.DotPeekEnvironmentViewer.Id">
             <summary>
              <para>
                <para>Autogenerated identifier object for the DotPeekEnvironmentViewer Themed Icon.</para>
                <para>Identifier objects should be used where an <see cref="T:JetBrains.UI.Icons.IconId"/> value is expected. In attributes, XAML, or generic parameters use the containing <see cref="T:JetBrains.DotPeek.Resources.DotPeekPngThemedIcons.DotPeekEnvironmentViewer"/> identifier class.</para>
              </para>
            </summary>
            <remarks>
              <para>For details on Themed Icons and their use, see Remarks on <see cref="T:JetBrains.DotPeek.Resources.DotPeekPngThemedIcons"/> class.</para>
            </remarks>
            <seealso cref="T:JetBrains.DotPeek.Resources.DotPeekPngThemedIcons"/>
            <example>
              <code>&lt;Image Source="{icons:ThemedIcon myres:DotPeekPngThemedIcons+DotPeekEnvironmentViewer}" /&gt;        &lt;!-- XAML --&gt;</code>
            </example>
            <example>
              <code>[Item(Name="Sample", Icon=typeof(DotPeekPngThemedIcons.DotPeekEnvironmentViewer))]        // C# Type attribute</code>
            </example>
            <example>
              <code>IconId iconid = DotPeekPngThemedIcons.DotPeekEnvironmentViewer.Id;        // IconId identifier object</code>
            </example>
            <example>
              <code>themediconmanager.GetIcon&lt;DotPeekPngThemedIcons.DotPeekEnvironmentViewer&gt;()        // Icon image for rendering</code>
            </example>
        </member>
        <member name="T:JetBrains.DotPeek.Resources.DotPeekPngThemedIcons.DotPeekEnvironmentWebProxy">
             <summary>
              <para>
                <para>Autogenerated identifier class for the DotPeekEnvironmentWebProxy Themed Icon.</para>
                <para>Identifier classes should be used in attributes, XAML, or generic parameters. Where an <see cref="T:JetBrains.UI.Icons.IconId"/> value is expected, use the identifier object in the <see cref="F:JetBrains.DotPeek.Resources.DotPeekPngThemedIcons.DotPeekEnvironmentWebProxy.Id"/> field of the identifier class.</para>
              </para>
            </summary>
            <remarks>
              <para>For details on Themed Icons and their use, see Remarks on <see cref="T:JetBrains.DotPeek.Resources.DotPeekPngThemedIcons"/> class.</para>
            </remarks>
            <seealso cref="T:JetBrains.DotPeek.Resources.DotPeekPngThemedIcons"/>
            <example>
              <code>&lt;Image Source="{icons:ThemedIcon myres:DotPeekPngThemedIcons+DotPeekEnvironmentWebProxy}" /&gt;        &lt;!-- XAML --&gt;</code>
            </example>
            <example>
              <code>[Item(Name="Sample", Icon=typeof(DotPeekPngThemedIcons.DotPeekEnvironmentWebProxy))]        // C# Type attribute</code>
            </example>
            <example>
              <code>IconId iconid = DotPeekPngThemedIcons.DotPeekEnvironmentWebProxy.Id;        // IconId identifier object</code>
            </example>
            <example>
              <code>themediconmanager.GetIcon&lt;DotPeekPngThemedIcons.DotPeekEnvironmentWebProxy&gt;()        // Icon image for rendering</code>
            </example>
        </member>
        <member name="F:JetBrains.DotPeek.Resources.DotPeekPngThemedIcons.DotPeekEnvironmentWebProxy.Id">
             <summary>
              <para>
                <para>Autogenerated identifier object for the DotPeekEnvironmentWebProxy Themed Icon.</para>
                <para>Identifier objects should be used where an <see cref="T:JetBrains.UI.Icons.IconId"/> value is expected. In attributes, XAML, or generic parameters use the containing <see cref="T:JetBrains.DotPeek.Resources.DotPeekPngThemedIcons.DotPeekEnvironmentWebProxy"/> identifier class.</para>
              </para>
            </summary>
            <remarks>
              <para>For details on Themed Icons and their use, see Remarks on <see cref="T:JetBrains.DotPeek.Resources.DotPeekPngThemedIcons"/> class.</para>
            </remarks>
            <seealso cref="T:JetBrains.DotPeek.Resources.DotPeekPngThemedIcons"/>
            <example>
              <code>&lt;Image Source="{icons:ThemedIcon myres:DotPeekPngThemedIcons+DotPeekEnvironmentWebProxy}" /&gt;        &lt;!-- XAML --&gt;</code>
            </example>
            <example>
              <code>[Item(Name="Sample", Icon=typeof(DotPeekPngThemedIcons.DotPeekEnvironmentWebProxy))]        // C# Type attribute</code>
            </example>
            <example>
              <code>IconId iconid = DotPeekPngThemedIcons.DotPeekEnvironmentWebProxy.Id;        // IconId identifier object</code>
            </example>
            <example>
              <code>themediconmanager.GetIcon&lt;DotPeekPngThemedIcons.DotPeekEnvironmentWebProxy&gt;()        // Icon image for rendering</code>
            </example>
        </member>
        <member name="T:JetBrains.DotPeek.Resources.DotPeekPngThemedIcons.DotPeekInternal">
             <summary>
              <para>
                <para>Autogenerated identifier class for the DotPeekInternal Themed Icon.</para>
                <para>Identifier classes should be used in attributes, XAML, or generic parameters. Where an <see cref="T:JetBrains.UI.Icons.IconId"/> value is expected, use the identifier object in the <see cref="F:JetBrains.DotPeek.Resources.DotPeekPngThemedIcons.DotPeekInternal.Id"/> field of the identifier class.</para>
              </para>
            </summary>
            <remarks>
              <para>For details on Themed Icons and their use, see Remarks on <see cref="T:JetBrains.DotPeek.Resources.DotPeekPngThemedIcons"/> class.</para>
            </remarks>
            <seealso cref="T:JetBrains.DotPeek.Resources.DotPeekPngThemedIcons"/>
            <example>
              <code>&lt;Image Source="{icons:ThemedIcon myres:DotPeekPngThemedIcons+DotPeekInternal}" /&gt;        &lt;!-- XAML --&gt;</code>
            </example>
            <example>
              <code>[Item(Name="Sample", Icon=typeof(DotPeekPngThemedIcons.DotPeekInternal))]        // C# Type attribute</code>
            </example>
            <example>
              <code>IconId iconid = DotPeekPngThemedIcons.DotPeekInternal.Id;        // IconId identifier object</code>
            </example>
            <example>
              <code>themediconmanager.GetIcon&lt;DotPeekPngThemedIcons.DotPeekInternal&gt;()        // Icon image for rendering</code>
            </example>
        </member>
        <member name="F:JetBrains.DotPeek.Resources.DotPeekPngThemedIcons.DotPeekInternal.Id">
             <summary>
              <para>
                <para>Autogenerated identifier object for the DotPeekInternal Themed Icon.</para>
                <para>Identifier objects should be used where an <see cref="T:JetBrains.UI.Icons.IconId"/> value is expected. In attributes, XAML, or generic parameters use the containing <see cref="T:JetBrains.DotPeek.Resources.DotPeekPngThemedIcons.DotPeekInternal"/> identifier class.</para>
              </para>
            </summary>
            <remarks>
              <para>For details on Themed Icons and their use, see Remarks on <see cref="T:JetBrains.DotPeek.Resources.DotPeekPngThemedIcons"/> class.</para>
            </remarks>
            <seealso cref="T:JetBrains.DotPeek.Resources.DotPeekPngThemedIcons"/>
            <example>
              <code>&lt;Image Source="{icons:ThemedIcon myres:DotPeekPngThemedIcons+DotPeekInternal}" /&gt;        &lt;!-- XAML --&gt;</code>
            </example>
            <example>
              <code>[Item(Name="Sample", Icon=typeof(DotPeekPngThemedIcons.DotPeekInternal))]        // C# Type attribute</code>
            </example>
            <example>
              <code>IconId iconid = DotPeekPngThemedIcons.DotPeekInternal.Id;        // IconId identifier object</code>
            </example>
            <example>
              <code>themediconmanager.GetIcon&lt;DotPeekPngThemedIcons.DotPeekInternal&gt;()        // Icon image for rendering</code>
            </example>
        </member>
        <member name="T:JetBrains.DotPeek.Resources.DotPeekPngThemedIcons.NavigationLogToolWindow">
             <summary>
              <para>
                <para>Autogenerated identifier class for the NavigationLogToolWindow Themed Icon.</para>
                <para>Identifier classes should be used in attributes, XAML, or generic parameters. Where an <see cref="T:JetBrains.UI.Icons.IconId"/> value is expected, use the identifier object in the <see cref="F:JetBrains.DotPeek.Resources.DotPeekPngThemedIcons.NavigationLogToolWindow.Id"/> field of the identifier class.</para>
              </para>
            </summary>
            <remarks>
              <para>For details on Themed Icons and their use, see Remarks on <see cref="T:JetBrains.DotPeek.Resources.DotPeekPngThemedIcons"/> class.</para>
            </remarks>
            <seealso cref="T:JetBrains.DotPeek.Resources.DotPeekPngThemedIcons"/>
            <example>
              <code>&lt;Image Source="{icons:ThemedIcon myres:DotPeekPngThemedIcons+NavigationLogToolWindow}" /&gt;        &lt;!-- XAML --&gt;</code>
            </example>
            <example>
              <code>[Item(Name="Sample", Icon=typeof(DotPeekPngThemedIcons.NavigationLogToolWindow))]        // C# Type attribute</code>
            </example>
            <example>
              <code>IconId iconid = DotPeekPngThemedIcons.NavigationLogToolWindow.Id;        // IconId identifier object</code>
            </example>
            <example>
              <code>themediconmanager.GetIcon&lt;DotPeekPngThemedIcons.NavigationLogToolWindow&gt;()        // Icon image for rendering</code>
            </example>
        </member>
        <member name="F:JetBrains.DotPeek.Resources.DotPeekPngThemedIcons.NavigationLogToolWindow.Id">
             <summary>
              <para>
                <para>Autogenerated identifier object for the NavigationLogToolWindow Themed Icon.</para>
                <para>Identifier objects should be used where an <see cref="T:JetBrains.UI.Icons.IconId"/> value is expected. In attributes, XAML, or generic parameters use the containing <see cref="T:JetBrains.DotPeek.Resources.DotPeekPngThemedIcons.NavigationLogToolWindow"/> identifier class.</para>
              </para>
            </summary>
            <remarks>
              <para>For details on Themed Icons and their use, see Remarks on <see cref="T:JetBrains.DotPeek.Resources.DotPeekPngThemedIcons"/> class.</para>
            </remarks>
            <seealso cref="T:JetBrains.DotPeek.Resources.DotPeekPngThemedIcons"/>
            <example>
              <code>&lt;Image Source="{icons:ThemedIcon myres:DotPeekPngThemedIcons+NavigationLogToolWindow}" /&gt;        &lt;!-- XAML --&gt;</code>
            </example>
            <example>
              <code>[Item(Name="Sample", Icon=typeof(DotPeekPngThemedIcons.NavigationLogToolWindow))]        // C# Type attribute</code>
            </example>
            <example>
              <code>IconId iconid = DotPeekPngThemedIcons.NavigationLogToolWindow.Id;        // IconId identifier object</code>
            </example>
            <example>
              <code>themediconmanager.GetIcon&lt;DotPeekPngThemedIcons.NavigationLogToolWindow&gt;()        // Icon image for rendering</code>
            </example>
        </member>
        <member name="T:JetBrains.DotPeek.Resources.DotPeekPngThemedIcons.PropertiesToolWindow">
             <summary>
              <para>
                <para>Autogenerated identifier class for the PropertiesToolWindow Themed Icon.</para>
                <para>Identifier classes should be used in attributes, XAML, or generic parameters. Where an <see cref="T:JetBrains.UI.Icons.IconId"/> value is expected, use the identifier object in the <see cref="F:JetBrains.DotPeek.Resources.DotPeekPngThemedIcons.PropertiesToolWindow.Id"/> field of the identifier class.</para>
              </para>
            </summary>
            <remarks>
              <para>For details on Themed Icons and their use, see Remarks on <see cref="T:JetBrains.DotPeek.Resources.DotPeekPngThemedIcons"/> class.</para>
            </remarks>
            <seealso cref="T:JetBrains.DotPeek.Resources.DotPeekPngThemedIcons"/>
            <example>
              <code>&lt;Image Source="{icons:ThemedIcon myres:DotPeekPngThemedIcons+PropertiesToolWindow}" /&gt;        &lt;!-- XAML --&gt;</code>
            </example>
            <example>
              <code>[Item(Name="Sample", Icon=typeof(DotPeekPngThemedIcons.PropertiesToolWindow))]        // C# Type attribute</code>
            </example>
            <example>
              <code>IconId iconid = DotPeekPngThemedIcons.PropertiesToolWindow.Id;        // IconId identifier object</code>
            </example>
            <example>
              <code>themediconmanager.GetIcon&lt;DotPeekPngThemedIcons.PropertiesToolWindow&gt;()        // Icon image for rendering</code>
            </example>
        </member>
        <member name="F:JetBrains.DotPeek.Resources.DotPeekPngThemedIcons.PropertiesToolWindow.Id">
             <summary>
              <para>
                <para>Autogenerated identifier object for the PropertiesToolWindow Themed Icon.</para>
                <para>Identifier objects should be used where an <see cref="T:JetBrains.UI.Icons.IconId"/> value is expected. In attributes, XAML, or generic parameters use the containing <see cref="T:JetBrains.DotPeek.Resources.DotPeekPngThemedIcons.PropertiesToolWindow"/> identifier class.</para>
              </para>
            </summary>
            <remarks>
              <para>For details on Themed Icons and their use, see Remarks on <see cref="T:JetBrains.DotPeek.Resources.DotPeekPngThemedIcons"/> class.</para>
            </remarks>
            <seealso cref="T:JetBrains.DotPeek.Resources.DotPeekPngThemedIcons"/>
            <example>
              <code>&lt;Image Source="{icons:ThemedIcon myres:DotPeekPngThemedIcons+PropertiesToolWindow}" /&gt;        &lt;!-- XAML --&gt;</code>
            </example>
            <example>
              <code>[Item(Name="Sample", Icon=typeof(DotPeekPngThemedIcons.PropertiesToolWindow))]        // C# Type attribute</code>
            </example>
            <example>
              <code>IconId iconid = DotPeekPngThemedIcons.PropertiesToolWindow.Id;        // IconId identifier object</code>
            </example>
            <example>
              <code>themediconmanager.GetIcon&lt;DotPeekPngThemedIcons.PropertiesToolWindow&gt;()        // Icon image for rendering</code>
            </example>
        </member>
        <member name="M:JetBrains.DotPeek.Daemon.CSharp.Stages.ValueKeywordHighlighterProcess.InsideAcessor(JetBrains.ReSharper.Psi.Tree.ITreeNode)">
            <summary>
            Determines whether element is inside setter/adder/remover
            </summary>
        </member>
        <member name="T:JetBrains.DotPeek.Src.FileIcons.Resources.FileTypeThemedIcons">
             <summary>
              <para>
                <para>Autogenerated identifier classes and identifier objects to Themed Icons registered with <see cref="T:JetBrains.UI.Icons.IThemedIconManager"/>.</para>
                <para>Identifier classes should be used in attributes, XAML, or generic parameters. Where an <see cref="T:JetBrains.UI.Icons.IconId"/> value is expected, use the identifier object in the <c>Id</c> field of the identifier class.</para>
              </para>
            </summary>
            <remarks>
              <para>This code was compile-time generated to support Themed Icons in the JetBrains application.</para>
              <para>It has two primary goals: load the icons of this assembly to be registered with <see cref="T:JetBrains.UI.Icons.IThemedIconManager"/> so that they were WPF-accessible and theme-sensitive; and emit early-bound accessors for referencing icons in codebehind in a compile-time-validated manner.</para>
              <h1>XAML</h1>
              <para>For performance reasons, the icons are not individually exposed with application resources. There is a custom markup extension to bind an image source in markup.</para>
              <para>To use an icon from XAML, set an <see cref="T:System.Windows.Media.ImageSource"/> property to the <see cref="T:JetBrains.UI.Icons.ThemedIconExtension"/> markup extension, which takes an icon identifier class (nested in <see cref="T:JetBrains.DotPeek.Src.FileIcons.Resources.FileTypeThemedIcons"/> class) as a parameter.</para>
              <para>Example:</para>
              <code>&lt;Image Source="{icons:ThemedIcon myres:FileTypeThemedIcons+FiletypePicture}" /&gt;</code>
              <h1>Attributes</h1>
              <para>Sometimes you have to reference an icon from a type attriute when you're defining objects in code. Typical examples are Options pages and Tool Windows.</para>
              <para>To avoid the use of string IDs which are not validated very well, we've emitted identifier classes to be used with <c>typeof()</c> expression, one per each icon. Use the attribute overload which takes a <see cref="T:System.Type"/> for an image, and choose your icon class from nested classes in the <see cref="T:JetBrains.DotPeek.Src.FileIcons.Resources.FileTypeThemedIcons"/> class.</para>
              <para>Example:</para>
              <code>[Item(Name="Sample", Icon=typeof(FileTypeThemedIcons.FiletypePicture))]</code>
              <h1>CodeBehind</h1>
              <para>In codebehind, we have two distinct tasks: (a) specify some icon in the APIs and (b) render icon images onscreen.</para>
              <para>On the APIs stage you should only manipulate icon identifier objects (of type <see cref="T:JetBrains.UI.Icons.IconId"/>, statically defined in <see cref="T:JetBrains.DotPeek.Src.FileIcons.Resources.FileTypeThemedIcons"/> in <c>Id</c> fields). Icon identifier classes (nested in <see cref="T:JetBrains.DotPeek.Src.FileIcons.Resources.FileTypeThemedIcons"/>) should be turned into icon identifier objects as early as possible. Rendering is about getting an <see cref="T:System.Windows.Media.ImageSource"/> to assign to WPF, or <see cref="T:System.Drawing.Bitmap"/> to use with GDI+ / Windows Forms.</para>
              <para>You should turn an identifier object into a rendered image as late as possible. The identifier is static and lightweight and does not depend on the current theme, while the image is themed and has to be loaded or generated/rasterized. You need an <see cref="T:JetBrains.UI.Icons.IThemedIconManager"/> instance to get the image out of an icon identifier object. Once you got the image, you should take care to change it with theme changes — either by using a live image property, or by listening to the theme change event. See <see cref="T:JetBrains.UI.Icons.IThemedIconManager"/> and its extensions for the related facilities.</para>
              <para>Example:</para>
              <code>// Getting IconId identifier object to use with APIs
            IconId iconid = FileTypeThemedIcons.FiletypePicture.Id;</code>
              <code>// Getting IconId out of an Icon Identifier Class type
            IconId iconid = CompiledIconClassAttribute.TryGetCompiledIconClassId(typeof(FileTypeThemedIcons.FiletypePicture), OnError.Throw);</code>
              <code>// Getting image for screen rendering by IconId
            themediconmanager.Icons[icnoid]</code>
              <code>// Getting image for screen rendering by Icon Identifier Class
            themediconmanager.GetIcon&lt;FileTypeThemedIcons.FiletypePicture&gt;()</code>
              <h1>Icons Origin</h1>
              <para>This code was generated by a pre-compile build task from a set of input files which are XAML files adhering to a certain convention, as convenient for exporting them from the Illustrator workspace, plus separate PNG files with raster icons. In the projects, these files are designated with <c>ThemedIconsXamlV3</c> and <c>ThemedIconPng</c> build actions and do not themselves get into the output assembly. All of such files are processed, vector images for different themes of the same icon are split and combined into the single list of icons in this assembly. This list is then written into the genearted XAML file (compiled into BAML within assembly), and serves as the source for this generated code.</para>
            </remarks>
        </member>
        <member name="T:JetBrains.DotPeek.Src.FileIcons.Resources.FileTypeThemedIcons.FiletypePicture">
             <summary>
              <para>
                <para>Autogenerated identifier class for the FiletypePicture Themed Icon.</para>
                <para>Identifier classes should be used in attributes, XAML, or generic parameters. Where an <see cref="T:JetBrains.UI.Icons.IconId"/> value is expected, use the identifier object in the <see cref="F:JetBrains.DotPeek.Src.FileIcons.Resources.FileTypeThemedIcons.FiletypePicture.Id"/> field of the identifier class.</para>
              </para>
            </summary>
            <remarks>
              <para>For details on Themed Icons and their use, see Remarks on <see cref="T:JetBrains.DotPeek.Src.FileIcons.Resources.FileTypeThemedIcons"/> class.</para>
            </remarks>
            <seealso cref="T:JetBrains.DotPeek.Src.FileIcons.Resources.FileTypeThemedIcons"/>
            <example>
              <code>&lt;Image Source="{icons:ThemedIcon myres:FileTypeThemedIcons+FiletypePicture}" /&gt;        &lt;!-- XAML --&gt;</code>
            </example>
            <example>
              <code>[Item(Name="Sample", Icon=typeof(FileTypeThemedIcons.FiletypePicture))]        // C# Type attribute</code>
            </example>
            <example>
              <code>IconId iconid = FileTypeThemedIcons.FiletypePicture.Id;        // IconId identifier object</code>
            </example>
            <example>
              <code>themediconmanager.GetIcon&lt;FileTypeThemedIcons.FiletypePicture&gt;()        // Icon image for rendering</code>
            </example>
        </member>
        <member name="F:JetBrains.DotPeek.Src.FileIcons.Resources.FileTypeThemedIcons.FiletypePicture.Id">
             <summary>
              <para>
                <para>Autogenerated identifier object for the FiletypePicture Themed Icon.</para>
                <para>Identifier objects should be used where an <see cref="T:JetBrains.UI.Icons.IconId"/> value is expected. In attributes, XAML, or generic parameters use the containing <see cref="T:JetBrains.DotPeek.Src.FileIcons.Resources.FileTypeThemedIcons.FiletypePicture"/> identifier class.</para>
              </para>
            </summary>
            <remarks>
              <para>For details on Themed Icons and their use, see Remarks on <see cref="T:JetBrains.DotPeek.Src.FileIcons.Resources.FileTypeThemedIcons"/> class.</para>
            </remarks>
            <seealso cref="T:JetBrains.DotPeek.Src.FileIcons.Resources.FileTypeThemedIcons"/>
            <example>
              <code>&lt;Image Source="{icons:ThemedIcon myres:FileTypeThemedIcons+FiletypePicture}" /&gt;        &lt;!-- XAML --&gt;</code>
            </example>
            <example>
              <code>[Item(Name="Sample", Icon=typeof(FileTypeThemedIcons.FiletypePicture))]        // C# Type attribute</code>
            </example>
            <example>
              <code>IconId iconid = FileTypeThemedIcons.FiletypePicture.Id;        // IconId identifier object</code>
            </example>
            <example>
              <code>themediconmanager.GetIcon&lt;FileTypeThemedIcons.FiletypePicture&gt;()        // Icon image for rendering</code>
            </example>
        </member>
        <member name="T:JetBrains.DotPeek.Src.FileIcons.Resources.FileTypeThemedIcons.FiletypeResources">
             <summary>
              <para>
                <para>Autogenerated identifier class for the FiletypeResources Themed Icon.</para>
                <para>Identifier classes should be used in attributes, XAML, or generic parameters. Where an <see cref="T:JetBrains.UI.Icons.IconId"/> value is expected, use the identifier object in the <see cref="F:JetBrains.DotPeek.Src.FileIcons.Resources.FileTypeThemedIcons.FiletypeResources.Id"/> field of the identifier class.</para>
              </para>
            </summary>
            <remarks>
              <para>For details on Themed Icons and their use, see Remarks on <see cref="T:JetBrains.DotPeek.Src.FileIcons.Resources.FileTypeThemedIcons"/> class.</para>
            </remarks>
            <seealso cref="T:JetBrains.DotPeek.Src.FileIcons.Resources.FileTypeThemedIcons"/>
            <example>
              <code>&lt;Image Source="{icons:ThemedIcon myres:FileTypeThemedIcons+FiletypeResources}" /&gt;        &lt;!-- XAML --&gt;</code>
            </example>
            <example>
              <code>[Item(Name="Sample", Icon=typeof(FileTypeThemedIcons.FiletypeResources))]        // C# Type attribute</code>
            </example>
            <example>
              <code>IconId iconid = FileTypeThemedIcons.FiletypeResources.Id;        // IconId identifier object</code>
            </example>
            <example>
              <code>themediconmanager.GetIcon&lt;FileTypeThemedIcons.FiletypeResources&gt;()        // Icon image for rendering</code>
            </example>
        </member>
        <member name="F:JetBrains.DotPeek.Src.FileIcons.Resources.FileTypeThemedIcons.FiletypeResources.Id">
             <summary>
              <para>
                <para>Autogenerated identifier object for the FiletypeResources Themed Icon.</para>
                <para>Identifier objects should be used where an <see cref="T:JetBrains.UI.Icons.IconId"/> value is expected. In attributes, XAML, or generic parameters use the containing <see cref="T:JetBrains.DotPeek.Src.FileIcons.Resources.FileTypeThemedIcons.FiletypeResources"/> identifier class.</para>
              </para>
            </summary>
            <remarks>
              <para>For details on Themed Icons and their use, see Remarks on <see cref="T:JetBrains.DotPeek.Src.FileIcons.Resources.FileTypeThemedIcons"/> class.</para>
            </remarks>
            <seealso cref="T:JetBrains.DotPeek.Src.FileIcons.Resources.FileTypeThemedIcons"/>
            <example>
              <code>&lt;Image Source="{icons:ThemedIcon myres:FileTypeThemedIcons+FiletypeResources}" /&gt;        &lt;!-- XAML --&gt;</code>
            </example>
            <example>
              <code>[Item(Name="Sample", Icon=typeof(FileTypeThemedIcons.FiletypeResources))]        // C# Type attribute</code>
            </example>
            <example>
              <code>IconId iconid = FileTypeThemedIcons.FiletypeResources.Id;        // IconId identifier object</code>
            </example>
            <example>
              <code>themediconmanager.GetIcon&lt;FileTypeThemedIcons.FiletypeResources&gt;()        // Icon image for rendering</code>
            </example>
        </member>
        <member name="T:JetBrains.DotPeek.Src.FileIcons.Resources.FileTypeThemedIcons.FiletypeUnknown">
             <summary>
              <para>
                <para>Autogenerated identifier class for the FiletypeUnknown Themed Icon.</para>
                <para>Identifier classes should be used in attributes, XAML, or generic parameters. Where an <see cref="T:JetBrains.UI.Icons.IconId"/> value is expected, use the identifier object in the <see cref="F:JetBrains.DotPeek.Src.FileIcons.Resources.FileTypeThemedIcons.FiletypeUnknown.Id"/> field of the identifier class.</para>
              </para>
            </summary>
            <remarks>
              <para>For details on Themed Icons and their use, see Remarks on <see cref="T:JetBrains.DotPeek.Src.FileIcons.Resources.FileTypeThemedIcons"/> class.</para>
            </remarks>
            <seealso cref="T:JetBrains.DotPeek.Src.FileIcons.Resources.FileTypeThemedIcons"/>
            <example>
              <code>&lt;Image Source="{icons:ThemedIcon myres:FileTypeThemedIcons+FiletypeUnknown}" /&gt;        &lt;!-- XAML --&gt;</code>
            </example>
            <example>
              <code>[Item(Name="Sample", Icon=typeof(FileTypeThemedIcons.FiletypeUnknown))]        // C# Type attribute</code>
            </example>
            <example>
              <code>IconId iconid = FileTypeThemedIcons.FiletypeUnknown.Id;        // IconId identifier object</code>
            </example>
            <example>
              <code>themediconmanager.GetIcon&lt;FileTypeThemedIcons.FiletypeUnknown&gt;()        // Icon image for rendering</code>
            </example>
        </member>
        <member name="F:JetBrains.DotPeek.Src.FileIcons.Resources.FileTypeThemedIcons.FiletypeUnknown.Id">
             <summary>
              <para>
                <para>Autogenerated identifier object for the FiletypeUnknown Themed Icon.</para>
                <para>Identifier objects should be used where an <see cref="T:JetBrains.UI.Icons.IconId"/> value is expected. In attributes, XAML, or generic parameters use the containing <see cref="T:JetBrains.DotPeek.Src.FileIcons.Resources.FileTypeThemedIcons.FiletypeUnknown"/> identifier class.</para>
              </para>
            </summary>
            <remarks>
              <para>For details on Themed Icons and their use, see Remarks on <see cref="T:JetBrains.DotPeek.Src.FileIcons.Resources.FileTypeThemedIcons"/> class.</para>
            </remarks>
            <seealso cref="T:JetBrains.DotPeek.Src.FileIcons.Resources.FileTypeThemedIcons"/>
            <example>
              <code>&lt;Image Source="{icons:ThemedIcon myres:FileTypeThemedIcons+FiletypeUnknown}" /&gt;        &lt;!-- XAML --&gt;</code>
            </example>
            <example>
              <code>[Item(Name="Sample", Icon=typeof(FileTypeThemedIcons.FiletypeUnknown))]        // C# Type attribute</code>
            </example>
            <example>
              <code>IconId iconid = FileTypeThemedIcons.FiletypeUnknown.Id;        // IconId identifier object</code>
            </example>
            <example>
              <code>themediconmanager.GetIcon&lt;FileTypeThemedIcons.FiletypeUnknown&gt;()        // Icon image for rendering</code>
            </example>
        </member>
        <member name="T:JetBrains.DotPeek.Src.FileIcons.Resources.FileTypeThemedIcons.FiletypeXml">
             <summary>
              <para>
                <para>Autogenerated identifier class for the FiletypeXml Themed Icon.</para>
                <para>Identifier classes should be used in attributes, XAML, or generic parameters. Where an <see cref="T:JetBrains.UI.Icons.IconId"/> value is expected, use the identifier object in the <see cref="F:JetBrains.DotPeek.Src.FileIcons.Resources.FileTypeThemedIcons.FiletypeXml.Id"/> field of the identifier class.</para>
              </para>
            </summary>
            <remarks>
              <para>For details on Themed Icons and their use, see Remarks on <see cref="T:JetBrains.DotPeek.Src.FileIcons.Resources.FileTypeThemedIcons"/> class.</para>
            </remarks>
            <seealso cref="T:JetBrains.DotPeek.Src.FileIcons.Resources.FileTypeThemedIcons"/>
            <example>
              <code>&lt;Image Source="{icons:ThemedIcon myres:FileTypeThemedIcons+FiletypeXml}" /&gt;        &lt;!-- XAML --&gt;</code>
            </example>
            <example>
              <code>[Item(Name="Sample", Icon=typeof(FileTypeThemedIcons.FiletypeXml))]        // C# Type attribute</code>
            </example>
            <example>
              <code>IconId iconid = FileTypeThemedIcons.FiletypeXml.Id;        // IconId identifier object</code>
            </example>
            <example>
              <code>themediconmanager.GetIcon&lt;FileTypeThemedIcons.FiletypeXml&gt;()        // Icon image for rendering</code>
            </example>
        </member>
        <member name="F:JetBrains.DotPeek.Src.FileIcons.Resources.FileTypeThemedIcons.FiletypeXml.Id">
             <summary>
              <para>
                <para>Autogenerated identifier object for the FiletypeXml Themed Icon.</para>
                <para>Identifier objects should be used where an <see cref="T:JetBrains.UI.Icons.IconId"/> value is expected. In attributes, XAML, or generic parameters use the containing <see cref="T:JetBrains.DotPeek.Src.FileIcons.Resources.FileTypeThemedIcons.FiletypeXml"/> identifier class.</para>
              </para>
            </summary>
            <remarks>
              <para>For details on Themed Icons and their use, see Remarks on <see cref="T:JetBrains.DotPeek.Src.FileIcons.Resources.FileTypeThemedIcons"/> class.</para>
            </remarks>
            <seealso cref="T:JetBrains.DotPeek.Src.FileIcons.Resources.FileTypeThemedIcons"/>
            <example>
              <code>&lt;Image Source="{icons:ThemedIcon myres:FileTypeThemedIcons+FiletypeXml}" /&gt;        &lt;!-- XAML --&gt;</code>
            </example>
            <example>
              <code>[Item(Name="Sample", Icon=typeof(FileTypeThemedIcons.FiletypeXml))]        // C# Type attribute</code>
            </example>
            <example>
              <code>IconId iconid = FileTypeThemedIcons.FiletypeXml.Id;        // IconId identifier object</code>
            </example>
            <example>
              <code>themediconmanager.GetIcon&lt;FileTypeThemedIcons.FiletypeXml&gt;()        // Icon image for rendering</code>
            </example>
        </member>
        <member name="M:JetBrains.DotPeek.PropertiesWindow.NodePropertiesProviders.INodePropertiesProvider.GetProperties(JetBrains.ReSharper.Features.Browsing.AssemblyExplorer.ExplorerNodesModel.Core.IExplorerNode)">
            <summary>
            Presents information about node as property grid data object
            </summary>
            <remarks>It is desirable that this data object has overriden GetHashCode method</remarks>
        </member>
        <member name="M:JetBrains.DotPeek.PropertiesWindow.IPropertiesWindowDataProvider.PresentData(JetBrains.Application.DataContext.IDataContext)">
            <summary>
            Present selection context as property grid data object
            </summary>
        </member>
        <member name="P:JetBrains.DotPeek.PropertiesWindow.IPropertiesWindowDataProvider.SelectionContextDataConstants">
            <summary>
            Returns array of data constants representing selection context used by this provider.
            </summary>
        </member>
        <member name="T:JetBrains.DotPeek.AssemblyProperties.AssemblyPropertiesControl">
            <summary>
            Interaction logic for AssemblyPropertiesControl.xaml
            </summary>
            <summary>
            AssemblyPropertiesControl
            </summary>
        </member>
        <member name="M:JetBrains.DotPeek.AssemblyProperties.AssemblyPropertiesControl.InitializeComponent">
            <summary>
            InitializeComponent
            </summary>
        </member>
        <member name="T:JetBrains.DotPeek.Options.Pages.HighlightingDelimitersOptionsControl">
            <summary>
            Interaction logic for HighlightingDelimitersOptionsControl.xaml
            </summary>
            <summary>
            HighlightingDelimitersOptionsControl
            </summary>
        </member>
        <member name="M:JetBrains.DotPeek.Options.Pages.HighlightingDelimitersOptionsControl.InitializeComponent">
            <summary>
            InitializeComponent
            </summary>
        </member>
        <member name="T:JetBrains.DotPeek.src.FileIcons.FileIconsResources">
            <summary>
              A strongly-typed resource class, for looking up localized strings, etc.
            </summary>
        </member>
        <member name="P:JetBrains.DotPeek.src.FileIcons.FileIconsResources.ResourceManager">
            <summary>
              Returns the cached ResourceManager instance used by this class.
            </summary>
        </member>
        <member name="P:JetBrains.DotPeek.src.FileIcons.FileIconsResources.Culture">
            <summary>
              Overrides the current thread's CurrentUICulture property for all
              resource lookups using this strongly typed resource class.
            </summary>
        </member>
        <member name="F:JetBrains.DotPeek.Hacks.TextControlDebugMonitor.ShowWindow">
            <summary>
            Shows the monitor window.
            Routed thru a signal to deactivate on disposal.
            </summary>
        </member>
        <member name="M:JetBrains.DotPeek.Hacks.TextControlDebugMonitor.InitWindow_Viewport(JetBrains.DataFlow.Lifetime,System.Windows.Window,JetBrains.Application.IShellLocks,JetBrains.Application.IApplicationDescriptor,JetBrains.TextControl.ITextControlManager)">
            <summary>
            Last focused text control viewport coordinates.
            </summary>
        </member>
        <member name="M:JetBrains.DotPeek.Hacks.TextControlDebugMonitor.ShowScrollingAndCaret(JetBrains.DataFlow.Lifetime,System.Windows.Window,JetBrains.Application.IApplicationDescriptor,JetBrains.TextControl.ITextControlManager)">
            <summary>
            Shows text control scrolling and caret info for the last-focused text control.
            </summary>
        </member>
        <member name="M:JetBrains.DotPeek.Hacks.TextControlDebugMonitor.ShowActionHandler.JetBrains#ActionManagement#IActionHandler#Execute(JetBrains.Application.DataContext.IDataContext,JetBrains.ActionManagement.DelegateExecute)">
            <summary>
            Executes action. Called after Update, that set ActionPresentation.Enabled to true.
            </summary>
            <param name="context">DataContext</param>
            <param name="nextExecute">delegate to call</param>
        </member>
        <member name="M:JetBrains.DotPeek.Hacks.TextControlDebugMonitor.ShowActionHandler.JetBrains#ActionManagement#IActionHandler#Update(JetBrains.Application.DataContext.IDataContext,JetBrains.ActionManagement.ActionPresentation,JetBrains.ActionManagement.DelegateUpdate)">
            <summary>
            Updates action visual presentation. If presentation.Enabled is set to false, Execute
            will not be called.
            </summary>
            <param name="context">DataContext</param>
            <param name="presentation">presentation to update</param>
            <param name="nextUpdate">delegate to call</param>
        </member>
        <member name="T:JetBrains.DotPeek.OpenFromGac.OpenFromGacDialog">
            <summary>
            Interaction logic for OpenFromGacDialog.xaml
            </summary>
            <summary>
            OpenFromGacDialog
            </summary>
        </member>
        <member name="M:JetBrains.DotPeek.OpenFromGac.OpenFromGacDialog.InitializeComponent">
            <summary>
            InitializeComponent
            </summary>
        </member>
    </members>
</doc>
