<?xml version="1.0"?>
<doc>
    <assembly>
        <name>JetBrains.ReSharper.ExternalSources</name>
    </assembly>
    <members>
        <member name="T:JetBrains.ReSharper.ExternalSources.Resources.ExternalSourcesThemedIcons">
             <summary>
              <para>
                <para>Autogenerated identifier classes and identifier objects to Themed Icons registered with <see cref="T:JetBrains.UI.Icons.IThemedIconManager"/>.</para>
                <para>Identifier classes should be used in attributes, XAML, or generic parameters. Where an <see cref="T:JetBrains.UI.Icons.IconId"/> value is expected, use the identifier object in the <c>Id</c> field of the identifier class.</para>
              </para>
            </summary>
            <remarks>
              <para>This code was compile-time generated to support Themed Icons in the JetBrains application.</para>
              <para>It has two primary goals: load the icons of this assembly to be registered with <see cref="T:JetBrains.UI.Icons.IThemedIconManager"/> so that they were WPF-accessible and theme-sensitive; and emit early-bound accessors for referencing icons in codebehind in a compile-time-validated manner.</para>
              <h1>XAML</h1>
              <para>For performance reasons, the icons are not individually exposed with application resources. There is a custom markup extension to bind an image source in markup.</para>
              <para>To use an icon from XAML, set an <see cref="T:System.Windows.Media.ImageSource"/> property to the <see cref="T:JetBrains.UI.Icons.ThemedIconExtension"/> markup extension, which takes an icon identifier class (nested in <see cref="T:JetBrains.ReSharper.ExternalSources.Resources.ExternalSourcesThemedIcons"/> class) as a parameter.</para>
              <para>Example:</para>
              <code>&lt;Image Source="{icons:ThemedIcon myres:ExternalSourcesThemedIcons+DecompiledSources}" /&gt;</code>
              <h1>Attributes</h1>
              <para>Sometimes you have to reference an icon from a type attriute when you're defining objects in code. Typical examples are Options pages and Tool Windows.</para>
              <para>To avoid the use of string IDs which are not validated very well, we've emitted identifier classes to be used with <c>typeof()</c> expression, one per each icon. Use the attribute overload which takes a <see cref="T:System.Type"/> for an image, and choose your icon class from nested classes in the <see cref="T:JetBrains.ReSharper.ExternalSources.Resources.ExternalSourcesThemedIcons"/> class.</para>
              <para>Example:</para>
              <code>[Item(Name="Sample", Icon=typeof(ExternalSourcesThemedIcons.DecompiledSources))]</code>
              <h1>CodeBehind</h1>
              <para>In codebehind, we have two distinct tasks: (a) specify some icon in the APIs and (b) render icon images onscreen.</para>
              <para>On the APIs stage you should only manipulate icon identifier objects (of type <see cref="T:JetBrains.UI.Icons.IconId"/>, statically defined in <see cref="T:JetBrains.ReSharper.ExternalSources.Resources.ExternalSourcesThemedIcons"/> in <c>Id</c> fields). Icon identifier classes (nested in <see cref="T:JetBrains.ReSharper.ExternalSources.Resources.ExternalSourcesThemedIcons"/>) should be turned into icon identifier objects as early as possible. Rendering is about getting an <see cref="T:System.Windows.Media.ImageSource"/> to assign to WPF, or <see cref="T:System.Drawing.Bitmap"/> to use with GDI+ / Windows Forms.</para>
              <para>You should turn an identifier object into a rendered image as late as possible. The identifier is static and lightweight and does not depend on the current theme, while the image is themed and has to be loaded or generated/rasterized. You need an <see cref="T:JetBrains.UI.Icons.IThemedIconManager"/> instance to get the image out of an icon identifier object. Once you got the image, you should take care to change it with theme changes — either by using a live image property, or by listening to the theme change event. See <see cref="T:JetBrains.UI.Icons.IThemedIconManager"/> and its extensions for the related facilities.</para>
              <para>Example:</para>
              <code>// Getting IconId identifier object to use with APIs
            IconId iconid = ExternalSourcesThemedIcons.DecompiledSources.Id;</code>
              <code>// Getting IconId out of an Icon Identifier Class type
            IconId iconid = CompiledIconClassAttribute.TryGetCompiledIconClassId(typeof(ExternalSourcesThemedIcons.DecompiledSources), OnError.Throw);</code>
              <code>// Getting image for screen rendering by IconId
            themediconmanager.Icons[icnoid]</code>
              <code>// Getting image for screen rendering by Icon Identifier Class
            themediconmanager.GetIcon&lt;ExternalSourcesThemedIcons.DecompiledSources&gt;()</code>
              <h1>Icons Origin</h1>
              <para>This code was generated by a pre-compile build task from a set of input files which are XAML files adhering to a certain convention, as convenient for exporting them from the Illustrator workspace, plus separate PNG files with raster icons. In the projects, these files are designated with <c>ThemedIconsXamlV3</c> and <c>ThemedIconPng</c> build actions and do not themselves get into the output assembly. All of such files are processed, vector images for different themes of the same icon are split and combined into the single list of icons in this assembly. This list is then written into the genearted XAML file (compiled into BAML within assembly), and serves as the source for this generated code.</para>
            </remarks>
        </member>
        <member name="T:JetBrains.ReSharper.ExternalSources.Resources.ExternalSourcesThemedIcons.DecompiledSources">
             <summary>
              <para>
                <para>Autogenerated identifier class for the DecompiledSources Themed Icon.</para>
                <para>Identifier classes should be used in attributes, XAML, or generic parameters. Where an <see cref="T:JetBrains.UI.Icons.IconId"/> value is expected, use the identifier object in the <see cref="F:JetBrains.ReSharper.ExternalSources.Resources.ExternalSourcesThemedIcons.DecompiledSources.Id"/> field of the identifier class.</para>
              </para>
            </summary>
            <remarks>
              <para>For details on Themed Icons and their use, see Remarks on <see cref="T:JetBrains.ReSharper.ExternalSources.Resources.ExternalSourcesThemedIcons"/> class.</para>
            </remarks>
            <seealso cref="T:JetBrains.ReSharper.ExternalSources.Resources.ExternalSourcesThemedIcons"/>
            <example>
              <code>&lt;Image Source="{icons:ThemedIcon myres:ExternalSourcesThemedIcons+DecompiledSources}" /&gt;        &lt;!-- XAML --&gt;</code>
            </example>
            <example>
              <code>[Item(Name="Sample", Icon=typeof(ExternalSourcesThemedIcons.DecompiledSources))]        // C# Type attribute</code>
            </example>
            <example>
              <code>IconId iconid = ExternalSourcesThemedIcons.DecompiledSources.Id;        // IconId identifier object</code>
            </example>
            <example>
              <code>themediconmanager.GetIcon&lt;ExternalSourcesThemedIcons.DecompiledSources&gt;()        // Icon image for rendering</code>
            </example>
        </member>
        <member name="F:JetBrains.ReSharper.ExternalSources.Resources.ExternalSourcesThemedIcons.DecompiledSources.Id">
             <summary>
              <para>
                <para>Autogenerated identifier object for the DecompiledSources Themed Icon.</para>
                <para>Identifier objects should be used where an <see cref="T:JetBrains.UI.Icons.IconId"/> value is expected. In attributes, XAML, or generic parameters use the containing <see cref="T:JetBrains.ReSharper.ExternalSources.Resources.ExternalSourcesThemedIcons.DecompiledSources"/> identifier class.</para>
              </para>
            </summary>
            <remarks>
              <para>For details on Themed Icons and their use, see Remarks on <see cref="T:JetBrains.ReSharper.ExternalSources.Resources.ExternalSourcesThemedIcons"/> class.</para>
            </remarks>
            <seealso cref="T:JetBrains.ReSharper.ExternalSources.Resources.ExternalSourcesThemedIcons"/>
            <example>
              <code>&lt;Image Source="{icons:ThemedIcon myres:ExternalSourcesThemedIcons+DecompiledSources}" /&gt;        &lt;!-- XAML --&gt;</code>
            </example>
            <example>
              <code>[Item(Name="Sample", Icon=typeof(ExternalSourcesThemedIcons.DecompiledSources))]        // C# Type attribute</code>
            </example>
            <example>
              <code>IconId iconid = ExternalSourcesThemedIcons.DecompiledSources.Id;        // IconId identifier object</code>
            </example>
            <example>
              <code>themediconmanager.GetIcon&lt;ExternalSourcesThemedIcons.DecompiledSources&gt;()        // Icon image for rendering</code>
            </example>
        </member>
        <member name="T:JetBrains.ReSharper.ExternalSources.Resources.ExternalSourcesThemedIcons.ExternalSources">
             <summary>
              <para>
                <para>Autogenerated identifier class for the ExternalSources Themed Icon.</para>
                <para>Identifier classes should be used in attributes, XAML, or generic parameters. Where an <see cref="T:JetBrains.UI.Icons.IconId"/> value is expected, use the identifier object in the <see cref="F:JetBrains.ReSharper.ExternalSources.Resources.ExternalSourcesThemedIcons.ExternalSources.Id"/> field of the identifier class.</para>
              </para>
            </summary>
            <remarks>
              <para>For details on Themed Icons and their use, see Remarks on <see cref="T:JetBrains.ReSharper.ExternalSources.Resources.ExternalSourcesThemedIcons"/> class.</para>
            </remarks>
            <seealso cref="T:JetBrains.ReSharper.ExternalSources.Resources.ExternalSourcesThemedIcons"/>
            <example>
              <code>&lt;Image Source="{icons:ThemedIcon myres:ExternalSourcesThemedIcons+ExternalSources}" /&gt;        &lt;!-- XAML --&gt;</code>
            </example>
            <example>
              <code>[Item(Name="Sample", Icon=typeof(ExternalSourcesThemedIcons.ExternalSources))]        // C# Type attribute</code>
            </example>
            <example>
              <code>IconId iconid = ExternalSourcesThemedIcons.ExternalSources.Id;        // IconId identifier object</code>
            </example>
            <example>
              <code>themediconmanager.GetIcon&lt;ExternalSourcesThemedIcons.ExternalSources&gt;()        // Icon image for rendering</code>
            </example>
        </member>
        <member name="F:JetBrains.ReSharper.ExternalSources.Resources.ExternalSourcesThemedIcons.ExternalSources.Id">
             <summary>
              <para>
                <para>Autogenerated identifier object for the ExternalSources Themed Icon.</para>
                <para>Identifier objects should be used where an <see cref="T:JetBrains.UI.Icons.IconId"/> value is expected. In attributes, XAML, or generic parameters use the containing <see cref="T:JetBrains.ReSharper.ExternalSources.Resources.ExternalSourcesThemedIcons.ExternalSources"/> identifier class.</para>
              </para>
            </summary>
            <remarks>
              <para>For details on Themed Icons and their use, see Remarks on <see cref="T:JetBrains.ReSharper.ExternalSources.Resources.ExternalSourcesThemedIcons"/> class.</para>
            </remarks>
            <seealso cref="T:JetBrains.ReSharper.ExternalSources.Resources.ExternalSourcesThemedIcons"/>
            <example>
              <code>&lt;Image Source="{icons:ThemedIcon myres:ExternalSourcesThemedIcons+ExternalSources}" /&gt;        &lt;!-- XAML --&gt;</code>
            </example>
            <example>
              <code>[Item(Name="Sample", Icon=typeof(ExternalSourcesThemedIcons.ExternalSources))]        // C# Type attribute</code>
            </example>
            <example>
              <code>IconId iconid = ExternalSourcesThemedIcons.ExternalSources.Id;        // IconId identifier object</code>
            </example>
            <example>
              <code>themediconmanager.GetIcon&lt;ExternalSourcesThemedIcons.ExternalSources&gt;()        // Icon image for rendering</code>
            </example>
        </member>
        <member name="T:JetBrains.ReSharper.ExternalSources.Resources.ExternalSourcesThemedIcons.MetadataView">
             <summary>
              <para>
                <para>Autogenerated identifier class for the MetadataView Themed Icon.</para>
                <para>Identifier classes should be used in attributes, XAML, or generic parameters. Where an <see cref="T:JetBrains.UI.Icons.IconId"/> value is expected, use the identifier object in the <see cref="F:JetBrains.ReSharper.ExternalSources.Resources.ExternalSourcesThemedIcons.MetadataView.Id"/> field of the identifier class.</para>
              </para>
            </summary>
            <remarks>
              <para>For details on Themed Icons and their use, see Remarks on <see cref="T:JetBrains.ReSharper.ExternalSources.Resources.ExternalSourcesThemedIcons"/> class.</para>
            </remarks>
            <seealso cref="T:JetBrains.ReSharper.ExternalSources.Resources.ExternalSourcesThemedIcons"/>
            <example>
              <code>&lt;Image Source="{icons:ThemedIcon myres:ExternalSourcesThemedIcons+MetadataView}" /&gt;        &lt;!-- XAML --&gt;</code>
            </example>
            <example>
              <code>[Item(Name="Sample", Icon=typeof(ExternalSourcesThemedIcons.MetadataView))]        // C# Type attribute</code>
            </example>
            <example>
              <code>IconId iconid = ExternalSourcesThemedIcons.MetadataView.Id;        // IconId identifier object</code>
            </example>
            <example>
              <code>themediconmanager.GetIcon&lt;ExternalSourcesThemedIcons.MetadataView&gt;()        // Icon image for rendering</code>
            </example>
        </member>
        <member name="F:JetBrains.ReSharper.ExternalSources.Resources.ExternalSourcesThemedIcons.MetadataView.Id">
             <summary>
              <para>
                <para>Autogenerated identifier object for the MetadataView Themed Icon.</para>
                <para>Identifier objects should be used where an <see cref="T:JetBrains.UI.Icons.IconId"/> value is expected. In attributes, XAML, or generic parameters use the containing <see cref="T:JetBrains.ReSharper.ExternalSources.Resources.ExternalSourcesThemedIcons.MetadataView"/> identifier class.</para>
              </para>
            </summary>
            <remarks>
              <para>For details on Themed Icons and their use, see Remarks on <see cref="T:JetBrains.ReSharper.ExternalSources.Resources.ExternalSourcesThemedIcons"/> class.</para>
            </remarks>
            <seealso cref="T:JetBrains.ReSharper.ExternalSources.Resources.ExternalSourcesThemedIcons"/>
            <example>
              <code>&lt;Image Source="{icons:ThemedIcon myres:ExternalSourcesThemedIcons+MetadataView}" /&gt;        &lt;!-- XAML --&gt;</code>
            </example>
            <example>
              <code>[Item(Name="Sample", Icon=typeof(ExternalSourcesThemedIcons.MetadataView))]        // C# Type attribute</code>
            </example>
            <example>
              <code>IconId iconid = ExternalSourcesThemedIcons.MetadataView.Id;        // IconId identifier object</code>
            </example>
            <example>
              <code>themediconmanager.GetIcon&lt;ExternalSourcesThemedIcons.MetadataView&gt;()        // Icon image for rendering</code>
            </example>
        </member>
        <member name="T:JetBrains.ReSharper.ExternalSources.Resources.ExternalSourcesThemedIcons.SourcesFromSymbolFiles">
             <summary>
              <para>
                <para>Autogenerated identifier class for the SourcesFromSymbolFiles Themed Icon.</para>
                <para>Identifier classes should be used in attributes, XAML, or generic parameters. Where an <see cref="T:JetBrains.UI.Icons.IconId"/> value is expected, use the identifier object in the <see cref="F:JetBrains.ReSharper.ExternalSources.Resources.ExternalSourcesThemedIcons.SourcesFromSymbolFiles.Id"/> field of the identifier class.</para>
              </para>
            </summary>
            <remarks>
              <para>For details on Themed Icons and their use, see Remarks on <see cref="T:JetBrains.ReSharper.ExternalSources.Resources.ExternalSourcesThemedIcons"/> class.</para>
            </remarks>
            <seealso cref="T:JetBrains.ReSharper.ExternalSources.Resources.ExternalSourcesThemedIcons"/>
            <example>
              <code>&lt;Image Source="{icons:ThemedIcon myres:ExternalSourcesThemedIcons+SourcesFromSymbolFiles}" /&gt;        &lt;!-- XAML --&gt;</code>
            </example>
            <example>
              <code>[Item(Name="Sample", Icon=typeof(ExternalSourcesThemedIcons.SourcesFromSymbolFiles))]        // C# Type attribute</code>
            </example>
            <example>
              <code>IconId iconid = ExternalSourcesThemedIcons.SourcesFromSymbolFiles.Id;        // IconId identifier object</code>
            </example>
            <example>
              <code>themediconmanager.GetIcon&lt;ExternalSourcesThemedIcons.SourcesFromSymbolFiles&gt;()        // Icon image for rendering</code>
            </example>
        </member>
        <member name="F:JetBrains.ReSharper.ExternalSources.Resources.ExternalSourcesThemedIcons.SourcesFromSymbolFiles.Id">
             <summary>
              <para>
                <para>Autogenerated identifier object for the SourcesFromSymbolFiles Themed Icon.</para>
                <para>Identifier objects should be used where an <see cref="T:JetBrains.UI.Icons.IconId"/> value is expected. In attributes, XAML, or generic parameters use the containing <see cref="T:JetBrains.ReSharper.ExternalSources.Resources.ExternalSourcesThemedIcons.SourcesFromSymbolFiles"/> identifier class.</para>
              </para>
            </summary>
            <remarks>
              <para>For details on Themed Icons and their use, see Remarks on <see cref="T:JetBrains.ReSharper.ExternalSources.Resources.ExternalSourcesThemedIcons"/> class.</para>
            </remarks>
            <seealso cref="T:JetBrains.ReSharper.ExternalSources.Resources.ExternalSourcesThemedIcons"/>
            <example>
              <code>&lt;Image Source="{icons:ThemedIcon myres:ExternalSourcesThemedIcons+SourcesFromSymbolFiles}" /&gt;        &lt;!-- XAML --&gt;</code>
            </example>
            <example>
              <code>[Item(Name="Sample", Icon=typeof(ExternalSourcesThemedIcons.SourcesFromSymbolFiles))]        // C# Type attribute</code>
            </example>
            <example>
              <code>IconId iconid = ExternalSourcesThemedIcons.SourcesFromSymbolFiles.Id;        // IconId identifier object</code>
            </example>
            <example>
              <code>themediconmanager.GetIcon&lt;ExternalSourcesThemedIcons.SourcesFromSymbolFiles&gt;()        // Icon image for rendering</code>
            </example>
        </member>
        <member name="F:JetBrains.ReSharper.ExternalSources.MetadataViewer.DecompilerBasedConstants.MinorVersion">
            <summary>
            Decompiler minor code version. Increasing this value will force cache expiration
            </summary>
        </member>
        <member name="T:JetBrains.ReSharper.ExternalSources.MetadataViewer.MetadataViewerTextControlsUpdater">
            <summary>
            Updates opened text controls with metadata view when MV option changes or different assembly
            </summary>
        </member>
        <member name="F:JetBrains.ReSharper.ExternalSources.Pdb.FolderSubstitutions.FolderSubstitutionEditorDialog.components">
            <summary>Required designer variable</summary>
        </member>
        <member name="M:JetBrains.ReSharper.ExternalSources.Pdb.FolderSubstitutions.FolderSubstitutionEditorDialog.Dispose(System.Boolean)">
            <summary>
            Clean up any resources being used.
            </summary>
        </member>
        <member name="M:JetBrains.ReSharper.ExternalSources.Pdb.FolderSubstitutions.FolderSubstitutionEditorDialog.InitializeComponent">
            <summary>
            Required method for Designer support - do not modify
            the contents of this method with the code editor.
            </summary>
        </member>
        <member name="M:JetBrains.ReSharper.ExternalSources.ReSharperIntegration.ExternalSourcesNavigationUtil.GetNavigationAreas(JetBrains.ReSharper.Psi.IDeclaredElement,System.Collections.Generic.IEnumerable{JetBrains.ReSharper.ExternalSources.ReSharperIntegration.ExternalSourceFile},JetBrains.ReSharper.Psi.IDeclaredElement)">
            <summary>
            Get navigation area (file + treeNode) to perform precise navigation later in that area.
            </summary>
            <param name="declaredElement"></param>
            <param name="files"></param>
            <param name="target"></param>
            <returns></returns>
        </member>
        <member name="T:JetBrains.ReSharper.ExternalSources.ReSharperIntegration.ExternalSourcesOptionsPageControl">
            <summary>
            Interaction logic for ExternalSourcesOptionsPageControl.xaml
            </summary>
            <summary>
            ExternalSourcesOptionsPageControl
            </summary>
        </member>
        <member name="M:JetBrains.ReSharper.ExternalSources.ReSharperIntegration.ExternalSourcesOptionsPageControl.InitializeComponent">
            <summary>
            InitializeComponent
            </summary>
        </member>
        <member name="M:JetBrains.ReSharper.ExternalSources.ReSharperIntegration.ExternalSourcesFirstTimeNavigation.Execute">
            <summary>
            Show first-time navigation dialog and alter ES options according to
            user choices
            </summary>
            <returns>Whether dialog was successfully executed</returns>
        </member>
    </members>
</doc>
