<?xml version="1.0"?>
<doc>
    <assembly>
        <name>JetBrains.ReSharper.Daemon.Engine</name>
    </assembly>
    <members>
        <member name="T:JetBrains.ReSharper.Daemon.Impl.ChangeInspectionSeverityDialog">
            <summary>
            ChangeInspectionSeverityDialog
            </summary>
        </member>
        <member name="F:JetBrains.ReSharper.Daemon.Impl.ChangeInspectionSeverityDialog.SeverityOptionsTitleProperty">
            <summary>
            Using a DependencyProperty as the backing store for SeverityOptionsTitle.  
            This enables animation, styling, binding, etc...
            </summary>
        </member>
        <member name="F:JetBrains.ReSharper.Daemon.Impl.ChangeInspectionSeverityDialog.CanBeErrorProperty">
            <summary>
            Using a DependencyProperty as the backing store for CanBeError. 
            This enables animation, styling, binding, etc...
            </summary>
        </member>
        <member name="M:JetBrains.ReSharper.Daemon.Impl.ChangeInspectionSeverityDialog.InitializeComponent">
            <summary>
            InitializeComponent
            </summary>
        </member>
        <member name="P:JetBrains.ReSharper.Daemon.Impl.ChangeInspectionSeverityDialog.SeverityOptionsTitle">
            <summary>
            Gets or sets title of options which severity will be changed
            </summary>
        </member>
        <member name="P:JetBrains.ReSharper.Daemon.Impl.ChangeInspectionSeverityDialog.SelectedSettingsLayer">
            <summary>
            Gets settings layer if user used Save To, null otherwise
            </summary>
        </member>
        <member name="F:JetBrains.ReSharper.Daemon.Impl.ChangeSeverityDialog.components">
            <summary>
            Required designer variable.
            </summary>
        </member>
        <member name="M:JetBrains.ReSharper.Daemon.Impl.ChangeSeverityDialog.Dispose(System.Boolean)">
            <summary>
            Clean up any resources being used.
            </summary>
            <param name="disposing">true if managed resources should be disposed; otherwise, false.</param>
        </member>
        <member name="M:JetBrains.ReSharper.Daemon.Impl.ChangeSeverityDialog.InitializeComponent">
            <summary>
            Required method for Designer support - do not modify
            the contents of this method with the code editor.
            </summary>
        </member>
        <member name="T:JetBrains.ReSharper.Daemon.Engine.Impl.StatusBarMessenger">
            <summary>
            When a caret is placed over a highlighter (error/warning etc), advertises its text in the status bar.
            This way you can see the text of the error under caret without using mouse.
            </summary>
        </member>
        <member name="M:JetBrains.ReSharper.Daemon.Engine.Impl.StatusBarMessenger.UpdateMessage">
            <summary>
            Applies a new message to the status bar based on the current text control caret position.
            </summary>
        </member>
        <member name="T:JetBrains.ReSharper.Daemon.Stages.FileStructureBase">
            <summary>
            Handy base class for language-specific <see cref="T:JetBrains.ReSharper.Daemon.Stages.IFileStructure"/>
            </summary>
        </member>
        <member name="T:JetBrains.ReSharper.Daemon.Stages.IFileStructure">
            <summary>
            Explores specific information for file and return it's coordinates relative to file
            </summary>
        </member>
        <member name="T:JetBrains.ReSharper.Daemon.Stages.GlobalFileStructureCollectorStage">
            <summary>
            Marker stage to order all of file structure collector stages. All of them must precede this one.
            </summary>
        </member>
        <member name="T:JetBrains.ReSharper.Daemon.Stages.ICompilerWarningPreProcessor">
            <summary>
            Allows change the severity of compiler-specific highlighting according to project settings (such as "warning level" or "treat warnings as errors").
            Applied when adding highlightings to <see cref="T:JetBrains.ReSharper.Daemon.Stages.IHighlightingConsumer"/> throgh <see cref="M:JetBrains.ReSharper.Daemon.Stages.HighlightingConsumerExtension.AddHighlighting(JetBrains.ReSharper.Daemon.Stages.IHighlightingConsumer,JetBrains.ReSharper.Daemon.IHighlighting,JetBrains.DocumentModel.DocumentRange,JetBrains.ReSharper.Psi.Tree.IFile,System.Nullable{JetBrains.ReSharper.Daemon.Severity},System.String,System.Nullable{JetBrains.ReSharper.Daemon.OverlapResolveKind},System.Nullable{System.Int32})"/> methods
            </summary>
        </member>
        <member name="M:JetBrains.ReSharper.Daemon.Stages.ICompilerWarningPreProcessor.PreProcess(System.Collections.Generic.IList{System.String},JetBrains.ReSharper.Psi.Tree.IFile,System.Nullable{JetBrains.ReSharper.Daemon.Severity}@,System.String@)">
            <summary>
            language-dependent preprocessor of highlighting with specified compiler ID. Return (null,null) in out parameters to use default severity anf attribute.
            </summary>
            <returns>
            <c>true</c> if warning should be added to markup, <c>false</c> if warning should be skipped
            </returns>
        </member>
        <member name="T:JetBrains.ReSharper.Daemon.Stages.IgnoreWarningsRegionsInfo">
            <summary>
            Info about regions where to ignore warnings or errors
            </summary>
        </member>
        <member name="T:JetBrains.ReSharper.Daemon.UsageChecking.IHierarchyAnalysisStageProcess">
            <summary>
            Methods of this interface are Invoked only when FullRehighlightingRequired is true
            </summary>
        </member>
        <member name="F:JetBrains.ReSharper.Daemon.UsageChecking.LocalMembersUsageFilter.myReferenceNames">
            <summary>
            Set of suspicious reference names which should be resolved to check usages
            </summary>
        </member>
        <member name="F:JetBrains.ReSharper.Daemon.UsageChecking.LocalMembersUsageFilter.myMembers">
            <summary>
            Set of declared elements declared in this file. Only their usages should be checked
            </summary>
        </member>
    </members>
</doc>
