<?xml version="1.0"?>
<doc>
    <assembly>
        <name>JetBrains.Platform.ReSharper.UI.Standalone</name>
    </assembly>
    <members>
        <member name="T:JetBrains.UI.Standalone.Resources.ImageViewerThemedIcons">
             <summary>
              <para>
                <para>Autogenerated identifier classes and identifier objects to Themed Icons registered with <see cref="T:JetBrains.UI.Icons.IThemedIconManager"/>.</para>
                <para>Identifier classes should be used in attributes, XAML, or generic parameters. Where an <see cref="T:JetBrains.UI.Icons.IconId"/> value is expected, use the identifier object in the <c>Id</c> field of the identifier class.</para>
              </para>
            </summary>
            <remarks>
              <para>This code was compile-time generated to support Themed Icons in the JetBrains application.</para>
              <para>It has two primary goals: load the icons of this assembly to be registered with <see cref="T:JetBrains.UI.Icons.IThemedIconManager"/> so that they were WPF-accessible and theme-sensitive; and emit early-bound accessors for referencing icons in codebehind in a compile-time-validated manner.</para>
              <h1>XAML</h1>
              <para>For performance reasons, the icons are not individually exposed with application resources. There is a custom markup extension to bind an image source in markup.</para>
              <para>To use an icon from XAML, set an <see cref="T:System.Windows.Media.ImageSource"/> property to the <see cref="T:JetBrains.UI.Icons.ThemedIconExtension"/> markup extension, which takes an icon identifier class (nested in <see cref="T:JetBrains.UI.Standalone.Resources.ImageViewerThemedIcons"/> class) as a parameter.</para>
              <para>Example:</para>
              <code>&lt;Image Source="{icons:ThemedIcon myres:ImageViewerThemedIcons+Coordinates}" /&gt;</code>
              <h1>Attributes</h1>
              <para>Sometimes you have to reference an icon from a type attriute when you're defining objects in code. Typical examples are Options pages and Tool Windows.</para>
              <para>To avoid the use of string IDs which are not validated very well, we've emitted identifier classes to be used with <c>typeof()</c> expression, one per each icon. Use the attribute overload which takes a <see cref="T:System.Type"/> for an image, and choose your icon class from nested classes in the <see cref="T:JetBrains.UI.Standalone.Resources.ImageViewerThemedIcons"/> class.</para>
              <para>Example:</para>
              <code>[Item(Name="Sample", Icon=typeof(ImageViewerThemedIcons.Coordinates))]</code>
              <h1>CodeBehind</h1>
              <para>In codebehind, we have two distinct tasks: (a) specify some icon in the APIs and (b) render icon images onscreen.</para>
              <para>On the APIs stage you should only manipulate icon identifier objects (of type <see cref="T:JetBrains.UI.Icons.IconId"/>, statically defined in <see cref="T:JetBrains.UI.Standalone.Resources.ImageViewerThemedIcons"/> in <c>Id</c> fields). Icon identifier classes (nested in <see cref="T:JetBrains.UI.Standalone.Resources.ImageViewerThemedIcons"/>) should be turned into icon identifier objects as early as possible. Rendering is about getting an <see cref="T:System.Windows.Media.ImageSource"/> to assign to WPF, or <see cref="T:System.Drawing.Bitmap"/> to use with GDI+ / Windows Forms.</para>
              <para>You should turn an identifier object into a rendered image as late as possible. The identifier is static and lightweight and does not depend on the current theme, while the image is themed and has to be loaded or generated/rasterized. You need an <see cref="T:JetBrains.UI.Icons.IThemedIconManager"/> instance to get the image out of an icon identifier object. Once you got the image, you should take care to change it with theme changes — either by using a live image property, or by listening to the theme change event. See <see cref="T:JetBrains.UI.Icons.IThemedIconManager"/> and its extensions for the related facilities.</para>
              <para>Example:</para>
              <code>// Getting IconId identifier object to use with APIs
            IconId iconid = ImageViewerThemedIcons.Coordinates.Id;</code>
              <code>// Getting IconId out of an Icon Identifier Class type
            IconId iconid = CompiledIconClassAttribute.TryGetCompiledIconClassId(typeof(ImageViewerThemedIcons.Coordinates), OnError.Throw);</code>
              <code>// Getting image for screen rendering by IconId
            themediconmanager.Icons[icnoid]</code>
              <code>// Getting image for screen rendering by Icon Identifier Class
            themediconmanager.GetIcon&lt;ImageViewerThemedIcons.Coordinates&gt;()</code>
              <h1>Icons Origin</h1>
              <para>This code was generated by a pre-compile build task from a set of input files which are XAML files adhering to a certain convention, as convenient for exporting them from the Illustrator workspace, plus separate PNG files with raster icons. In the projects, these files are designated with <c>ThemedIconsXamlV3</c> and <c>ThemedIconPng</c> build actions and do not themselves get into the output assembly. All of such files are processed, vector images for different themes of the same icon are split and combined into the single list of icons in this assembly. This list is then written into the genearted XAML file (compiled into BAML within assembly), and serves as the source for this generated code.</para>
            </remarks>
        </member>
        <member name="T:JetBrains.UI.Standalone.Resources.ImageViewerThemedIcons.Coordinates">
             <summary>
              <para>
                <para>Autogenerated identifier class for the Coordinates Themed Icon.</para>
                <para>Identifier classes should be used in attributes, XAML, or generic parameters. Where an <see cref="T:JetBrains.UI.Icons.IconId"/> value is expected, use the identifier object in the <see cref="F:JetBrains.UI.Standalone.Resources.ImageViewerThemedIcons.Coordinates.Id"/> field of the identifier class.</para>
              </para>
            </summary>
            <remarks>
              <para>For details on Themed Icons and their use, see Remarks on <see cref="T:JetBrains.UI.Standalone.Resources.ImageViewerThemedIcons"/> class.</para>
            </remarks>
            <seealso cref="T:JetBrains.UI.Standalone.Resources.ImageViewerThemedIcons"/>
            <example>
              <code>&lt;Image Source="{icons:ThemedIcon myres:ImageViewerThemedIcons+Coordinates}" /&gt;        &lt;!-- XAML --&gt;</code>
            </example>
            <example>
              <code>[Item(Name="Sample", Icon=typeof(ImageViewerThemedIcons.Coordinates))]        // C# Type attribute</code>
            </example>
            <example>
              <code>IconId iconid = ImageViewerThemedIcons.Coordinates.Id;        // IconId identifier object</code>
            </example>
            <example>
              <code>themediconmanager.GetIcon&lt;ImageViewerThemedIcons.Coordinates&gt;()        // Icon image for rendering</code>
            </example>
        </member>
        <member name="F:JetBrains.UI.Standalone.Resources.ImageViewerThemedIcons.Coordinates.Id">
             <summary>
              <para>
                <para>Autogenerated identifier object for the Coordinates Themed Icon.</para>
                <para>Identifier objects should be used where an <see cref="T:JetBrains.UI.Icons.IconId"/> value is expected. In attributes, XAML, or generic parameters use the containing <see cref="T:JetBrains.UI.Standalone.Resources.ImageViewerThemedIcons.Coordinates"/> identifier class.</para>
              </para>
            </summary>
            <remarks>
              <para>For details on Themed Icons and their use, see Remarks on <see cref="T:JetBrains.UI.Standalone.Resources.ImageViewerThemedIcons"/> class.</para>
            </remarks>
            <seealso cref="T:JetBrains.UI.Standalone.Resources.ImageViewerThemedIcons"/>
            <example>
              <code>&lt;Image Source="{icons:ThemedIcon myres:ImageViewerThemedIcons+Coordinates}" /&gt;        &lt;!-- XAML --&gt;</code>
            </example>
            <example>
              <code>[Item(Name="Sample", Icon=typeof(ImageViewerThemedIcons.Coordinates))]        // C# Type attribute</code>
            </example>
            <example>
              <code>IconId iconid = ImageViewerThemedIcons.Coordinates.Id;        // IconId identifier object</code>
            </example>
            <example>
              <code>themediconmanager.GetIcon&lt;ImageViewerThemedIcons.Coordinates&gt;()        // Icon image for rendering</code>
            </example>
        </member>
        <member name="T:JetBrains.UI.Standalone.Resources.ImageViewerThemedIcons.Dimensions">
             <summary>
              <para>
                <para>Autogenerated identifier class for the Dimensions Themed Icon.</para>
                <para>Identifier classes should be used in attributes, XAML, or generic parameters. Where an <see cref="T:JetBrains.UI.Icons.IconId"/> value is expected, use the identifier object in the <see cref="F:JetBrains.UI.Standalone.Resources.ImageViewerThemedIcons.Dimensions.Id"/> field of the identifier class.</para>
              </para>
            </summary>
            <remarks>
              <para>For details on Themed Icons and their use, see Remarks on <see cref="T:JetBrains.UI.Standalone.Resources.ImageViewerThemedIcons"/> class.</para>
            </remarks>
            <seealso cref="T:JetBrains.UI.Standalone.Resources.ImageViewerThemedIcons"/>
            <example>
              <code>&lt;Image Source="{icons:ThemedIcon myres:ImageViewerThemedIcons+Dimensions}" /&gt;        &lt;!-- XAML --&gt;</code>
            </example>
            <example>
              <code>[Item(Name="Sample", Icon=typeof(ImageViewerThemedIcons.Dimensions))]        // C# Type attribute</code>
            </example>
            <example>
              <code>IconId iconid = ImageViewerThemedIcons.Dimensions.Id;        // IconId identifier object</code>
            </example>
            <example>
              <code>themediconmanager.GetIcon&lt;ImageViewerThemedIcons.Dimensions&gt;()        // Icon image for rendering</code>
            </example>
        </member>
        <member name="F:JetBrains.UI.Standalone.Resources.ImageViewerThemedIcons.Dimensions.Id">
             <summary>
              <para>
                <para>Autogenerated identifier object for the Dimensions Themed Icon.</para>
                <para>Identifier objects should be used where an <see cref="T:JetBrains.UI.Icons.IconId"/> value is expected. In attributes, XAML, or generic parameters use the containing <see cref="T:JetBrains.UI.Standalone.Resources.ImageViewerThemedIcons.Dimensions"/> identifier class.</para>
              </para>
            </summary>
            <remarks>
              <para>For details on Themed Icons and their use, see Remarks on <see cref="T:JetBrains.UI.Standalone.Resources.ImageViewerThemedIcons"/> class.</para>
            </remarks>
            <seealso cref="T:JetBrains.UI.Standalone.Resources.ImageViewerThemedIcons"/>
            <example>
              <code>&lt;Image Source="{icons:ThemedIcon myres:ImageViewerThemedIcons+Dimensions}" /&gt;        &lt;!-- XAML --&gt;</code>
            </example>
            <example>
              <code>[Item(Name="Sample", Icon=typeof(ImageViewerThemedIcons.Dimensions))]        // C# Type attribute</code>
            </example>
            <example>
              <code>IconId iconid = ImageViewerThemedIcons.Dimensions.Id;        // IconId identifier object</code>
            </example>
            <example>
              <code>themediconmanager.GetIcon&lt;ImageViewerThemedIcons.Dimensions&gt;()        // Icon image for rendering</code>
            </example>
        </member>
        <member name="T:JetBrains.UI.Standalone.Resources.ImageViewerThemedIcons.Zoom">
             <summary>
              <para>
                <para>Autogenerated identifier class for the Zoom Themed Icon.</para>
                <para>Identifier classes should be used in attributes, XAML, or generic parameters. Where an <see cref="T:JetBrains.UI.Icons.IconId"/> value is expected, use the identifier object in the <see cref="F:JetBrains.UI.Standalone.Resources.ImageViewerThemedIcons.Zoom.Id"/> field of the identifier class.</para>
              </para>
            </summary>
            <remarks>
              <para>For details on Themed Icons and their use, see Remarks on <see cref="T:JetBrains.UI.Standalone.Resources.ImageViewerThemedIcons"/> class.</para>
            </remarks>
            <seealso cref="T:JetBrains.UI.Standalone.Resources.ImageViewerThemedIcons"/>
            <example>
              <code>&lt;Image Source="{icons:ThemedIcon myres:ImageViewerThemedIcons+Zoom}" /&gt;        &lt;!-- XAML --&gt;</code>
            </example>
            <example>
              <code>[Item(Name="Sample", Icon=typeof(ImageViewerThemedIcons.Zoom))]        // C# Type attribute</code>
            </example>
            <example>
              <code>IconId iconid = ImageViewerThemedIcons.Zoom.Id;        // IconId identifier object</code>
            </example>
            <example>
              <code>themediconmanager.GetIcon&lt;ImageViewerThemedIcons.Zoom&gt;()        // Icon image for rendering</code>
            </example>
        </member>
        <member name="F:JetBrains.UI.Standalone.Resources.ImageViewerThemedIcons.Zoom.Id">
             <summary>
              <para>
                <para>Autogenerated identifier object for the Zoom Themed Icon.</para>
                <para>Identifier objects should be used where an <see cref="T:JetBrains.UI.Icons.IconId"/> value is expected. In attributes, XAML, or generic parameters use the containing <see cref="T:JetBrains.UI.Standalone.Resources.ImageViewerThemedIcons.Zoom"/> identifier class.</para>
              </para>
            </summary>
            <remarks>
              <para>For details on Themed Icons and their use, see Remarks on <see cref="T:JetBrains.UI.Standalone.Resources.ImageViewerThemedIcons"/> class.</para>
            </remarks>
            <seealso cref="T:JetBrains.UI.Standalone.Resources.ImageViewerThemedIcons"/>
            <example>
              <code>&lt;Image Source="{icons:ThemedIcon myres:ImageViewerThemedIcons+Zoom}" /&gt;        &lt;!-- XAML --&gt;</code>
            </example>
            <example>
              <code>[Item(Name="Sample", Icon=typeof(ImageViewerThemedIcons.Zoom))]        // C# Type attribute</code>
            </example>
            <example>
              <code>IconId iconid = ImageViewerThemedIcons.Zoom.Id;        // IconId identifier object</code>
            </example>
            <example>
              <code>themediconmanager.GetIcon&lt;ImageViewerThemedIcons.Zoom&gt;()        // Icon image for rendering</code>
            </example>
        </member>
        <member name="T:JetBrains.UI.Standalone.ActionManagement.StandaloneInitActionSystemAdapter">
            <summary>
            Disable action system usage by text control.
            In standalone, we declare these actions in actions.xml. In VS, they're hack-overridden over VS actions by InitActionSystemAdapter.
            TODO: fix the whole architecture around text control actions, they're a bit broken ideologically.
            </summary>
        </member>
        <member name="T:JetBrains.UI.Standalone.Controls.ImageViewer.ImageRenderer">
            <summary>
            Represents render of the image
            </summary>
        </member>
        <member name="F:JetBrains.UI.Standalone.Controls.ImageViewer.ImageRenderer.SourceProperty">
            <summary>
            Using a DependencyProperty as the backing store for Source. 
            This enables animation, styling, binding, etc...
            </summary>
        </member>
        <member name="F:JetBrains.UI.Standalone.Controls.ImageViewer.ImageRenderer.ViewportProperty">
            <summary>
            Using a DependencyProperty as the backing store for Viewport.  
            This enables animation, styling, binding, etc...
            </summary>
        </member>
        <member name="F:JetBrains.UI.Standalone.Controls.ImageViewer.ImageRenderer.HasInertionProperty">
            <summary>
            Using a DependencyProperty as the backing store for HasInertion.  
            This enables animation, styling, binding, etc...
            </summary>
        </member>
        <member name="F:JetBrains.UI.Standalone.Controls.ImageViewer.ImageRenderer.ZoomProperty">
            <summary>
            Using a DependencyProperty as the backing store for Zoom.
            This enables animation, styling, binding, etc...
            </summary>
        </member>
        <member name="M:JetBrains.UI.Standalone.Controls.ImageViewer.ImageRenderer.#ctor">
            <summary>
            Default constructor
            </summary>
        </member>
        <member name="M:JetBrains.UI.Standalone.Controls.ImageViewer.ImageRenderer.CancelDrag">
            <summary>
            Cancels current drag
            </summary>
        </member>
        <member name="M:JetBrains.UI.Standalone.Controls.ImageViewer.ImageRenderer.FitImage">
            <summary>
            Fits image
            </summary>
        </member>
        <member name="M:JetBrains.UI.Standalone.Controls.ImageViewer.ImageRenderer.ZoomTo(System.Windows.Point,System.Double)">
            <summary>
            Zooms to the given point (normalized coords)
            </summary>
            <param name="point">Point (normalized coords)</param>
            <param name="zoom">Zoom</param>
        </member>
        <member name="M:JetBrains.UI.Standalone.Controls.ImageViewer.ImageRenderer.ZoomTo(System.Windows.Point,System.Windows.Point,System.Double)">
            <summary>
            Zooms to the given point (normalized coords)
            </summary>
            <param name="point">Point (normalized coords)</param>
            <param name="center">Center point in control coordinate space (normalized [0..1])</param>
            <param name="zoom">Zoom</param>
        </member>
        <member name="M:JetBrains.UI.Standalone.Controls.ImageViewer.ImageRenderer.OnRender(System.Windows.Media.DrawingContext)">
            <summary>
            Participates in rendering operations that are directed by the layout system. 
            The rendering instructions for this element are not used directly when this method is invoked, 
            and are instead preserved for later asynchronous use by layout and drawing. 
            </summary>
            <param name="drawingContext">The drawing instructions for a specific element. 
            This context is provided to the layout system.</param>
        </member>
        <member name="M:JetBrains.UI.Standalone.Controls.ImageViewer.ImageRenderer.GetCurrentZoom">
            <summary>
            Gets cuurent zoom based on current RenderSize and Viewport
            </summary>
            <returns></returns>
        </member>
        <member name="M:JetBrains.UI.Standalone.Controls.ImageViewer.ImageRenderer.CalculateViewport(System.Windows.Point,System.Windows.Point,System.Double)">
            <summary>
            Calculates viewpoort to the given point (normalized coords)
            </summary>
            <param name="point">Point (normalized coords)</param>
            <param name="center">Center point in control coordinate space (normalized [0..1])</param>
            <param name="zoom">Zoom</param>
        </member>
        <member name="M:JetBrains.UI.Standalone.Controls.ImageViewer.ImageRenderer.PointToImage(System.Windows.Point)">
            <summary>
            Calculate point on the image, in pixels
            </summary>
            <param name="point">Screen point</param>
            <returns>Point, in pixels</returns>
        </member>
        <member name="M:JetBrains.UI.Standalone.Controls.ImageViewer.ImageRenderer.PointToImageNormalized(System.Windows.Point)">
            <summary>
            Calculate point on the images, in normalized units
            </summary>
            <param name="point">Screen point</param>
            <returns>Point, in normalized units</returns>
        </member>
        <member name="M:JetBrains.UI.Standalone.Controls.ImageViewer.ImageRenderer.GetMousePositionInImage">
            <summary>
            Gets current mouse position relative to image, pixles
            </summary>
            <returns></returns>
        </member>
        <member name="M:JetBrains.UI.Standalone.Controls.ImageViewer.ImageRenderer.GetMousePositionInImageNormalizaed">
            <summary>
            Gets current mouse position relative to image, normalized units
            </summary>
            <returns></returns>
        </member>
        <member name="E:JetBrains.UI.Standalone.Controls.ImageViewer.ImageRenderer.Click">
            <summary>
            Occurs when user performs click
            </summary>
        </member>
        <member name="E:JetBrains.UI.Standalone.Controls.ImageViewer.ImageRenderer.DoubleClick">
            <summary>
            Occurs when user performs double click
            </summary>
        </member>
        <member name="P:JetBrains.UI.Standalone.Controls.ImageViewer.ImageRenderer.Source">
            <summary>
            Gets or sets image source of the presenter
            </summary>
        </member>
        <member name="P:JetBrains.UI.Standalone.Controls.ImageViewer.ImageRenderer.Viewport">
            <summary>
            Gets or sets viewport (visible rect of the canvas)
            </summary>
        </member>
        <member name="P:JetBrains.UI.Standalone.Controls.ImageViewer.ImageRenderer.HasInertion">
            <summary>
            Gets or sets whether changes should be 
            with some inertion (true by default)
            </summary>
        </member>
        <member name="P:JetBrains.UI.Standalone.Controls.ImageViewer.ImageRenderer.Zoom">
            <summary>
            Gets or sets zoom
            </summary>
        </member>
        <member name="P:JetBrains.UI.Standalone.Controls.ImageViewer.ImageRenderer.IsDragging">
            <summary>
            Gets whether dragging is performed
            </summary>
        </member>
        <member name="T:JetBrains.UI.Standalone.Controls.ImageViewer.ImageViewer">
            <summary>
            Interaction logic for ImageViewer.xaml
            </summary>
            <summary>
            ImageViewer
            </summary>
        </member>
        <member name="F:JetBrains.UI.Standalone.Controls.ImageViewer.ImageViewer.ImageSourceProperty">
            <summary>
            Using a DependencyProperty as the backing store for Source. 
            This enables animation, styling, binding, etc...
            </summary>
        </member>
        <member name="M:JetBrains.UI.Standalone.Controls.ImageViewer.ImageViewer.#ctor">
            <summary>
            Constructor
            </summary>
        </member>
        <member name="M:JetBrains.UI.Standalone.Controls.ImageViewer.ImageViewer.Fit">
            <summary>
            Fits image to fill all space
            </summary>
        </member>
        <member name="M:JetBrains.UI.Standalone.Controls.ImageViewer.ImageViewer.LoadFile(JetBrains.Util.FileSystemPath)">
            <summary>
            Loads image from path
            </summary>
            <param name="path"></param>
        </member>
        <member name="M:JetBrains.UI.Standalone.Controls.ImageViewer.ImageViewer.InitializeComponent">
            <summary>
            InitializeComponent
            </summary>
        </member>
        <member name="P:JetBrains.UI.Standalone.Controls.ImageViewer.ImageViewer.Source">
            <summary>
            Gets or sets image source of the presenter
            </summary>
        </member>
        <member name="T:JetBrains.UI.Standalone.Controls.ImageViewer.ZoomSlider">
            <summary>
            Represents zoom slider (non-uniform slider w/label support)
            </summary>
            <summary>
            ZoomSlider
            </summary>
        </member>
        <member name="F:JetBrains.UI.Standalone.Controls.ImageViewer.ZoomSlider.LabelFormatProperty">
            <summary>
            Using a DependencyProperty as the backing store for LabelFormat.  
            This enables animation, styling, binding, etc...
            </summary>
        </member>
        <member name="F:JetBrains.UI.Standalone.Controls.ImageViewer.ZoomSlider.ValuesProperty">
            <summary>
            Using a DependencyProperty as the backing store for Values.
            This enables animation, styling, binding, etc...
            </summary>
        </member>
        <member name="F:JetBrains.UI.Standalone.Controls.ImageViewer.ZoomSlider.ValueProperty">
            <summary>
            Using a DependencyProperty as the backing store for Value.
            This enables animation, styling, binding, etc...
            </summary>
        </member>
        <member name="M:JetBrains.UI.Standalone.Controls.ImageViewer.ZoomSlider.#ctor">
            <summary>
            Constructor
            </summary>
        </member>
        <member name="M:JetBrains.UI.Standalone.Controls.ImageViewer.ZoomSlider.InitializeComponent">
            <summary>
            InitializeComponent
            </summary>
        </member>
        <member name="P:JetBrains.UI.Standalone.Controls.ImageViewer.ZoomSlider.LabelFormat">
            <summary>
            Gets or sets format of labels
            </summary>
        </member>
        <member name="P:JetBrains.UI.Standalone.Controls.ImageViewer.ZoomSlider.Values">
            <summary>
            Gets or sets non-uniform values
            </summary>
        </member>
        <member name="P:JetBrains.UI.Standalone.Controls.ImageViewer.ZoomSlider.Value">
            <summary>
            Gets or sets current value
            </summary>
        </member>
        <member name="T:JetBrains.UI.Standalone.Controls.ImageViewer.ZoomSliderTickBar">
            <summary>
            Represents zoom slider tickbar (should be used in control 
            template of slider to make possible labels)
            </summary>
        </member>
        <member name="F:JetBrains.UI.Standalone.Controls.ImageViewer.ZoomSliderTickBar.FontFamilyProperty">
            <summary>
            Using a DependencyProperty as the backing store for FontFamily.  
            This enables animation, styling, binding, etc...
            </summary>
        </member>
        <member name="F:JetBrains.UI.Standalone.Controls.ImageViewer.ZoomSliderTickBar.FontSizeProperty">
            <summary>
            Using a DependencyProperty as the backing store for FontSize.  
            This enables animation, styling, binding, etc...
            </summary>
        </member>
        <member name="F:JetBrains.UI.Standalone.Controls.ImageViewer.ZoomSliderTickBar.ValuesProperty">
            <summary>
            Using a DependencyProperty as the backing store for Ticks.  
            This enables animation, styling, binding, etc...
            </summary>
        </member>
        <member name="F:JetBrains.UI.Standalone.Controls.ImageViewer.ZoomSliderTickBar.LabelFormatProperty">
            <summary>
            Using a DependencyProperty as the backing store for LabelFormat.  
            This enables animation, styling, binding, etc...
            </summary>
        </member>
        <member name="P:JetBrains.UI.Standalone.Controls.ImageViewer.ZoomSliderTickBar.FontFamily">
            <summary>
            Gets or sets FontFamily
            </summary>
        </member>
        <member name="P:JetBrains.UI.Standalone.Controls.ImageViewer.ZoomSliderTickBar.FontSize">
            <summary>
            Gets or sets FonSize
            </summary>
        </member>
        <member name="P:JetBrains.UI.Standalone.Controls.ImageViewer.ZoomSliderTickBar.Values">
            <summary>
            Gets or sets ticks values
            </summary>
        </member>
        <member name="P:JetBrains.UI.Standalone.Controls.ImageViewer.ZoomSliderTickBar.LabelFormat">
            <summary>
            Gets or sets format of labels
            </summary>
        </member>
        <member name="F:JetBrains.UI.Standalone.Host.SingleInstanceStandaloneProduct.CmdLineNewInstance">
            <summary>
            Tells to circumvent the normal single-instance logic and always run a new instance instead of passing parameters to the primary instance and exiting.
            </summary>
        </member>
        <member name="F:JetBrains.UI.Standalone.Host.SingleInstanceStandaloneProduct.IsSingleInstanceStandaloneProduct">
            <summary>
            <para>When <c>True</c>, and an instance of this product is already running, starting the second instance will not create the host but will pass the command line to the first instance AS IS instead, and exit.</para>
            <para>To watch for the new command line arguments, see the <see cref="P:JetBrains.Application.ICommandLine.Parameters"/>.</para>
            </summary>
        </member>
        <member name="M:JetBrains.UI.Standalone.Host.SingleInstanceStandaloneProduct.ProcessSingleInstanceAndCheckIfContinueStarting(JetBrains.DataFlow.Lifetime,JetBrains.Application.IApplicationDescriptor,JetBrains.Application.HostCommandLine,JetBrains.Threading.ReentrancyGuard)">
            <summary>
            Handles the single-instance logic and tells whether to continue starting up this instance of the application.
            </summary>
            <param name="lifetime">Limiting lifetime of the instance, used for the primary instance registration as such.</param>
            <param name="product">The default product of this host, determines if we're running in the single-instance mode.</param>
            <param name="cmdline">Host command line. Might give the command line parameter to circumvent single-instance logic. On the fist instance, command lines received from secondary instances are added to this command line.</param>
            <param name="guard"> </param>
            <returns>Whether to continue starting up the current instance.</returns>
        </member>
        <member name="M:JetBrains.UI.Standalone.Host.SingleInstanceStandaloneProductServer.JoinSecondaryInstance(System.String,System.String[])">
            <summary>
            To be called by the secondary instance, passing the additional command line args.
            </summary>
            <param name="workingdir">Working directory of the secondary instance. Will be applied to the primary instance, as might affect parsing the commandline.</param>
            <param name="args">Command lines.</param>
            <returns>Some window from the called process which should be made a foreground window by the foreground process. As we the primary instance are not the foreground process when we serve the request, we cannot manipulate the foreground window setting, so let the calling process (which is most likely the foreground one) do the thing.</returns>
        </member>
        <member name="F:JetBrains.UI.Standalone.Host.StandaloneApplicationCommandLineHelp.CommandLineHelpText">
            <summary>
            Set this metadata on <see cref="P:JetBrains.Application.IApplicationDescriptor.Bag"/> to enable showing product help on this command line key.
            </summary>
        </member>
        <member name="T:JetBrains.UI.Standalone.Host.StandaloneApplicationHostCanStillRun">
            <summary>
            A can-be-started handler specific to standalone hosts.
            Shuts down the product when the main window is closed.
            Or you can tell it to shut you down explicitly.
            </summary>
        </member>
        <member name="M:JetBrains.UI.Standalone.Host.StandaloneApplicationHostCanStillRun.ShutdownRequested(JetBrains.UI.Standalone.Host.StandaloneApplicationHostCanStillRun.ShutdownErrorStatus)">
            <summary>
            Call this method if you would like the standalone application to shut down.
            </summary>
        </member>
        <member name="T:JetBrains.UI.Standalone.StdApplicationUI.MainWindow.StandaloneApplicationMainWindow">
            <summary>
            When shell components are ready (at least those referenced here), takes them and fills the main window with content.
            </summary>
        </member>
        <member name="F:JetBrains.UI.Standalone.StdApplicationUI.MainWindow.StandaloneApplicationMainWindow.MainMenuActionID">
            <summary>
            Set this on the application descriptor to the Action ID of the main menu for your application. <c>Null</c> means your application does not have a main menu.
            </summary>
        </member>
        <member name="F:JetBrains.UI.Standalone.StdApplicationUI.MainWindow.StandaloneApplicationMainWindow.MainToolbarActionID">
            <summary>
            Set this on the application descriptor to the Action ID of the main toolbar for your application. <c>Null</c> means your application does not have a main toolbar.
            </summary>
        </member>
        <member name="P:JetBrains.UI.Standalone.StdApplicationUI.MainWindow.IWpfMainWindow.MainWindow">
            <summary>
            Gets the main window of the application as a WPF <see cref="T:System.Windows.Window"/> object.
            </summary>
            <remarks>In the current standalone application implementation, it is always non-NULL and set to the same instance. However, to prepare clients for possible multi-main-window environments, it's a live property.</remarks>
        </member>
        <member name="M:JetBrains.UI.Standalone.Host.JetStandaloneApplicationHost.Init_ExceptionReporter_NoAppDescriptor">
            <summary>
            Show any exceptions to the user.
            We do not have the appdescriptor (product name, issue tracker data) yet.
            Reports failures in creating the appdescriptor.
            We MUST NOT obey <see cref="P:JetBrains.Application.ExceptionReport.ExceptionReporting.IsShowingExceptionsToUser"/> flag here: after we have the appdesc, we push another exception reporter that obeys the flag, but appdesc-related errors are most likely FATAL and MUST be shown to the user.
            </summary>
        </member>
        <member name="M:JetBrains.UI.Standalone.Host.JetStandaloneApplicationHost.Init_ExceptionReporter_WithAppDescriptor(JetBrains.DataFlow.Lifetime,JetBrains.Application.IApplicationDescriptor)">
            <summary>
            Now as we got an <see cref="T:JetBrains.Application.IApplicationDescriptor"/>, submit exceptions to its tracker.
            Also here we start obeying <see cref="P:JetBrains.Application.ExceptionReport.ExceptionReporting.IsShowingExceptionsToUser"/>.
            Note that when Shell is started it will override with its own collecting reporter when it's fully up and ready.
            </summary>
        </member>
        <member name="T:JetBrains.UI.Standalone.Host.JetStandaloneApplicationHost.SplashScreenHwnd">
            <summary>
            Wraps the Splash Screen HWND which was created by the bootstrapper for passing it into the application host so that the splash could be closed after the appication is ready to show the main window.
            </summary>
        </member>
        <member name="T:JetBrains.UI.Standalone.Host.JetStandaloneApplicationHost.HideSplashScreen">
            <summary>
            After the main window is ready, hides the splash screen.
            </summary>
        </member>
        <member name="T:JetBrains.UI.Standalone.StdApplicationUI.MainWindow.WpfMainWindow">
            <summary>
            Default implementation of the <see cref="T:JetBrains.UI.Standalone.StdApplicationUI.MainWindow.IWpfMainWindow"/> interface.
            </summary>
        </member>
        <member name="M:JetBrains.UI.Standalone.StdApplicationUI.MainWindow.WpfMainWindow.EnsureWindowHandleCreated_DirectDrive_Wpf3(System.Windows.Window)">
            <summary>
            Reflection call which forces the native part of the window to be created.
            Emulates the NetFX 4 method.
            </summary>
        </member>
        <member name="M:JetBrains.UI.Standalone.StdApplicationUI.MainWindow.WpfMainWindow.EnsureWindowHandleCreated_DirectDrive_Wpf4(System.Windows.Window)">
            <summary>
            Reflection-calls the NetFX 4 method, if running on NetFX 4.
            </summary>
        </member>
        <member name="M:JetBrains.UI.Standalone.StdApplicationUI.MainWindow.WpfMainWindow.EnsureWindowHandleCreated_ShowHide(System.Windows.Window)">
            <summary>
            A workaround to force creation of a window. Has side-effects.
            </summary>
        </member>
        <member name="T:JetBrains.UI.Standalone.StdApplicationUI.StatusBar.ResizeGripSizeEmulation">
            <summary>
            <para>Follows the sizing behavior of the standard <see cref="T:System.Windows.Controls.Primitives.ResizeGrip"/>, especially in the aspect that it's collapsed when main window is maximized or has an incompatible resize mode.</para>
            <para>With the standard control, the window itself manages the visibility of the single allowed control.</para>
            <para>When we want to sync our control sizes with it, we'd use this placeholder.</para>
            </summary>
        </member>
        <member name="M:JetBrains.UI.Standalone.StdApplicationUI.StatusBar.ResizeGripSizeEmulation.RecalculateVisibility">
            <summary>
            Reapplies visibility accordingly with the current parent window.
            Should be called when window state change might affect the outcome, and when the parent window changes.
            </summary>
        </member>
        <member name="T:JetBrains.UI.Standalone.StdApplicationUI.StatusBar.StandaloneStatusBarView">
            <summary>
            View object for the status bar in the standard standalone UI.
            </summary>
        </member>
        <member name="T:JetBrains.UI.Standalone.StdApplicationUI.StatusBar.StandaloneStatusBarAutomation">
            <summary>
            Automation object for the status bar in the standard standalone UI.
            </summary>
        </member>
        <member name="F:JetBrains.UI.Standalone.TextControl.SyntaxEditorTextControlCoordinateConversion.CollapsedRegionRepresentationLength">
            <summary>
            Standard ActiPro representation of a collapsed region is "...". Its length is equal to 3.
            </summary>
            <remarks>Users can define a custom text for each collapsed block, but we don't have information about it here.</remarks>
        </member>
        <member name="M:JetBrains.UI.Standalone.TextControl.SyntaxEditorTextControlCoordinateConversion.Screen_To_Viewport(System.Drawing.Point)">
            <summary>
            Helper conversion for deriving screen conversions from canvas ones.
            </summary>
        </member>
        <member name="M:JetBrains.UI.Standalone.TextControl.SyntaxEditorTextControlCoordinateConversion.Viewport_To_Screen(System.Drawing.Point)">
            <summary>
            Helper conversion for deriving screen conversions from canvas ones.
            </summary>
        </member>
        <member name="T:JetBrains.UI.Standalone.TextControl.SyntaxEditorErrorStripeControl">
            <summary>
            Provides the WPF implementation of the Error Stripe for ActiPro Syntax Editor.
            </summary>
        </member>
        <member name="M:JetBrains.UI.Standalone.TextControl.SyntaxEditorErrorStripeControl.OnGetJetTooltip(System.Object,JetBrains.UI.Avalon.Tooltips.GetJetTooltipEventArgs)">
            <summary>
            Handles requests for tooltips.
            </summary>
        </member>
        <member name="T:JetBrains.UI.Standalone.TextControl.SyntaxEditorErrorStripeControl.ErrorStripeMarkerBar">
            <summary>
            Renders error stripe markers
            </summary>
        </member>
        <member name="M:JetBrains.UI.Standalone.TextControl.SyntaxEditorErrorStripeControl.ErrorStripeMarkerBar.GetMarkerForY(System.Double)">
            <summary>
            Finds an error stripe marker (if any) by mouse Y-coordinate.
            </summary>
        </member>
        <member name="M:JetBrains.UI.Standalone.TextControl.SyntaxEditorErrorStripeControl.ErrorStripeMarkerBar.RenderNow(System.Collections.Generic.IEnumerable{JetBrains.TextControl.ErrorStripe.ErrorStripeMarker})">
            <summary>
            Renders error stripe markers into GeometryGroups. Creates a separate geometry group for each marker color.
            </summary>
        </member>
        <member name="M:JetBrains.UI.Standalone.TextControl.Internal.ActiproEditorViewMarginFactory.CreateMargins(ActiproSoftware.Windows.Controls.SyntaxEditor.IEditorView)">
            <summary>
            Creates the collection of <see cref="T:ActiproSoftware.Windows.Controls.SyntaxEditor.Margins.IEditorViewMargin"/> objects to place within a <see cref="T:ActiproSoftware.Windows.Controls.SyntaxEditor.IEditorView"/>.
            </summary>
            <param name="view">The <see cref="T:ActiproSoftware.Windows.Controls.SyntaxEditor.IEditorView"/> that will host the margins.</param>
            <returns>A <see cref="T:ActiproSoftware.Windows.Controls.SyntaxEditor.Margins.IEditorViewMarginCollection"/> containing the <see cref="T:ActiproSoftware.Windows.Controls.SyntaxEditor.Margins.IEditorViewMargin"/> objects that were created.</returns>
        </member>
        <member name="T:JetBrains.UI.Standalone.TextControl.Services.Collapse.ActiproCollapsedRegionTagger">
            <summary>
            Token-based region collapser
            We need to use cache (myCachedTags) because ActiPro GetTags method is very slow!
            </summary>
        </member>
        <member name="M:JetBrains.UI.Standalone.TextControl.Services.Collapse.ActiproCollapsedRegionAdornmentManager.OnClosed">
            <summary>
            Occurs when the manager is closed and detached from the view.
            </summary>
        </member>
        <member name="M:JetBrains.UI.Standalone.TextControl.SyntaxEditorTextControlCreator.CreateTextControl``1(JetBrains.DataFlow.Lifetime,JetBrains.TextControl.CreateTextControlParams{``0})">
            <summary>
            Creates a new text control for some document (there might be multiple text controls for the same document).
             The document and the type of the text control created are determined by the <paramref name="param"/>, for which any <see cref="T:JetBrains.TextControl.CreateTextControlParams`1"/> inheritor could be used.
            </summary>
            <typeparam name="TTextControl">Type of the text control to create.</typeparam>
            <param name="lifetime">Lifetime.</param>
            <param name="param">Text control context and parameters.</param>
            <returns>
            The new text control.
            </returns>
        </member>
        <member name="F:JetBrains.UI.Standalone.TextControl.SyntaxEditorTextControl.myLifetimeDefinition">
            <summary>
            Guarded disposal of the text control.
            </summary>
        </member>
        <member name="F:JetBrains.UI.Standalone.TextControl.SyntaxEditorTextControlWindow.myIsFocusedUnguarded">
            <summary>
            Put focus changes in here.
            </summary>
        </member>
        <member name="F:JetBrains.UI.Standalone.TextControl.SyntaxEditorTextControlWindow.myIsFocusedGuarded">
            <summary>
            Can be changed under a guard only. Flows from <see cref="F:JetBrains.UI.Standalone.TextControl.SyntaxEditorTextControlWindow.myIsFocusedUnguarded"/>.
            </summary>
        </member>
        <member name="F:JetBrains.UI.Standalone.TextControl.SyntaxEditorTextControlWindow.myIsVisibleOrFocusedGuarded">
            <summary>
            Put visibility changes in here.
            </summary>
        </member>
        <member name="T:JetBrains.UI.Standalone.TextControl.Internal.JetSyntaxEditor">
            <summary>
            Interaction logic for JetSyntaxEditor.xaml
            </summary>
            <summary>
            JetSyntaxEditor
            </summary>
        </member>
        <member name="M:JetBrains.UI.Standalone.TextControl.Internal.JetSyntaxEditor.InitializeComponent">
            <summary>
            InitializeComponent
            </summary>
        </member>
        <member name="M:JetBrains.UI.Standalone.TextControl.Services.Highlightings.ActiproTaggerBase`1.GetTags(ActiproSoftware.Text.NormalizedTextSnapshotRangeCollection,System.Object)">
            <summary>
            Returns the tag ranges that intersect with the specified normalized snapshot ranges.
            </summary>
            <param name="snapshotRanges">The collection of normalized snapshot ranges.</param>
            <param name="parameter">An optional parameter that provides contextual information about the tag request.</param>
            <returns>The tag ranges that intersect with the specified normalized snapshot ranges.</returns>
        </member>
        <member name="T:JetBrains.UI.Standalone.TextControl.Services.Syntax.SyntaxResources">
            <summary>
              A strongly-typed resource class, for looking up localized strings, etc.
            </summary>
        </member>
        <member name="P:JetBrains.UI.Standalone.TextControl.Services.Syntax.SyntaxResources.ResourceManager">
            <summary>
              Returns the cached ResourceManager instance used by this class.
            </summary>
        </member>
        <member name="P:JetBrains.UI.Standalone.TextControl.Services.Syntax.SyntaxResources.Culture">
            <summary>
              Overrides the current thread's CurrentUICulture property for all
              resource lookups using this strongly typed resource class.
            </summary>
        </member>
        <member name="T:JetBrains.UI.Standalone.ToolWindowManagement.ActiProToolWindowFrame.ToolWindowFrameControlHost">
            <summary>
            A WPF Decorator that hosts a tool window content.
            </summary>
            <remarks>
            The only purpose of this class is to fix an issue with ActiPro Switcher which is not activated when the focus is outside the WPF world.
            For Curious Ones: DockSite class has the following method.
            internal void ProcessPreviewKeyDown(KeyEventArgs e) {
              DependencyObject focusedElement = Keyboard.FocusedElement as DependencyObject;
              if (focusedElement != null) {
                // Do a check on the focused element to see if its parent DockSite is this one before calling the switcher... 
                // needed for nested DockSites to ensure the ancestor DockSite doesn't pick up the key inappropriately
                DockSite dockSite = DockSite.GetDockSite(focusedElement);
                if ((dockSite == null) || (dockSite == this) || (dockSite.Switcher == null)) {
                  if (this.Switcher != null)
                    this.Switcher.ProcessKeyDown(this, e);
                }
              }
            }
            In our case there is no nested DockSites, but there are WinForms controls hosted over WPF. 
            When the focus is within WinForms, FocusedElement is null and the Switcher is not activated.
            </remarks>
        </member>
        <member name="M:JetBrains.UI.Standalone.ToolWindowManagement.ActiProToolWindowFrame.ToolWindowFrameControlHost.OnPreviewKeyDown(System.Windows.Input.KeyEventArgs)">
            <summary>
            Opens ActiPro switcher.
            </summary>
            <param name="args"></param>
        </member>
        <member name="M:JetBrains.UI.Standalone.ToolWindowManagement.ActiProToolWindowFrame.ToolWindowFrameControlHost.OnPreviewKeyUp(System.Windows.Input.KeyEventArgs)">
            <summary>
            Closes ActiPro Switcher--a clone of protected override Switcher.OnKeyUp.
            </summary>
        </member>
        <member name="M:JetBrains.UI.Standalone.ToolWindowManagement.ActiProToolWindowFrame.ToolWindowFrameControlHost.IsSwitcherKey(ActiproSoftware.Windows.Controls.Docking.Switching.Switcher,System.Windows.Input.KeyEventArgs)">
            <summary>
            Determines whether the specified key is a key combination that can activate the switcher.
            </summary>
        </member>
        <member name="T:XamlGeneratedNamespace.GeneratedInternalTypeHelper">
            <summary>
            GeneratedInternalTypeHelper
            </summary>
        </member>
        <member name="M:XamlGeneratedNamespace.GeneratedInternalTypeHelper.CreateInstance(System.Type,System.Globalization.CultureInfo)">
            <summary>
            CreateInstance
            </summary>
        </member>
        <member name="M:XamlGeneratedNamespace.GeneratedInternalTypeHelper.GetPropertyValue(System.Reflection.PropertyInfo,System.Object,System.Globalization.CultureInfo)">
            <summary>
            GetPropertyValue
            </summary>
        </member>
        <member name="M:XamlGeneratedNamespace.GeneratedInternalTypeHelper.SetPropertyValue(System.Reflection.PropertyInfo,System.Object,System.Object,System.Globalization.CultureInfo)">
            <summary>
            SetPropertyValue
            </summary>
        </member>
        <member name="M:XamlGeneratedNamespace.GeneratedInternalTypeHelper.CreateDelegate(System.Type,System.Object,System.String)">
            <summary>
            CreateDelegate
            </summary>
        </member>
        <member name="M:XamlGeneratedNamespace.GeneratedInternalTypeHelper.AddEventHandler(System.Reflection.EventInfo,System.Object,System.Delegate)">
            <summary>
            AddEventHandler
            </summary>
        </member>
    </members>
</doc>
