<?xml version="1.0"?>
<doc>
    <assembly>
        <name>JetBrains.Platform.ReSharper.ActivityTracking</name>
    </assembly>
    <members>
        <member name="P:JetBrains.ActivityTracking.ActivityTrackingDefaultSettings.SubmitLogsInterval">
            <summary>
            First attempt to submit logs is with first dump (<see cref="P:JetBrains.ActivityTracking.ActivityTrackingDefaultSettings.DumpLogsInterval"/>). Next in <see cref="P:JetBrains.ActivityTracking.ActivityTrackingDefaultSettings.SubmitLogsInterval"/>.
            </summary>
        </member>
    </members>
</doc>
