﻿<?xml version="1.0"?>
<doc>
<assembly>
<name>
JetBrains.ReSharper.Daemon.VB
</name>
</assembly>
<members>
<member name="M:JetBrains.ReSharper.Daemon.VB.Stages.Analysis.SpecifyStringComparisonAnalyzer.Matchers.EnsureCreatedIfAvailable">
	<summary>
 Creates matchers on demand if VB language exists
 </summary>
	<returns>True if VB language existst, false otherwis</returns>
	<remarks></remarks>
</member><member name="M:JetBrains.ReSharper.Daemon.VB.Stages.Analysis.ArrayCreation.ArrayBoundAnalyzer.BoundToLong(JetBrains.ReSharper.Psi.VB.Tree.IVBExpression)">
	<returns>Long value of the bound. Nothing means that the bound doesn't contain constant value.</returns>
</member><member name="P:JetBrains.ReSharper.Daemon.VB.My.Resources.Resources.ResourceManager">
	<summary>
  Returns the cached ResourceManager instance used by this class.
</summary>
</member><member name="P:JetBrains.ReSharper.Daemon.VB.My.Resources.Resources.Culture">
	<summary>
  Overrides the current thread's CurrentUICulture property for all
  resource lookups using this strongly typed resource class.
</summary>
</member><member name="T:JetBrains.ReSharper.Daemon.VB.My.Resources.Resources">
	<summary>
  A strongly-typed resource class, for looking up localized strings, etc.
</summary>
</member>
</members>
</doc>