<?xml version="1.0"?>
<doc>
    <assembly>
        <name>JetBrains.ReSharper.Psi.Xml</name>
    </assembly>
    <members>
        <member name="T:JetBrains.ReSharper.Psi.Xml.Resources.PsiXmlThemedIcons">
             <summary>
              <para>
                <para>Autogenerated identifier classes and identifier objects to Themed Icons registered with <see cref="T:JetBrains.UI.Icons.IThemedIconManager"/>.</para>
                <para>Identifier classes should be used in attributes, XAML, or generic parameters. Where an <see cref="T:JetBrains.UI.Icons.IconId"/> value is expected, use the identifier object in the <c>Id</c> field of the identifier class.</para>
              </para>
            </summary>
            <remarks>
              <para>This code was compile-time generated to support Themed Icons in the JetBrains application.</para>
              <para>It has two primary goals: load the icons of this assembly to be registered with <see cref="T:JetBrains.UI.Icons.IThemedIconManager"/> so that they were WPF-accessible and theme-sensitive; and emit early-bound accessors for referencing icons in codebehind in a compile-time-validated manner.</para>
              <h1>XAML</h1>
              <para>For performance reasons, the icons are not individually exposed with application resources. There is a custom markup extension to bind an image source in markup.</para>
              <para>To use an icon from XAML, set an <see cref="T:System.Windows.Media.ImageSource"/> property to the <see cref="T:JetBrains.UI.Icons.ThemedIconExtension"/> markup extension, which takes an icon identifier class (nested in <see cref="T:JetBrains.ReSharper.Psi.Xml.Resources.PsiXmlThemedIcons"/> class) as a parameter.</para>
              <para>Example:</para>
              <code>&lt;Image Source="{icons:ThemedIcon myres:PsiXmlThemedIcons+XmlFile}" /&gt;</code>
              <h1>Attributes</h1>
              <para>Sometimes you have to reference an icon from a type attriute when you're defining objects in code. Typical examples are Options pages and Tool Windows.</para>
              <para>To avoid the use of string IDs which are not validated very well, we've emitted identifier classes to be used with <c>typeof()</c> expression, one per each icon. Use the attribute overload which takes a <see cref="T:System.Type"/> for an image, and choose your icon class from nested classes in the <see cref="T:JetBrains.ReSharper.Psi.Xml.Resources.PsiXmlThemedIcons"/> class.</para>
              <para>Example:</para>
              <code>[Item(Name="Sample", Icon=typeof(PsiXmlThemedIcons.XmlFile))]</code>
              <h1>CodeBehind</h1>
              <para>In codebehind, we have two distinct tasks: (a) specify some icon in the APIs and (b) render icon images onscreen.</para>
              <para>On the APIs stage you should only manipulate icon identifier objects (of type <see cref="T:JetBrains.UI.Icons.IconId"/>, statically defined in <see cref="T:JetBrains.ReSharper.Psi.Xml.Resources.PsiXmlThemedIcons"/> in <c>Id</c> fields). Icon identifier classes (nested in <see cref="T:JetBrains.ReSharper.Psi.Xml.Resources.PsiXmlThemedIcons"/>) should be turned into icon identifier objects as early as possible. Rendering is about getting an <see cref="T:System.Windows.Media.ImageSource"/> to assign to WPF, or <see cref="T:System.Drawing.Bitmap"/> to use with GDI+ / Windows Forms.</para>
              <para>You should turn an identifier object into a rendered image as late as possible. The identifier is static and lightweight and does not depend on the current theme, while the image is themed and has to be loaded or generated/rasterized. You need an <see cref="T:JetBrains.UI.Icons.IThemedIconManager"/> instance to get the image out of an icon identifier object. Once you got the image, you should take care to change it with theme changes — either by using a live image property, or by listening to the theme change event. See <see cref="T:JetBrains.UI.Icons.IThemedIconManager"/> and its extensions for the related facilities.</para>
              <para>Example:</para>
              <code>// Getting IconId identifier object to use with APIs
            IconId iconid = PsiXmlThemedIcons.XmlFile.Id;</code>
              <code>// Getting IconId out of an Icon Identifier Class type
            IconId iconid = CompiledIconClassAttribute.TryGetCompiledIconClassId(typeof(PsiXmlThemedIcons.XmlFile), OnError.Throw);</code>
              <code>// Getting image for screen rendering by IconId
            themediconmanager.Icons[icnoid]</code>
              <code>// Getting image for screen rendering by Icon Identifier Class
            themediconmanager.GetIcon&lt;PsiXmlThemedIcons.XmlFile&gt;()</code>
              <h1>Icons Origin</h1>
              <para>This code was generated by a pre-compile build task from a set of input files which are XAML files adhering to a certain convention, as convenient for exporting them from the Illustrator workspace, plus separate PNG files with raster icons. In the projects, these files are designated with <c>ThemedIconsXamlV3</c> and <c>ThemedIconPng</c> build actions and do not themselves get into the output assembly. All of such files are processed, vector images for different themes of the same icon are split and combined into the single list of icons in this assembly. This list is then written into the genearted XAML file (compiled into BAML within assembly), and serves as the source for this generated code.</para>
            </remarks>
        </member>
        <member name="T:JetBrains.ReSharper.Psi.Xml.Resources.PsiXmlThemedIcons.XmlFile">
             <summary>
              <para>
                <para>Autogenerated identifier class for the XmlFile Themed Icon.</para>
                <para>Identifier classes should be used in attributes, XAML, or generic parameters. Where an <see cref="T:JetBrains.UI.Icons.IconId"/> value is expected, use the identifier object in the <see cref="F:JetBrains.ReSharper.Psi.Xml.Resources.PsiXmlThemedIcons.XmlFile.Id"/> field of the identifier class.</para>
              </para>
            </summary>
            <remarks>
              <para>For details on Themed Icons and their use, see Remarks on <see cref="T:JetBrains.ReSharper.Psi.Xml.Resources.PsiXmlThemedIcons"/> class.</para>
            </remarks>
            <seealso cref="T:JetBrains.ReSharper.Psi.Xml.Resources.PsiXmlThemedIcons"/>
            <example>
              <code>&lt;Image Source="{icons:ThemedIcon myres:PsiXmlThemedIcons+XmlFile}" /&gt;        &lt;!-- XAML --&gt;</code>
            </example>
            <example>
              <code>[Item(Name="Sample", Icon=typeof(PsiXmlThemedIcons.XmlFile))]        // C# Type attribute</code>
            </example>
            <example>
              <code>IconId iconid = PsiXmlThemedIcons.XmlFile.Id;        // IconId identifier object</code>
            </example>
            <example>
              <code>themediconmanager.GetIcon&lt;PsiXmlThemedIcons.XmlFile&gt;()        // Icon image for rendering</code>
            </example>
        </member>
        <member name="F:JetBrains.ReSharper.Psi.Xml.Resources.PsiXmlThemedIcons.XmlFile.Id">
             <summary>
              <para>
                <para>Autogenerated identifier object for the XmlFile Themed Icon.</para>
                <para>Identifier objects should be used where an <see cref="T:JetBrains.UI.Icons.IconId"/> value is expected. In attributes, XAML, or generic parameters use the containing <see cref="T:JetBrains.ReSharper.Psi.Xml.Resources.PsiXmlThemedIcons.XmlFile"/> identifier class.</para>
              </para>
            </summary>
            <remarks>
              <para>For details on Themed Icons and their use, see Remarks on <see cref="T:JetBrains.ReSharper.Psi.Xml.Resources.PsiXmlThemedIcons"/> class.</para>
            </remarks>
            <seealso cref="T:JetBrains.ReSharper.Psi.Xml.Resources.PsiXmlThemedIcons"/>
            <example>
              <code>&lt;Image Source="{icons:ThemedIcon myres:PsiXmlThemedIcons+XmlFile}" /&gt;        &lt;!-- XAML --&gt;</code>
            </example>
            <example>
              <code>[Item(Name="Sample", Icon=typeof(PsiXmlThemedIcons.XmlFile))]        // C# Type attribute</code>
            </example>
            <example>
              <code>IconId iconid = PsiXmlThemedIcons.XmlFile.Id;        // IconId identifier object</code>
            </example>
            <example>
              <code>themediconmanager.GetIcon&lt;PsiXmlThemedIcons.XmlFile&gt;()        // Icon image for rendering</code>
            </example>
        </member>
        <member name="T:JetBrains.ReSharper.Psi.Xml.Resources.PsiXmlThemedIcons.XmlNode">
             <summary>
              <para>
                <para>Autogenerated identifier class for the XmlNode Themed Icon.</para>
                <para>Identifier classes should be used in attributes, XAML, or generic parameters. Where an <see cref="T:JetBrains.UI.Icons.IconId"/> value is expected, use the identifier object in the <see cref="F:JetBrains.ReSharper.Psi.Xml.Resources.PsiXmlThemedIcons.XmlNode.Id"/> field of the identifier class.</para>
              </para>
            </summary>
            <remarks>
              <para>For details on Themed Icons and their use, see Remarks on <see cref="T:JetBrains.ReSharper.Psi.Xml.Resources.PsiXmlThemedIcons"/> class.</para>
            </remarks>
            <seealso cref="T:JetBrains.ReSharper.Psi.Xml.Resources.PsiXmlThemedIcons"/>
            <example>
              <code>&lt;Image Source="{icons:ThemedIcon myres:PsiXmlThemedIcons+XmlNode}" /&gt;        &lt;!-- XAML --&gt;</code>
            </example>
            <example>
              <code>[Item(Name="Sample", Icon=typeof(PsiXmlThemedIcons.XmlNode))]        // C# Type attribute</code>
            </example>
            <example>
              <code>IconId iconid = PsiXmlThemedIcons.XmlNode.Id;        // IconId identifier object</code>
            </example>
            <example>
              <code>themediconmanager.GetIcon&lt;PsiXmlThemedIcons.XmlNode&gt;()        // Icon image for rendering</code>
            </example>
        </member>
        <member name="F:JetBrains.ReSharper.Psi.Xml.Resources.PsiXmlThemedIcons.XmlNode.Id">
             <summary>
              <para>
                <para>Autogenerated identifier object for the XmlNode Themed Icon.</para>
                <para>Identifier objects should be used where an <see cref="T:JetBrains.UI.Icons.IconId"/> value is expected. In attributes, XAML, or generic parameters use the containing <see cref="T:JetBrains.ReSharper.Psi.Xml.Resources.PsiXmlThemedIcons.XmlNode"/> identifier class.</para>
              </para>
            </summary>
            <remarks>
              <para>For details on Themed Icons and their use, see Remarks on <see cref="T:JetBrains.ReSharper.Psi.Xml.Resources.PsiXmlThemedIcons"/> class.</para>
            </remarks>
            <seealso cref="T:JetBrains.ReSharper.Psi.Xml.Resources.PsiXmlThemedIcons"/>
            <example>
              <code>&lt;Image Source="{icons:ThemedIcon myres:PsiXmlThemedIcons+XmlNode}" /&gt;        &lt;!-- XAML --&gt;</code>
            </example>
            <example>
              <code>[Item(Name="Sample", Icon=typeof(PsiXmlThemedIcons.XmlNode))]        // C# Type attribute</code>
            </example>
            <example>
              <code>IconId iconid = PsiXmlThemedIcons.XmlNode.Id;        // IconId identifier object</code>
            </example>
            <example>
              <code>themediconmanager.GetIcon&lt;PsiXmlThemedIcons.XmlNode&gt;()        // Icon image for rendering</code>
            </example>
        </member>
        <member name="M:JetBrains.ReSharper.Psi.Xml.Impl.CodeStyle.Formatting.XmlFormattingStage.FormattingVisitor.ShouldBreakLineInsideTag(JetBrains.ReSharper.Psi.Xml.Tree.IXmlTag,JetBrains.ReSharper.Psi.Impl.CodeStyle.FormattingStageContext)">
            <summary>
            Deals with linebreaks between a) header and text b) text and footer
            </summary>
        </member>
        <member name="P:JetBrains.ReSharper.Psi.Xml.Tree.IXmlEntityTokenNode.IsNumericEntity">
            <summary>
            Is decimal (&amp;#160;) or heximal (&amp;#xA0;) numeric entity
            </summary>
        </member>
        <member name="P:JetBrains.ReSharper.Psi.Xml.Tree.IXmlEntityTokenNode.Name">
            <summary>
            Name of named entity
            </summary>
        </member>
        <member name="M:JetBrains.ReSharper.Psi.Xml.Tree.IXmlTagContainer.GetNestedTags``1(System.String)">
            <summary>
            Returns all nested tags, that correspond to xpath expression
            </summary>
            <param name="xpath">simple xpath with '/' and '*'</param>
            <returns></returns>
        </member>
        <member name="M:JetBrains.ReSharper.Psi.Xml.Tree.IXmlTagContainer.AddTagBefore(JetBrains.ReSharper.Psi.Xml.Tree.IXmlTag,JetBrains.ReSharper.Psi.Xml.Tree.IXmlTag)">
            <summary>
            Adds tag before then anchor. If anchor == null, the tag is inserted after the last tag
            </summary>
        </member>
        <member name="M:JetBrains.ReSharper.Psi.Xml.Tree.IXmlTagContainer.AddTagAfter(JetBrains.ReSharper.Psi.Xml.Tree.IXmlTag,JetBrains.ReSharper.Psi.Xml.Tree.IXmlTag)">
            <summary>
            Adds tag after ther anchor. If anchor == null, the tag is inserted before the first tag
            </summary>
        </member>
        <member name="M:JetBrains.ReSharper.Psi.Xml.Parsing.XmlElementFactoryEx.CreateFile(JetBrains.ReSharper.Psi.Xml.Parsing.IXmlElementFactory,System.String,JetBrains.ReSharper.Psi.IPsiServices,JetBrains.ReSharper.Psi.Modules.IPsiModule,System.Boolean)">
            <summary>
            Creates xml file for specified <paramref name="xmlText"/>.
            </summary>
        </member>
        <member name="M:JetBrains.ReSharper.Psi.Xml.Parsing.XmlElementFactoryEx.CreateTag(JetBrains.ReSharper.Psi.Xml.Parsing.IXmlElementFactory,System.String,JetBrains.ReSharper.Psi.IPsiServices,JetBrains.ReSharper.Psi.Modules.IPsiModule,System.Boolean)">
            <summary>
            Creates simple XML tag
            </summary>
        </member>
        <member name="M:JetBrains.ReSharper.Psi.Xml.Parsing.XmlElementFactoryEx.CreateAttribute(JetBrains.ReSharper.Psi.Xml.Parsing.IXmlElementFactory,System.String,JetBrains.ReSharper.Psi.IPsiServices,JetBrains.ReSharper.Psi.Modules.IPsiModule,System.Boolean)">
            <summary>
            Creates simple XML attribute
            </summary>
        </member>
        <member name="P:JetBrains.ReSharper.Psi.Xml.Tree.IXmlTagHeader.IsClosed">
            <summary>
            True, if header ends with />
            </summary>
        </member>
        <member name="T:JetBrains.ReSharper.Psi.Xml.Tree.XmlTagExtensions">
            <summary>
            Extension methods for <see cref="T:JetBrains.ReSharper.Psi.Xml.Tree.IXmlTag"/>
            </summary>
        </member>
        <member name="T:JetBrains.ReSharper.Psi.Xml.Tree.IXmlIdentifier">
            <summary>
            Identifier is in the form [XmlNamespace:]XmlName
            </summary>
        </member>
        <member name="P:JetBrains.ReSharper.Psi.Xml.Tree.IXmlIdentifier.XmlNamespaceRange">
            <summary>Range within node</summary>
        </member>
        <member name="P:JetBrains.ReSharper.Psi.Xml.Tree.IXmlIdentifier.XmlNameRange">
            <summary>Range within node</summary>
        </member>
        <member name="M:JetBrains.ReSharper.Psi.Xml.Tree.IXmlTag.AddAttributeBefore(JetBrains.ReSharper.Psi.Xml.Tree.IXmlAttribute,JetBrains.ReSharper.Psi.Xml.Tree.IXmlAttribute)">
            <summary>
            Adds attribute before the anchor. If anchor == null, the attribute is inserted after the last attribute
            </summary>
        </member>
        <member name="M:JetBrains.ReSharper.Psi.Xml.Tree.IXmlTag.AddAttributeAfter(JetBrains.ReSharper.Psi.Xml.Tree.IXmlAttribute,JetBrains.ReSharper.Psi.Xml.Tree.IXmlAttribute)">
            <summary>
            Adds attribute after the anchor. If anchor == null, the attribute is inserted before the first attribute
            </summary>
        </member>
        <member name="P:JetBrains.ReSharper.Psi.Xml.Tree.IXmlTag.IsEmptyTag">
            <summary>
            True if has no nested elements and no footer
            </summary>
        </member>
        <member name="P:JetBrains.ReSharper.Psi.Xml.Tree.IXmlTag.InnerXml">
            <summary>
            Inner nodes between header and footer, excluding error nodes
            </summary>
        </member>
        <member name="M:JetBrains.ReSharper.Psi.Xml.Parsing.XmlElementFactory.CreateTagForFile(JetBrains.ReSharper.Psi.Xml.Tree.IXmlFile,System.String,System.Boolean)">
            <summary>
            Creates tag using current context
            </summary>
        </member>
        <member name="M:JetBrains.ReSharper.Psi.Xml.Parsing.XmlElementFactory.CreateTagForTag(JetBrains.ReSharper.Psi.Xml.Tree.IXmlTag,System.String,System.Boolean)">
            <summary>
            Creates tag using current context
            </summary>
        </member>
        <member name="M:JetBrains.ReSharper.Psi.Xml.Parsing.XmlElementFactory.CreateAttributeForTag(JetBrains.ReSharper.Psi.Xml.Tree.IXmlTag,System.String,System.Boolean)">
            <summary>
            Creates attribute using current context
            </summary>
        </member>
        <member name="T:JetBrains.ReSharper.Psi.Xml.Tree.References.IXmlTypeNameCompleteableReference">
            <summary>
            Just common interface for references, that support typename-like completion
            </summary>
        </member>
        <member name="T:JetBrains.ReSharper.Psi.Xml.XmlDocComments.IDocCommentXmlPsi">
            <summary>
            Manages xml doc comment PSI
            </summary>
        </member>
    </members>
</doc>
