<?xml version="1.0"?>
<doc>
    <assembly>
        <name>JetBrains.ReSharper.Features.Finding</name>
    </assembly>
    <members>
        <member name="T:JetBrains.ReSharper.Features.Finding.Resources.FeaturesFindingThemedIcons">
             <summary>
              <para>
                <para>Autogenerated identifier classes and identifier objects to Themed Icons registered with <see cref="T:JetBrains.UI.Icons.IThemedIconManager"/>.</para>
                <para>Identifier classes should be used in attributes, XAML, or generic parameters. Where an <see cref="T:JetBrains.UI.Icons.IconId"/> value is expected, use the identifier object in the <c>Id</c> field of the identifier class.</para>
              </para>
            </summary>
            <remarks>
              <para>This code was compile-time generated to support Themed Icons in the JetBrains application.</para>
              <para>It has two primary goals: load the icons of this assembly to be registered with <see cref="T:JetBrains.UI.Icons.IThemedIconManager"/> so that they were WPF-accessible and theme-sensitive; and emit early-bound accessors for referencing icons in codebehind in a compile-time-validated manner.</para>
              <h1>XAML</h1>
              <para>For performance reasons, the icons are not individually exposed with application resources. There is a custom markup extension to bind an image source in markup.</para>
              <para>To use an icon from XAML, set an <see cref="T:System.Windows.Media.ImageSource"/> property to the <see cref="T:JetBrains.UI.Icons.ThemedIconExtension"/> markup extension, which takes an icon identifier class (nested in <see cref="T:JetBrains.ReSharper.Features.Finding.Resources.FeaturesFindingThemedIcons"/> class) as a parameter.</para>
              <para>Example:</para>
              <code>&lt;Image Source="{icons:ThemedIcon myres:FeaturesFindingThemedIcons+SearchOptionsPage}" /&gt;</code>
              <h1>Attributes</h1>
              <para>Sometimes you have to reference an icon from a type attriute when you're defining objects in code. Typical examples are Options pages and Tool Windows.</para>
              <para>To avoid the use of string IDs which are not validated very well, we've emitted identifier classes to be used with <c>typeof()</c> expression, one per each icon. Use the attribute overload which takes a <see cref="T:System.Type"/> for an image, and choose your icon class from nested classes in the <see cref="T:JetBrains.ReSharper.Features.Finding.Resources.FeaturesFindingThemedIcons"/> class.</para>
              <para>Example:</para>
              <code>[Item(Name="Sample", Icon=typeof(FeaturesFindingThemedIcons.SearchOptionsPage))]</code>
              <h1>CodeBehind</h1>
              <para>In codebehind, we have two distinct tasks: (a) specify some icon in the APIs and (b) render icon images onscreen.</para>
              <para>On the APIs stage you should only manipulate icon identifier objects (of type <see cref="T:JetBrains.UI.Icons.IconId"/>, statically defined in <see cref="T:JetBrains.ReSharper.Features.Finding.Resources.FeaturesFindingThemedIcons"/> in <c>Id</c> fields). Icon identifier classes (nested in <see cref="T:JetBrains.ReSharper.Features.Finding.Resources.FeaturesFindingThemedIcons"/>) should be turned into icon identifier objects as early as possible. Rendering is about getting an <see cref="T:System.Windows.Media.ImageSource"/> to assign to WPF, or <see cref="T:System.Drawing.Bitmap"/> to use with GDI+ / Windows Forms.</para>
              <para>You should turn an identifier object into a rendered image as late as possible. The identifier is static and lightweight and does not depend on the current theme, while the image is themed and has to be loaded or generated/rasterized. You need an <see cref="T:JetBrains.UI.Icons.IThemedIconManager"/> instance to get the image out of an icon identifier object. Once you got the image, you should take care to change it with theme changes — either by using a live image property, or by listening to the theme change event. See <see cref="T:JetBrains.UI.Icons.IThemedIconManager"/> and its extensions for the related facilities.</para>
              <para>Example:</para>
              <code>// Getting IconId identifier object to use with APIs
            IconId iconid = FeaturesFindingThemedIcons.SearchOptionsPage.Id;</code>
              <code>// Getting IconId out of an Icon Identifier Class type
            IconId iconid = CompiledIconClassAttribute.TryGetCompiledIconClassId(typeof(FeaturesFindingThemedIcons.SearchOptionsPage), OnError.Throw);</code>
              <code>// Getting image for screen rendering by IconId
            themediconmanager.Icons[icnoid]</code>
              <code>// Getting image for screen rendering by Icon Identifier Class
            themediconmanager.GetIcon&lt;FeaturesFindingThemedIcons.SearchOptionsPage&gt;()</code>
              <h1>Icons Origin</h1>
              <para>This code was generated by a pre-compile build task from a set of input files which are XAML files adhering to a certain convention, as convenient for exporting them from the Illustrator workspace, plus separate PNG files with raster icons. In the projects, these files are designated with <c>ThemedIconsXamlV3</c> and <c>ThemedIconPng</c> build actions and do not themselves get into the output assembly. All of such files are processed, vector images for different themes of the same icon are split and combined into the single list of icons in this assembly. This list is then written into the genearted XAML file (compiled into BAML within assembly), and serves as the source for this generated code.</para>
            </remarks>
        </member>
        <member name="T:JetBrains.ReSharper.Features.Finding.Resources.FeaturesFindingThemedIcons.SearchOptionsPage">
             <summary>
              <para>
                <para>Autogenerated identifier class for the SearchOptionsPage Themed Icon.</para>
                <para>Identifier classes should be used in attributes, XAML, or generic parameters. Where an <see cref="T:JetBrains.UI.Icons.IconId"/> value is expected, use the identifier object in the <see cref="F:JetBrains.ReSharper.Features.Finding.Resources.FeaturesFindingThemedIcons.SearchOptionsPage.Id"/> field of the identifier class.</para>
              </para>
            </summary>
            <remarks>
              <para>For details on Themed Icons and their use, see Remarks on <see cref="T:JetBrains.ReSharper.Features.Finding.Resources.FeaturesFindingThemedIcons"/> class.</para>
            </remarks>
            <seealso cref="T:JetBrains.ReSharper.Features.Finding.Resources.FeaturesFindingThemedIcons"/>
            <example>
              <code>&lt;Image Source="{icons:ThemedIcon myres:FeaturesFindingThemedIcons+SearchOptionsPage}" /&gt;        &lt;!-- XAML --&gt;</code>
            </example>
            <example>
              <code>[Item(Name="Sample", Icon=typeof(FeaturesFindingThemedIcons.SearchOptionsPage))]        // C# Type attribute</code>
            </example>
            <example>
              <code>IconId iconid = FeaturesFindingThemedIcons.SearchOptionsPage.Id;        // IconId identifier object</code>
            </example>
            <example>
              <code>themediconmanager.GetIcon&lt;FeaturesFindingThemedIcons.SearchOptionsPage&gt;()        // Icon image for rendering</code>
            </example>
        </member>
        <member name="F:JetBrains.ReSharper.Features.Finding.Resources.FeaturesFindingThemedIcons.SearchOptionsPage.Id">
             <summary>
              <para>
                <para>Autogenerated identifier object for the SearchOptionsPage Themed Icon.</para>
                <para>Identifier objects should be used where an <see cref="T:JetBrains.UI.Icons.IconId"/> value is expected. In attributes, XAML, or generic parameters use the containing <see cref="T:JetBrains.ReSharper.Features.Finding.Resources.FeaturesFindingThemedIcons.SearchOptionsPage"/> identifier class.</para>
              </para>
            </summary>
            <remarks>
              <para>For details on Themed Icons and their use, see Remarks on <see cref="T:JetBrains.ReSharper.Features.Finding.Resources.FeaturesFindingThemedIcons"/> class.</para>
            </remarks>
            <seealso cref="T:JetBrains.ReSharper.Features.Finding.Resources.FeaturesFindingThemedIcons"/>
            <example>
              <code>&lt;Image Source="{icons:ThemedIcon myres:FeaturesFindingThemedIcons+SearchOptionsPage}" /&gt;        &lt;!-- XAML --&gt;</code>
            </example>
            <example>
              <code>[Item(Name="Sample", Icon=typeof(FeaturesFindingThemedIcons.SearchOptionsPage))]        // C# Type attribute</code>
            </example>
            <example>
              <code>IconId iconid = FeaturesFindingThemedIcons.SearchOptionsPage.Id;        // IconId identifier object</code>
            </example>
            <example>
              <code>themediconmanager.GetIcon&lt;FeaturesFindingThemedIcons.SearchOptionsPage&gt;()        // Icon image for rendering</code>
            </example>
        </member>
        <member name="T:JetBrains.ReSharper.Features.Finding.NavigateFromHere.RequestContextSearchProvider`3">
            <summary>
            Base provider that works on context searches which are based on SearchRequest.  
            </summary>
            <typeparam name="TContextSearch">context search engine that takes dataContext and returns a collection of candidates and + special delegate to be applied to them</typeparam>
            <typeparam name="TDescriptor">descriptor to present the results</typeparam>
            <typeparam name="TSearchRequest">request taken from the context search to be used by descriptor</typeparam>
        </member>
        <member name="M:JetBrains.ReSharper.Features.Finding.GoToDeclaration.DeclaredElementNavigationService.Navigate(JetBrains.ReSharper.Psi.IDeclaredElement,JetBrains.UI.PopupWindowManager.PopupWindowContextSource,System.Boolean,System.Nullable{JetBrains.ReSharper.Feature.Services.Occurences.OccurencePresentationOptions},JetBrains.IDE.TabOptions)">
            <summary>
            Navigates to declared element using providers applicable for the given declared element.
            </summary>
            <param name="declaredElement"></param>
            <param name="windowContext"></param>
            <param name="transferFocus"></param>
            <param name="options">presentation options to be used when displaying disambig</param>
            <param name="tabOptions"> </param>
        </member>
        <member name="T:JetBrains.ReSharper.Features.Finding.GoToDeclaration.DeclaredElementNavigation.DefaultDeclaredElementNavigator">
            <summary>
            Provides declared element's navigation using context searches
            <c>JetBrains.ReSharper.Feature.Services.ContextNavigation.ContextSearches.IDeclarationSearch</c>.
            Context Searches are language specific feature part components, mostly working on finder
            </summary>
        </member>
        <member name="T:JetBrains.ReSharper.Features.Finding.GoToDeclaration.IDeclaredElementNavigator">
            <summary>
            Extends declared element navigation using applicable components
            </summary>
        </member>
        <member name="M:JetBrains.ReSharper.Features.Finding.FindDeclarations.GotoDeclarationHyperlink.GetRangeFromDeclaration">
             This code is modified copy from GotoDeclarationAction.GetCandidates
        </member>
        <member name="M:JetBrains.ReSharper.Features.Finding.GoToDeclaredElement.GotoDeclaredElementAction.EnableShowInFindResults(JetBrains.UI.GotoByName.GotoByNameController,JetBrains.DataFlow.LifetimeDefinition,JetBrains.ProjectModel.ISolution)">
            <summary>
            Recalculates the complete list of items and shows them in FindResults.
            </summary>
        </member>
        <member name="M:JetBrains.ReSharper.Features.Finding.GoToSymbol.GotoSymbolAction.EnableShowInFindResults(JetBrains.ReSharper.Features.Common.GoToByName.Controllers.GotoSymbolController,JetBrains.DataFlow.LifetimeDefinition)">
            <summary>
            Executes when the Plus Button is clicked, or when the last menu item is executed.
            </summary>
        </member>
        <member name="T:JetBrains.ReSharper.Features.Finding.FindDeclarations.GotoTypeDeclarationAction">
            <summary>
            Navigates to the declaration of the type of a reference expression
            </summary>
        </member>
        <member name="F:JetBrains.ReSharper.Features.Finding.SearchDialogs.DeclaredElementSelector.components">
            <summary> 
            Required designer variable.
            </summary>
        </member>
        <member name="M:JetBrains.ReSharper.Features.Finding.SearchDialogs.DeclaredElementSelector.Dispose(System.Boolean)">
            <summary> 
            Clean up any resources being used.
            </summary>
            <param name="disposing">true if managed resources should be disposed; otherwise, false.</param>
        </member>
        <member name="M:JetBrains.ReSharper.Features.Finding.SearchDialogs.DeclaredElementSelector.InitializeComponent">
            <summary> 
            Required method for Designer support - do not modify 
            the contents of this method with the code editor.
            </summary>
        </member>
        <member name="F:JetBrains.ReSharper.Features.Finding.SearchDialogs.FlagsSelector.components">
            <summary> 
            Required designer variable.
            </summary>
        </member>
        <member name="M:JetBrains.ReSharper.Features.Finding.SearchDialogs.FlagsSelector.Dispose(System.Boolean)">
            <summary> 
            Clean up any resources being used.
            </summary>
            <param name="disposing">true if managed resources should be disposed; otherwise, false.</param>
        </member>
        <member name="M:JetBrains.ReSharper.Features.Finding.SearchDialogs.FlagsSelector.InitializeComponent">
            <summary> 
            Required method for Designer support - do not modify 
            the contents of this method with the code editor.
            </summary>
        </member>
    </members>
</doc>
