<?xml version="1.0"?>
<doc>
    <assembly>
        <name>JetBrains.DotPeek.Common</name>
    </assembly>
    <members>
        <member name="T:JetBrains.DotPeek.Common.src.DotPeekProductResources">
            <summary>
              A strongly-typed resource class, for looking up localized strings, etc.
            </summary>
        </member>
        <member name="P:JetBrains.DotPeek.Common.src.DotPeekProductResources.ResourceManager">
            <summary>
              Returns the cached ResourceManager instance used by this class.
            </summary>
        </member>
        <member name="P:JetBrains.DotPeek.Common.src.DotPeekProductResources.Culture">
            <summary>
              Overrides the current thread's CurrentUICulture property for all
              resource lookups using this strongly typed resource class.
            </summary>
        </member>
        <member name="P:JetBrains.DotPeek.Common.src.DotPeekProductResources.LicenseAgreement">
            <summary>
              Looks up a localized resource of type System.IO.UnmanagedMemoryStream similar to System.IO.MemoryStream.
            </summary>
        </member>
        <member name="P:JetBrains.DotPeek.Common.src.DotPeekProductResources.ProductDialogHeader">
            <summary>
              Looks up a localized resource of type System.Drawing.Bitmap.
            </summary>
        </member>
        <member name="P:JetBrains.DotPeek.Common.src.DotPeekProductResources.ProductIcon">
            <summary>
              Looks up a localized resource of type System.Drawing.Icon similar to (Icon).
            </summary>
        </member>
        <member name="P:JetBrains.DotPeek.Common.src.DotPeekProductResources.ProductLogo">
            <summary>
              Looks up a localized resource of type System.Drawing.Bitmap.
            </summary>
        </member>
    </members>
</doc>
