<?xml version="1.0"?>
<doc>
    <assembly>
        <name>JetBrains.ReSharper.Psi.CSharp</name>
    </assembly>
    <members>
        <member name="T:JetBrains.ReSharper.Psi.CSharp.Resources.PsiCSharpThemedIcons">
             <summary>
              <para>
                <para>Autogenerated identifier classes and identifier objects to Themed Icons registered with <see cref="T:JetBrains.UI.Icons.IThemedIconManager"/>.</para>
                <para>Identifier classes should be used in attributes, XAML, or generic parameters. Where an <see cref="T:JetBrains.UI.Icons.IconId"/> value is expected, use the identifier object in the <c>Id</c> field of the identifier class.</para>
              </para>
            </summary>
            <remarks>
              <para>This code was compile-time generated to support Themed Icons in the JetBrains application.</para>
              <para>It has two primary goals: load the icons of this assembly to be registered with <see cref="T:JetBrains.UI.Icons.IThemedIconManager"/> so that they were WPF-accessible and theme-sensitive; and emit early-bound accessors for referencing icons in codebehind in a compile-time-validated manner.</para>
              <h1>XAML</h1>
              <para>For performance reasons, the icons are not individually exposed with application resources. There is a custom markup extension to bind an image source in markup.</para>
              <para>To use an icon from XAML, set an <see cref="T:System.Windows.Media.ImageSource"/> property to the <see cref="T:JetBrains.UI.Icons.ThemedIconExtension"/> markup extension, which takes an icon identifier class (nested in <see cref="T:JetBrains.ReSharper.Psi.CSharp.Resources.PsiCSharpThemedIcons"/> class) as a parameter.</para>
              <para>Example:</para>
              <code>&lt;Image Source="{icons:ThemedIcon myres:PsiCSharpThemedIcons+Csharp}" /&gt;</code>
              <h1>Attributes</h1>
              <para>Sometimes you have to reference an icon from a type attriute when you're defining objects in code. Typical examples are Options pages and Tool Windows.</para>
              <para>To avoid the use of string IDs which are not validated very well, we've emitted identifier classes to be used with <c>typeof()</c> expression, one per each icon. Use the attribute overload which takes a <see cref="T:System.Type"/> for an image, and choose your icon class from nested classes in the <see cref="T:JetBrains.ReSharper.Psi.CSharp.Resources.PsiCSharpThemedIcons"/> class.</para>
              <para>Example:</para>
              <code>[Item(Name="Sample", Icon=typeof(PsiCSharpThemedIcons.Csharp))]</code>
              <h1>CodeBehind</h1>
              <para>In codebehind, we have two distinct tasks: (a) specify some icon in the APIs and (b) render icon images onscreen.</para>
              <para>On the APIs stage you should only manipulate icon identifier objects (of type <see cref="T:JetBrains.UI.Icons.IconId"/>, statically defined in <see cref="T:JetBrains.ReSharper.Psi.CSharp.Resources.PsiCSharpThemedIcons"/> in <c>Id</c> fields). Icon identifier classes (nested in <see cref="T:JetBrains.ReSharper.Psi.CSharp.Resources.PsiCSharpThemedIcons"/>) should be turned into icon identifier objects as early as possible. Rendering is about getting an <see cref="T:System.Windows.Media.ImageSource"/> to assign to WPF, or <see cref="T:System.Drawing.Bitmap"/> to use with GDI+ / Windows Forms.</para>
              <para>You should turn an identifier object into a rendered image as late as possible. The identifier is static and lightweight and does not depend on the current theme, while the image is themed and has to be loaded or generated/rasterized. You need an <see cref="T:JetBrains.UI.Icons.IThemedIconManager"/> instance to get the image out of an icon identifier object. Once you got the image, you should take care to change it with theme changes — either by using a live image property, or by listening to the theme change event. See <see cref="T:JetBrains.UI.Icons.IThemedIconManager"/> and its extensions for the related facilities.</para>
              <para>Example:</para>
              <code>// Getting IconId identifier object to use with APIs
            IconId iconid = PsiCSharpThemedIcons.Csharp.Id;</code>
              <code>// Getting IconId out of an Icon Identifier Class type
            IconId iconid = CompiledIconClassAttribute.TryGetCompiledIconClassId(typeof(PsiCSharpThemedIcons.Csharp), OnError.Throw);</code>
              <code>// Getting image for screen rendering by IconId
            themediconmanager.Icons[icnoid]</code>
              <code>// Getting image for screen rendering by Icon Identifier Class
            themediconmanager.GetIcon&lt;PsiCSharpThemedIcons.Csharp&gt;()</code>
              <h1>Icons Origin</h1>
              <para>This code was generated by a pre-compile build task from a set of input files which are XAML files adhering to a certain convention, as convenient for exporting them from the Illustrator workspace, plus separate PNG files with raster icons. In the projects, these files are designated with <c>ThemedIconsXamlV3</c> and <c>ThemedIconPng</c> build actions and do not themselves get into the output assembly. All of such files are processed, vector images for different themes of the same icon are split and combined into the single list of icons in this assembly. This list is then written into the genearted XAML file (compiled into BAML within assembly), and serves as the source for this generated code.</para>
            </remarks>
        </member>
        <member name="T:JetBrains.ReSharper.Psi.CSharp.Resources.PsiCSharpThemedIcons.Csharp">
             <summary>
              <para>
                <para>Autogenerated identifier class for the Csharp Themed Icon.</para>
                <para>Identifier classes should be used in attributes, XAML, or generic parameters. Where an <see cref="T:JetBrains.UI.Icons.IconId"/> value is expected, use the identifier object in the <see cref="F:JetBrains.ReSharper.Psi.CSharp.Resources.PsiCSharpThemedIcons.Csharp.Id"/> field of the identifier class.</para>
              </para>
            </summary>
            <remarks>
              <para>For details on Themed Icons and their use, see Remarks on <see cref="T:JetBrains.ReSharper.Psi.CSharp.Resources.PsiCSharpThemedIcons"/> class.</para>
            </remarks>
            <seealso cref="T:JetBrains.ReSharper.Psi.CSharp.Resources.PsiCSharpThemedIcons"/>
            <example>
              <code>&lt;Image Source="{icons:ThemedIcon myres:PsiCSharpThemedIcons+Csharp}" /&gt;        &lt;!-- XAML --&gt;</code>
            </example>
            <example>
              <code>[Item(Name="Sample", Icon=typeof(PsiCSharpThemedIcons.Csharp))]        // C# Type attribute</code>
            </example>
            <example>
              <code>IconId iconid = PsiCSharpThemedIcons.Csharp.Id;        // IconId identifier object</code>
            </example>
            <example>
              <code>themediconmanager.GetIcon&lt;PsiCSharpThemedIcons.Csharp&gt;()        // Icon image for rendering</code>
            </example>
        </member>
        <member name="F:JetBrains.ReSharper.Psi.CSharp.Resources.PsiCSharpThemedIcons.Csharp.Id">
             <summary>
              <para>
                <para>Autogenerated identifier object for the Csharp Themed Icon.</para>
                <para>Identifier objects should be used where an <see cref="T:JetBrains.UI.Icons.IconId"/> value is expected. In attributes, XAML, or generic parameters use the containing <see cref="T:JetBrains.ReSharper.Psi.CSharp.Resources.PsiCSharpThemedIcons.Csharp"/> identifier class.</para>
              </para>
            </summary>
            <remarks>
              <para>For details on Themed Icons and their use, see Remarks on <see cref="T:JetBrains.ReSharper.Psi.CSharp.Resources.PsiCSharpThemedIcons"/> class.</para>
            </remarks>
            <seealso cref="T:JetBrains.ReSharper.Psi.CSharp.Resources.PsiCSharpThemedIcons"/>
            <example>
              <code>&lt;Image Source="{icons:ThemedIcon myres:PsiCSharpThemedIcons+Csharp}" /&gt;        &lt;!-- XAML --&gt;</code>
            </example>
            <example>
              <code>[Item(Name="Sample", Icon=typeof(PsiCSharpThemedIcons.Csharp))]        // C# Type attribute</code>
            </example>
            <example>
              <code>IconId iconid = PsiCSharpThemedIcons.Csharp.Id;        // IconId identifier object</code>
            </example>
            <example>
              <code>themediconmanager.GetIcon&lt;PsiCSharpThemedIcons.Csharp&gt;()        // Icon image for rendering</code>
            </example>
        </member>
        <member name="T:JetBrains.ReSharper.Psi.CSharp.Resources.PsiCSharpThemedIcons.CSharpDestructor">
             <summary>
              <para>
                <para>Autogenerated identifier class for the CSharpDestructor Themed Icon.</para>
                <para>Identifier classes should be used in attributes, XAML, or generic parameters. Where an <see cref="T:JetBrains.UI.Icons.IconId"/> value is expected, use the identifier object in the <see cref="F:JetBrains.ReSharper.Psi.CSharp.Resources.PsiCSharpThemedIcons.CSharpDestructor.Id"/> field of the identifier class.</para>
              </para>
            </summary>
            <remarks>
              <para>For details on Themed Icons and their use, see Remarks on <see cref="T:JetBrains.ReSharper.Psi.CSharp.Resources.PsiCSharpThemedIcons"/> class.</para>
            </remarks>
            <seealso cref="T:JetBrains.ReSharper.Psi.CSharp.Resources.PsiCSharpThemedIcons"/>
            <example>
              <code>&lt;Image Source="{icons:ThemedIcon myres:PsiCSharpThemedIcons+CSharpDestructor}" /&gt;        &lt;!-- XAML --&gt;</code>
            </example>
            <example>
              <code>[Item(Name="Sample", Icon=typeof(PsiCSharpThemedIcons.CSharpDestructor))]        // C# Type attribute</code>
            </example>
            <example>
              <code>IconId iconid = PsiCSharpThemedIcons.CSharpDestructor.Id;        // IconId identifier object</code>
            </example>
            <example>
              <code>themediconmanager.GetIcon&lt;PsiCSharpThemedIcons.CSharpDestructor&gt;()        // Icon image for rendering</code>
            </example>
        </member>
        <member name="F:JetBrains.ReSharper.Psi.CSharp.Resources.PsiCSharpThemedIcons.CSharpDestructor.Id">
             <summary>
              <para>
                <para>Autogenerated identifier object for the CSharpDestructor Themed Icon.</para>
                <para>Identifier objects should be used where an <see cref="T:JetBrains.UI.Icons.IconId"/> value is expected. In attributes, XAML, or generic parameters use the containing <see cref="T:JetBrains.ReSharper.Psi.CSharp.Resources.PsiCSharpThemedIcons.CSharpDestructor"/> identifier class.</para>
              </para>
            </summary>
            <remarks>
              <para>For details on Themed Icons and their use, see Remarks on <see cref="T:JetBrains.ReSharper.Psi.CSharp.Resources.PsiCSharpThemedIcons"/> class.</para>
            </remarks>
            <seealso cref="T:JetBrains.ReSharper.Psi.CSharp.Resources.PsiCSharpThemedIcons"/>
            <example>
              <code>&lt;Image Source="{icons:ThemedIcon myres:PsiCSharpThemedIcons+CSharpDestructor}" /&gt;        &lt;!-- XAML --&gt;</code>
            </example>
            <example>
              <code>[Item(Name="Sample", Icon=typeof(PsiCSharpThemedIcons.CSharpDestructor))]        // C# Type attribute</code>
            </example>
            <example>
              <code>IconId iconid = PsiCSharpThemedIcons.CSharpDestructor.Id;        // IconId identifier object</code>
            </example>
            <example>
              <code>themediconmanager.GetIcon&lt;PsiCSharpThemedIcons.CSharpDestructor&gt;()        // Icon image for rendering</code>
            </example>
        </member>
        <member name="T:JetBrains.ReSharper.Psi.CSharp.Resources.PsiCSharpThemedIcons.CSharpExtension">
             <summary>
              <para>
                <para>Autogenerated identifier class for the CSharpExtension Themed Icon.</para>
                <para>Identifier classes should be used in attributes, XAML, or generic parameters. Where an <see cref="T:JetBrains.UI.Icons.IconId"/> value is expected, use the identifier object in the <see cref="F:JetBrains.ReSharper.Psi.CSharp.Resources.PsiCSharpThemedIcons.CSharpExtension.Id"/> field of the identifier class.</para>
              </para>
            </summary>
            <remarks>
              <para>For details on Themed Icons and their use, see Remarks on <see cref="T:JetBrains.ReSharper.Psi.CSharp.Resources.PsiCSharpThemedIcons"/> class.</para>
            </remarks>
            <seealso cref="T:JetBrains.ReSharper.Psi.CSharp.Resources.PsiCSharpThemedIcons"/>
            <example>
              <code>&lt;Image Source="{icons:ThemedIcon myres:PsiCSharpThemedIcons+CSharpExtension}" /&gt;        &lt;!-- XAML --&gt;</code>
            </example>
            <example>
              <code>[Item(Name="Sample", Icon=typeof(PsiCSharpThemedIcons.CSharpExtension))]        // C# Type attribute</code>
            </example>
            <example>
              <code>IconId iconid = PsiCSharpThemedIcons.CSharpExtension.Id;        // IconId identifier object</code>
            </example>
            <example>
              <code>themediconmanager.GetIcon&lt;PsiCSharpThemedIcons.CSharpExtension&gt;()        // Icon image for rendering</code>
            </example>
        </member>
        <member name="F:JetBrains.ReSharper.Psi.CSharp.Resources.PsiCSharpThemedIcons.CSharpExtension.Id">
             <summary>
              <para>
                <para>Autogenerated identifier object for the CSharpExtension Themed Icon.</para>
                <para>Identifier objects should be used where an <see cref="T:JetBrains.UI.Icons.IconId"/> value is expected. In attributes, XAML, or generic parameters use the containing <see cref="T:JetBrains.ReSharper.Psi.CSharp.Resources.PsiCSharpThemedIcons.CSharpExtension"/> identifier class.</para>
              </para>
            </summary>
            <remarks>
              <para>For details on Themed Icons and their use, see Remarks on <see cref="T:JetBrains.ReSharper.Psi.CSharp.Resources.PsiCSharpThemedIcons"/> class.</para>
            </remarks>
            <seealso cref="T:JetBrains.ReSharper.Psi.CSharp.Resources.PsiCSharpThemedIcons"/>
            <example>
              <code>&lt;Image Source="{icons:ThemedIcon myres:PsiCSharpThemedIcons+CSharpExtension}" /&gt;        &lt;!-- XAML --&gt;</code>
            </example>
            <example>
              <code>[Item(Name="Sample", Icon=typeof(PsiCSharpThemedIcons.CSharpExtension))]        // C# Type attribute</code>
            </example>
            <example>
              <code>IconId iconid = PsiCSharpThemedIcons.CSharpExtension.Id;        // IconId identifier object</code>
            </example>
            <example>
              <code>themediconmanager.GetIcon&lt;PsiCSharpThemedIcons.CSharpExtension&gt;()        // Icon image for rendering</code>
            </example>
        </member>
        <member name="T:JetBrains.ReSharper.Psi.CSharp.Resources.PsiCSharpThemedIcons.CSharpIndexer">
             <summary>
              <para>
                <para>Autogenerated identifier class for the CSharpIndexer Themed Icon.</para>
                <para>Identifier classes should be used in attributes, XAML, or generic parameters. Where an <see cref="T:JetBrains.UI.Icons.IconId"/> value is expected, use the identifier object in the <see cref="F:JetBrains.ReSharper.Psi.CSharp.Resources.PsiCSharpThemedIcons.CSharpIndexer.Id"/> field of the identifier class.</para>
              </para>
            </summary>
            <remarks>
              <para>For details on Themed Icons and their use, see Remarks on <see cref="T:JetBrains.ReSharper.Psi.CSharp.Resources.PsiCSharpThemedIcons"/> class.</para>
            </remarks>
            <seealso cref="T:JetBrains.ReSharper.Psi.CSharp.Resources.PsiCSharpThemedIcons"/>
            <example>
              <code>&lt;Image Source="{icons:ThemedIcon myres:PsiCSharpThemedIcons+CSharpIndexer}" /&gt;        &lt;!-- XAML --&gt;</code>
            </example>
            <example>
              <code>[Item(Name="Sample", Icon=typeof(PsiCSharpThemedIcons.CSharpIndexer))]        // C# Type attribute</code>
            </example>
            <example>
              <code>IconId iconid = PsiCSharpThemedIcons.CSharpIndexer.Id;        // IconId identifier object</code>
            </example>
            <example>
              <code>themediconmanager.GetIcon&lt;PsiCSharpThemedIcons.CSharpIndexer&gt;()        // Icon image for rendering</code>
            </example>
        </member>
        <member name="F:JetBrains.ReSharper.Psi.CSharp.Resources.PsiCSharpThemedIcons.CSharpIndexer.Id">
             <summary>
              <para>
                <para>Autogenerated identifier object for the CSharpIndexer Themed Icon.</para>
                <para>Identifier objects should be used where an <see cref="T:JetBrains.UI.Icons.IconId"/> value is expected. In attributes, XAML, or generic parameters use the containing <see cref="T:JetBrains.ReSharper.Psi.CSharp.Resources.PsiCSharpThemedIcons.CSharpIndexer"/> identifier class.</para>
              </para>
            </summary>
            <remarks>
              <para>For details on Themed Icons and their use, see Remarks on <see cref="T:JetBrains.ReSharper.Psi.CSharp.Resources.PsiCSharpThemedIcons"/> class.</para>
            </remarks>
            <seealso cref="T:JetBrains.ReSharper.Psi.CSharp.Resources.PsiCSharpThemedIcons"/>
            <example>
              <code>&lt;Image Source="{icons:ThemedIcon myres:PsiCSharpThemedIcons+CSharpIndexer}" /&gt;        &lt;!-- XAML --&gt;</code>
            </example>
            <example>
              <code>[Item(Name="Sample", Icon=typeof(PsiCSharpThemedIcons.CSharpIndexer))]        // C# Type attribute</code>
            </example>
            <example>
              <code>IconId iconid = PsiCSharpThemedIcons.CSharpIndexer.Id;        // IconId identifier object</code>
            </example>
            <example>
              <code>themediconmanager.GetIcon&lt;PsiCSharpThemedIcons.CSharpIndexer&gt;()        // Icon image for rendering</code>
            </example>
        </member>
        <member name="M:JetBrains.ReSharper.Psi.CSharp.CodeStyle.CSharpFormatterHelper.OptimizeRefsSafe(JetBrains.ReSharper.Psi.Tree.IFile,JetBrains.DocumentModel.IRangeMarker,JetBrains.Application.Progress.IProgressIndicator)">
            <summary>
            Optimize references without modifying 'usings'. i.e. remove redundant qualifiers
            </summary>
        </member>
        <member name="M:JetBrains.ReSharper.Psi.CSharp.CodeStyle.CSharpFormatterHelper.ArrangeThisQualifier(JetBrains.ReSharper.Psi.CSharp.Tree.ICSharpFile,JetBrains.DocumentModel.IRangeMarker)">
            <summary>
            Manage 'this.' qualifier in given range according to code style settings
            </summary>
        </member>
        <member name="T:JetBrains.ReSharper.Psi.CSharp.src.CodeStyle.CSharpMemberOrderResources">
            <summary>
              A strongly-typed resource class, for looking up localized strings, etc.
            </summary>
        </member>
        <member name="P:JetBrains.ReSharper.Psi.CSharp.src.CodeStyle.CSharpMemberOrderResources.ResourceManager">
            <summary>
              Returns the cached ResourceManager instance used by this class.
            </summary>
        </member>
        <member name="P:JetBrains.ReSharper.Psi.CSharp.src.CodeStyle.CSharpMemberOrderResources.Culture">
            <summary>
              Overrides the current thread's CurrentUICulture property for all
              resource lookups using this strongly typed resource class.
            </summary>
        </member>
        <member name="P:JetBrains.ReSharper.Psi.CSharp.src.CodeStyle.CSharpMemberOrderResources.DefaultMemberReorderingPatterns">
             <summary>
               Looks up a localized string similar to &lt;?xml version=&quot;1.0&quot; encoding=&quot;utf-8&quot; ?&gt;
            
            &lt;!--
            I. Overall
            
            I.1 Each pattern can have &lt;Match&gt;....&lt;/Match&gt; element. For the given type declaration, the pattern with the match, evaluated to &apos;true&apos; with the largest weight, will be used 
            I.2 Each pattern consists of the sequence of &lt;Entry&gt;...&lt;/Entry&gt; elements. Type member declarations are distributed between entries
            I.3 If pattern has RemoveAllRegions=&quot;true&quot; attribute, then all regions will be cleared prior to reordering. Otherwise, only auto-generated reg [rest of string was truncated]&quot;;.
             </summary>
        </member>
        <member name="P:JetBrains.ReSharper.Psi.CSharp.src.CodeStyle.CSharpMemberOrderResources.DefaultMemberReorderingPatternsWithoutRegions">
             <summary>
               Looks up a localized string similar to &lt;?xml version=&quot;1.0&quot; encoding=&quot;utf-8&quot; ?&gt;
            
            &lt;!--
            I. Overall
            
            I.1 Each pattern can have &lt;Match&gt;....&lt;/Match&gt; element. For the given type declaration, the pattern with the match, evaluated to &apos;true&apos; with the largest weight, will be used 
            I.2 Each pattern consists of the sequence of &lt;Entry&gt;...&lt;/Entry&gt; elements. Type member declarations are distributed between entries
            I.3 If pattern has RemoveAllRegions=&quot;true&quot; attribute, then all regions will be cleared prior to reordering. Otherwise, only auto-generated reg [rest of string was truncated]&quot;;.
             </summary>
        </member>
        <member name="P:JetBrains.ReSharper.Psi.CSharp.src.CodeStyle.CSharpMemberOrderResources.MemberReorderingPatternsSchema">
            <summary>
              Looks up a localized resource of type System.IO.UnmanagedMemoryStream similar to System.IO.MemoryStream.
            </summary>
        </member>
        <member name="F:JetBrains.ReSharper.Psi.CSharp.CodeStyle.CSharpUsingSettingsAccessor.AddImportsToDeepestScope">
            <remarks>
            Do not use directly in features.
            Use <see cref="M:JetBrains.ReSharper.Psi.CSharp.Util.CSharpModificationUtil.IsToAddImportsToDeepestScope(JetBrains.ReSharper.Psi.Tree.ITreeNode)"/>
            </remarks>
        </member>
        <member name="T:JetBrains.ReSharper.Psi.CSharp.CodeStyle.ICustomIndentHandler">
            <summary>
            Provide custom indentation for the node to format correctly in ASP/Razor
            </summary>
        </member>
        <member name="M:JetBrains.ReSharper.Psi.CSharp.CodeStyle.ICustomIndentHandler.Indent(JetBrains.ReSharper.Psi.Tree.ITreeNode,JetBrains.ReSharper.Psi.CodeStyle.CustomIndentType,JetBrains.ReSharper.Psi.CSharp.CodeStyle.CSharpCodeFormattingSettings)">
            <param name="node">node to get the indent for</param>
            <param name="indentType">type of requested custom indent</param>
            <param name="settings"></param>
            <returns><c>null</c> if default indentation should be used, or string which will be used as an indent</returns>
        </member>
        <member name="M:JetBrains.ReSharper.Psi.CSharp.Impl.CodeStyle.Formatter.CSharpCodeFormatter.FormatDeletedNodes(JetBrains.ReSharper.Psi.Tree.ITreeNode,JetBrains.ReSharper.Psi.Tree.ITreeNode,JetBrains.ReSharper.Psi.Tree.ITreeNode)">
            <summary>
            Format code during WritePSI action
            </summary>
        </member>
        <member name="T:JetBrains.ReSharper.Psi.CSharp.CodeStyle.SettingsUpgrade.CSharpCodeStyleSettings">
            <summary>
            Used for storing and managing of code style settings
            </summary>
        </member>
        <member name="T:JetBrains.ReSharper.Psi.ControlFlow.CSharp.CSharpPassThroughFinallyRibInfo">
            <summary>
            Attached to rib which exits from 'finally' block
            </summary>
        </member>
        <member name="P:JetBrains.ReSharper.Psi.ControlFlow.CSharp.CSharpPassThroughFinallyRibInfo.TryStatement">
            <summary>
            'try' statement itself
            </summary>
        </member>
        <member name="P:JetBrains.ReSharper.Psi.ControlFlow.CSharp.CSharpPassThroughFinallyRibInfo.ExitFromFinallyRib">
            <summary>
            That rib which exits from 'try' block
            </summary>
        </member>
        <member name="T:JetBrains.ReSharper.Psi.ControlFlow.CSharp.CSharpExitFromFinallyRibInfo">
            <summary>
            Attached to rib which exits from 'finally' block
            </summary>
        </member>
        <member name="P:JetBrains.ReSharper.Psi.ControlFlow.CSharp.CSharpExitFromFinallyRibInfo.PassThroughFinally">
            <summary>
            That rib which exits from 'try' block
            </summary>
        </member>
        <member name="P:JetBrains.ReSharper.Psi.ControlFlow.CSharp.ICSharpControlFlowRib.ExitFromUsings">
            <summary>
            Enumerates using statements which are exited on this rib
            </summary>
        </member>
        <member name="M:JetBrains.ReSharper.Psi.CSharp.Impl.CodeStyle.MemberReordering.IMatchFunction.Evaluate(System.Xml.XmlElement,JetBrains.ReSharper.Psi.IClrDeclaredElement,System.Int32@)">
            <summary>
            Evaluate the boolean match function over given declared element. If evaluated to <c>true</c>, then add it's weight to <paramref name="weight"/>
            </summary>
        </member>
        <member name="M:JetBrains.ReSharper.Psi.CSharp.Impl.CodeStyle.MemberReordering.ISortKey.Compare(JetBrains.ReSharper.Psi.IClrDeclaredElement,JetBrains.ReSharper.Psi.IClrDeclaredElement,System.Xml.XmlElement)">
            <summary>
            Compare given declared elements.
            Refer to key for additional options (if any)
            </summary>
        </member>
        <member name="M:JetBrains.ReSharper.Psi.CSharp.Impl.CodeStyle.MemberReordering.IGroupKey.Compare(JetBrains.ReSharper.Psi.IClrDeclaredElement,JetBrains.ReSharper.Psi.IClrDeclaredElement,System.Xml.XmlElement)">
            <summary>
            Compare given declared elements.
            Refer to key for additional options (if any)
            </summary>
        </member>
        <member name="M:JetBrains.ReSharper.Psi.CSharp.Impl.CodeStyle.MemberReordering.IGroupKey.MacroValue(JetBrains.ReSharper.Psi.IClrDeclaredElement,System.Xml.XmlElement)">
            <summary>
            Get the macro text corresponding to this key. 
            Return empty string if this key is not applicable to this declared element
            </summary>
        </member>
        <member name="M:JetBrains.ReSharper.Psi.CSharp.Impl.CodeStyle.MemberReordering.MemberReorderingProcess.RemoveAutoGeneratedRegions">
            <summary>
            Remove regions from the type declaration. Depending on the option, removes all regions, or anly auto-generated ones
            </summary>
            <returns>List of remaining regions in type declaration</returns>
        </member>
        <member name="M:JetBrains.ReSharper.Psi.CSharp.Impl.CodeStyle.MemberReordering.MemberReorderingProcess.ReorderMembers(System.Collections.Generic.IList{JetBrains.ReSharper.Psi.CSharp.Tree.IClassMemberDeclaration},System.Collections.Generic.IList{JetBrains.ReSharper.Psi.CSharp.Tree.IClassMemberDeclaration})">
            <summary>
            Do reorder members according to given new order
            Warning: this methods breaks the identity of class member declarations!
            </summary>
            <returns>list of new sorted declarations</returns>
        </member>
        <member name="M:JetBrains.ReSharper.Psi.CSharp.Impl.CodeStyle.MemberReordering.MemberReorderingProcess.ApplyGrouping(System.Collections.Generic.IList{JetBrains.ReSharper.Psi.CSharp.Tree.IClassMemberDeclaration},System.Boolean)">
            <returns>Entry ranges</returns>
        </member>
        <member name="P:JetBrains.ReSharper.Psi.CSharp.Impl.ControlFlow.CSharpControlFlowContextFactory.MaxNumberOfStatesPerGraf">
            <summary>
            If total number of states on all graf edges exceeded this number, then raise context overflow
            </summary>
        </member>
        <member name="T:JetBrains.ReSharper.Psi.CSharp.Impl.ControlFlow.InitialContextBuilder">
            <summary>
            Builder of the control flow initial state (i.t. the context of the graf entry point)
            </summary>
        </member>
        <member name="F:JetBrains.ReSharper.Psi.CSharp.Impl.ControlFlow.CSharpControlFlowVariableValue.UNKNOWN">
            <summary>
            Variable state is completely unknown
            </summary>
        </member>
        <member name="F:JetBrains.ReSharper.Psi.CSharp.Impl.ControlFlow.CSharpControlFlowVariableValue.WEAK_UNKNOWN">
            <summary>
            Special value for unchecked variables indicating that value is unknown and possible NRE shouldn't be reported
            </summary>
        </member>
        <member name="F:JetBrains.ReSharper.Psi.CSharp.Impl.ControlFlow.CSharpControlFlowVariableValue.WEAK_NOT_NULL">
            <summary>
            Special value for unchecked variables indicating that value is though known to be non NULL
            </summary>
        </member>
        <member name="F:JetBrains.ReSharper.Psi.CSharp.Impl.ControlFlow.CSharpControlFlowVariableValue.WEAK_CANBENULL">
            <summary>
            Special value for unchecked variables indicating that value is unknown, but though can be null
            </summary>
        </member>
        <member name="T:JetBrains.ReSharper.Psi.CSharp.Impl.ControlFlow.MemorySnapshotHive">
            <summary>
            Set of the possible memory snapshots
            This class is immutable! (i.e. any modification makes new copy of the class)
            </summary>
        </member>
        <member name="M:JetBrains.ReSharper.Psi.CSharp.Impl.ControlFlow.MemorySnapshotHive.SplitByNullCondition(System.Int32,System.Boolean,JetBrains.ReSharper.Psi.CSharp.Impl.ControlFlow.MemorySnapshotHive@,JetBrains.ReSharper.Psi.CSharp.Impl.ControlFlow.MemorySnapshotHive@)">
            <summary>
            
            </summary>
            <param name="i"></param>
            <param name="optimistic">Do not inject 'null' state if variable is unknown</param>
            <param name="isNull"></param>
            <param name="isNotNull"></param>
        </member>
        <member name="M:JetBrains.ReSharper.Psi.CSharp.Impl.ControlFlow.VariableIndex.AddVariable(JetBrains.ReSharper.Psi.CSharp.Impl.ControlFlow.VariableInfo)">
            <summary>
            Add new variable into index
            </summary>
            <param name="info"></param>
        </member>
        <member name="M:JetBrains.ReSharper.Psi.CSharp.Impl.ControlFlow.VariableIndex.AddType(JetBrains.ReSharper.Psi.IType)">
            <summary>
            Add type to registered types index
            </summary>
        </member>
        <member name="M:JetBrains.ReSharper.Psi.CSharp.Impl.ControlFlow.VariableIndex.GetTypeIndex(JetBrains.ReSharper.Psi.IType)">
            <summary>
            Get the index of the given type, or -1 if type is not registered
            </summary>
        </member>
        <member name="M:JetBrains.ReSharper.Psi.CSharp.Impl.ControlFlow.VariableIndex.GetTypeByIndex(System.Int32)">
            <summary>
            Get the index of the given type, or -1 if type is not registered
            </summary>
        </member>
        <member name="M:JetBrains.ReSharper.Psi.CSharp.Impl.ControlFlow.VariableIndex.GetHistoryCheckPoint(JetBrains.ReSharper.Psi.ControlFlow.IControlFlowElement)">
            <summary>
            Check if history check point is assotiated with given element, and returns it
            </summary>
        </member>
        <member name="M:JetBrains.ReSharper.Psi.CSharp.Impl.ControlFlow.VariableIndex.GetInvalidatedHistoryCheckPoints(JetBrains.ReSharper.Psi.ControlFlow.IControlFlowElement,JetBrains.ReSharper.Psi.ControlFlow.IControlFlowElement)">
            <summary>
            Enumerate history check points which runs out of scope when control flow moves from <paramref name="from"/> to <paramref name="to"/>
            </summary>
        </member>
        <member name="M:JetBrains.ReSharper.Psi.CSharp.Impl.ControlFlow.VariableIndex.FindLocalOrClosureVariable(JetBrains.ReSharper.Psi.IDeclaredElement)">
            <summary>
            Find info by declared element - only for top-level elements
            </summary>
        </member>
        <member name="M:JetBrains.ReSharper.Psi.CSharp.Impl.ControlFlow.VariableIndex.HasInQualifier(JetBrains.ReSharper.Psi.CSharp.Tree.ICSharpExpression)">
            <summary>
            Search for unchecked infos, where given expr is found in qualifier (cache results)
            </summary>
        </member>
        <member name="M:JetBrains.ReSharper.Psi.CSharp.Impl.ControlFlow.VariableIndex.HasInQualifier(JetBrains.ReSharper.Psi.IDeclaredElement)">
            <summary>
            Search for unchecked infos, where given local variable or parameter is found in qualifier (cache results)
            </summary>
        </member>
        <member name="M:JetBrains.ReSharper.Psi.CSharp.Impl.ControlFlow.VariableIndex.Find(JetBrains.ReSharper.Psi.CSharp.Tree.ICSharpExpression,JetBrains.ReSharper.Psi.Resolve.Managed.IResolveContext)">
            <summary>
            Find info by expression - look into unchecked variables, and into fields of managed variable (cache results)
            </summary>
        </member>
        <member name="P:JetBrains.ReSharper.Psi.CSharp.Impl.ControlFlow.VariableIndex.This">
            <summary>
            'this' struct variable info for instance struct ctor
            </summary>
        </member>
        <member name="P:JetBrains.ReSharper.Psi.CSharp.Impl.ControlFlow.VariableIndex.Count">
            <summary>
            Get number of variables in index
            </summary>
        </member>
        <member name="P:JetBrains.ReSharper.Psi.CSharp.Impl.ControlFlow.VariableIndex.TotalTypes">
            <summary>
            Get the total number of registered types
            </summary>
        </member>
        <member name="T:JetBrains.ReSharper.Psi.CSharp.Impl.CSharpReferenceProviderFactory.ComponentNameReference">
            <summary>Reference to component name in WinForm generated code</summary>
        </member>
        <member name="M:JetBrains.ReSharper.Psi.CSharp.Impl.DeclaredElement.CSharpTypeParameterOfMethod.ConstraintIterator(System.Action{JetBrains.ReSharper.Psi.CSharp.Tree.ITypeParameterConstraint})">
            <summary>
            Iterates through constraints for this type parameter and call given delegate for each of them
            </summary>
            <param name="handler"></param>
            <returns><c>true</c> if constraints clause was found</returns>
        </member>
        <member name="M:JetBrains.ReSharper.Psi.CSharp.Impl.DeclaredElement.CSharpTypeParameterOfMethod.FindInheritedTypeParameter">
            <summary>
            Tries to find the type parameter of the inherited method.
            According to C# specs 25.6.2
            </summary>
            <returns></returns>
        </member>
        <member name="M:JetBrains.ReSharper.Psi.CSharp.Impl.CustomHandlers.ICSharpCustomModificationHandler.HandleAddStatementsRange(JetBrains.ReSharper.Psi.IPsiServices,System.Func{JetBrains.ReSharper.Psi.Tree.ITreeNode,JetBrains.ReSharper.Psi.CSharp.ICSharpStatementsRange},JetBrains.ReSharper.Psi.CSharp.Tree.IBlock,JetBrains.ReSharper.Psi.Tree.ITreeNode,System.Boolean,System.Boolean)">
            <summary>
            Translates changes in generated code-behind file to original file (Razor, ASP, etc).
            If strict, HTML whitespace statements on bounds are not included. Use for single added statement to be returned.
            </summary>
        </member>
        <member name="F:JetBrains.ReSharper.Psi.CSharp.Impl.DeclaredElement.CSharpOverridableMember`1.myRetrievingInheritedXMLDoc">
            <summary>
            Anti-recursion in retrieving XML docs
            </summary>
        </member>
        <member name="M:JetBrains.ReSharper.Psi.CSharp.Resolve.ICSharpDocCommentReference.GetSignatureRange">
            <summary>
            Obtains the range of the signature (i.e (...))
            </summary>
        </member>
        <member name="P:JetBrains.ReSharper.Psi.CSharp.Resolve.ICSharpDocCommentReference.LocalOffset">
            <summary>
            Offset of the reference start from the comment
            </summary>
        </member>
        <member name="T:JetBrains.ReSharper.Psi.CSharp.Impl.Resolve.Filters.EnumInitializerFilter">
            <summary>
            Preferes enum member in enum initializer
            </summary>
        </member>
        <member name="T:JetBrains.ReSharper.Psi.CSharp.Impl.Resolve.Filters.EventOrBackingFieldFilter">
            <summary>
            Special filter for DotPeek. 
            Disambiguity between event and it's private backing field
            </summary>
        </member>
        <member name="T:JetBrains.ReSharper.Psi.CSharp.Impl.Resolve.Filters.PredefinedTypesFilter">
            <summary>
            When "NoStdLib' is on, then select any one of the predefined types (see CS1685)
            </summary>
        </member>
        <member name="T:JetBrains.ReSharper.Psi.CSharp.Impl.Resolve.Filters.UseLocalVariableBeforeDeclarationFilter">
            <summary>
            Filter local variable declarations by their position in the tree
            </summary>
        </member>
        <member name="M:JetBrains.ReSharper.Psi.CSharp.Tree.ICSharpExpression.GetContainingExpression">
            <summary>
            Gets the expression which uses the current expression as an operand
            </summary>
        </member>
        <member name="M:JetBrains.ReSharper.Psi.CSharp.Tree.ICSharpExpression.GetContainingStatement">
            <summary>
            Gets the statement which uses the current expression as an operand
            </summary>
        </member>
        <member name="M:JetBrains.ReSharper.Psi.CSharp.Tree.ICSharpExpression.ReplaceBy``1(``0)">
            <summary>
            Replace this expression by the copy of the given expression.
            Insert parentheses if necessary
            </summary>
            <param name="expr"></param>
            <returns>The copy of given expression which was actually inserted into tree</returns>
        </member>
        <member name="P:JetBrains.ReSharper.Psi.CSharp.Tree.ICSharpExpression.IsClassifiedAsVariable">
            <summary>
            Check if the expression could be classified as a variable according to C# spec 5.4
            </summary>
        </member>
        <member name="P:JetBrains.ReSharper.Psi.CSharp.Tree.ICSharpExpression.IsLValue">
            <summary>
            Check if the expression is l-value
            </summary>
        </member>
        <member name="M:JetBrains.ReSharper.Psi.CSharp.Impl.Tree.CSharpExpressionBase.GetContainingExpression">
            <summary>
            Gets the expression which uses the current expression as an operand
            </summary>
        </member>
        <member name="M:JetBrains.ReSharper.Psi.CSharp.Tree.ICSharpStatement.GetContainingStatement">
            <summary>
            Gets the statement in which the given statement is located
            </summary>
        </member>
        <member name="M:JetBrains.ReSharper.Psi.CSharp.Tree.ICSharpStatement.ReplaceBy``1(``0)">
            <summary>
            Replace this statement in the tree by the copy of the given statement
            </summary>
            <param name="stmt"></param>
            <returns>The clone of the original statement which was added into the tree </returns>
        </member>
        <member name="P:JetBrains.ReSharper.Psi.CSharp.Tree.ICSharpStatement.IsEmbeddedStatement">
            <summary>
            Checks if this statement is valid embedded statement according to C# specs
            </summary>
        </member>
        <member name="F:JetBrains.ReSharper.Psi.CSharp.Parsing.CSharpTokenType.EOF">
            <summary>
            Special token for some implementation details.
            It should never be returned from C# lexer
            </summary>
        </member>
        <member name="T:JetBrains.ReSharper.Psi.CSharp.Tree.AttributeTarget">
            <remarks>
            C# spec, 17.2 Attribute specification
            </remarks>
        </member>
        <member name="F:JetBrains.ReSharper.Psi.CSharp.Tree.AttributeTarget.None">
            <summary>
             No target is specified
            </summary>
        </member>
        <member name="F:JetBrains.ReSharper.Psi.CSharp.Tree.AttributeTarget.Unknown">
            <summary>
            Unrecognized target
            </summary>
        </member>
        <member name="P:JetBrains.ReSharper.Psi.CSharp.Tree.ICSharpFunctionDeclaration.IsIterator">
            <summary>
            According to C# specs 22.1, function body block is iterator if it contains one or more 'yield' statements
            </summary>
        </member>
        <member name="P:JetBrains.ReSharper.Psi.CSharp.Tree.IInvocationExpressionReference.IsPassThrough">
            <summary>
            Check if this reference emulates reference on invoked expression
            </summary>
        </member>
        <member name="M:JetBrains.ReSharper.Psi.CSharp.Impl.Resolve.CSharpOperatorResolver.GetApplicableOperatorsInType(System.String,System.Collections.Generic.List{JetBrains.ReSharper.Psi.IDeclaredType},System.Collections.Generic.JetHashSet{JetBrains.ReSharper.Psi.ITypeElement},JetBrains.ReSharper.Psi.IType,System.Collections.Generic.IList{JetBrains.ReSharper.Psi.CSharp.Resolve.OverloadResolution.CandidateWithResolveContext}@)">
            Parameter 'visited' is needed for optimization in case of getting tables for not unary operator arguments
        </member>
        <member name="M:JetBrains.ReSharper.Psi.CSharp.Impl.Tree.DocCRefExpression.GetCommentRange(JetBrains.ReSharper.Psi.TreeTextRange)">
            <summary>
            Translate local tree text range (inside DocCRefExpression) to comment text range (inside containing comment)
            </summary>
        </member>
        <member name="M:JetBrains.ReSharper.Psi.CSharp.Impl.Tree.DocCRefExpression.GetGlobalRange(JetBrains.ReSharper.Psi.TreeTextRange)">
            <summary>
            Translate local tree text range (inside DocCRefExpression) to file tree text range (inside containing comment's file)
            </summary>
        </member>
        <member name="M:JetBrains.ReSharper.Psi.CSharp.Impl.Resolve.Invocation.CheckForArrayLength(System.String,JetBrains.ReSharper.Psi.ExtensionsAPI.Resolve.ResolveResultWithInfo@)">
            <summary>
            Workaround for compiler bug existed in C# 3.0.
            See https://connect.microsoft.com/VisualStudio/feedback/details/328765/cannot-invoke-extension-method-named-length-on-an-array
            </summary>
        </member>
        <member name="P:JetBrains.ReSharper.Psi.CSharp.Tree.ITryStatement.CatchesAllExceptions">
            <summary>
            <c>true</c> if the statement contains catch{...} or catch(Exception){...} clause
            </summary>
        </member>
        <member name="P:JetBrains.ReSharper.Psi.CSharp.Tree.ITypeArgumentList.TypeArgumentNodes">
            <summary>
            Get the list of type arguments. Corresponding item in list is <c>null</c> if none is written in the source code, for example:
            <c>typeof(C&lt;&gt;)</c>
            </summary>
        </member>
        <member name="M:JetBrains.ReSharper.Psi.CSharp.Tree.ITypeParameterConstraintsClause.AddTypeParameterConstraint``1(``0)">
            <summary>
            Adds type parameter constraint to appropriate place.
            It's caller's responsibility to remove conflicting constraints.
            </summary>
        </member>
        <member name="M:JetBrains.ReSharper.Psi.CSharp.Parsing.CSharpParser.ParseCRefExpression">
            <remarks>
            Source text must be UNescaped (no xml entities)
            </remarks>
        </member>
        <member name="M:JetBrains.ReSharper.Psi.CSharp.Parsing.CSharpParser.parseInitializerAux(JetBrains.ReSharper.Psi.ExtensionsAPI.Tree.CompositeNodeType,JetBrains.ReSharper.Psi.CSharp.Parsing.CSharpParser.InitializerElementParseFunction,JetBrains.ReSharper.Psi.CSharp.Parsing.CSharpParser.ErrorHandle)">
            <summary>Special variant of parsing routine allowing parsing optional comma</summary>
        </member>
        <member name="M:JetBrains.ReSharper.Psi.CSharp.Parsing.CSharpParser.parseAttributeList">
            <summary>Special variant of parsing routine allowing parsing optional comma</summary>
        </member>
        <member name="F:JetBrains.ReSharper.Psi.CSharp.Parsing.ParserNodeTypeSets.DECISION_CHAR_FOR_TYPE_ARGUMENT_LIST">
            <summary>
            Reference to C# specs 4.5.4.2 with nikov's comments
            </summary>
        </member>
        <member name="M:JetBrains.ReSharper.Psi.CSharp.Util.CSharpCollectionTypeUtil.ElementTypeByCollectionType(JetBrains.ReSharper.Psi.IType,JetBrains.ReSharper.Psi.Resolve.IAccessContext,JetBrains.ReSharper.Psi.CSharp.Tree.ICSharpTreeNode)">
            <summary>
            Returns element type if collectionType is a _collection_type_ (described in specification, 15.8.4)
            otherwise, returns null
            </summary>
        </member>
        <member name="M:JetBrains.ReSharper.Psi.CSharp.Util.CSharpDeclaredElementUtil.IsCSharpTypeMember(JetBrains.ReSharper.Psi.ITypeMember)">
            <summary>
            Check if the member is visible as C# type member
            I.e. it skips accessors except to properties with parameters
            </summary>
        </member>
        <member name="T:JetBrains.ReSharper.Psi.CSharp.CSharpElementFactory">
            <summary>
            Factory for C# IElements creation
            Format string is specified with $0, $1, ... as placeholders for arguments
            </summary>
        </member>
        <member name="M:JetBrains.ReSharper.Psi.CSharp.Impl.CodeStyle.CSharpDecorationStage.BuildAttributeSectionGroup(System.Collections.Generic.IEnumerable{JetBrains.ReSharper.Psi.CSharp.Tree.IAttributeSection})">
            <summary>
            Divide attribute sections into groups with the same target
            </summary>
            <param name="sections">Plain array of sections</param>
            <returns>Groups of attribute sectinos with the same target</returns>
        </member>
        <member name="M:JetBrains.ReSharper.Psi.CSharp.Impl.ControlFlow.ControlFlowWeakVariableInfo.QualifierEqualityComparer.IsEligble(JetBrains.ReSharper.Psi.CSharp.Tree.ICSharpExpression)">
            <summary>
            Check if given expression is eligible for comparison
            </summary>
        </member>
        <member name="T:JetBrains.ReSharper.Psi.CSharp.Impl.ControlFlow.ControlFlowHistoryCheckPointInfo">
            <summary>
            Denotes to expression state at specified point
            </summary>
        </member>
        <member name="T:JetBrains.ReSharper.Psi.CSharp.Impl.ControlFlow.CSharpControlFlowContext">
            <summary>
            State of the single node in the control flow graf
            </summary>
        </member>
        <member name="F:JetBrains.ReSharper.Psi.CSharp.Impl.ControlFlow.CSharpControlFlowContext.myVariableIndex">
            <summary>
            Shared between all instances of context
            </summary>
        </member>
        <member name="F:JetBrains.ReSharper.Psi.CSharp.Impl.ControlFlow.CSharpControlFlowContext.myStates">
            <summary>
            State for each variable from <see cref="F:JetBrains.ReSharper.Psi.CSharp.Impl.ControlFlow.CSharpControlFlowContext.myVariableIndex"/>.
            </summary>
        </member>
        <member name="F:JetBrains.ReSharper.Psi.CSharp.Impl.ControlFlow.CSharpControlFlowContext.myMemorySnapshotHive">
            <summary>
            The set af possible memory states at this point
            Is <c>null</c> if the number of states greater than threshold, 
            and thus the cyclomatic complexity of the code is too large
            </summary>
        </member>
        <member name="P:JetBrains.ReSharper.Psi.CSharp.Impl.ControlFlow.CSharpControlFlowContext.RecursiveAtAllPaths">
            <summary>
            Indicates that at all paths to this point there was recursive call
            </summary>
        </member>
        <member name="M:JetBrains.ReSharper.Psi.CSharp.Impl.ControlFlow.CSharpControlFlowGrafInspector.PatchContextBySpecialMethodCall(JetBrains.ReSharper.Psi.CSharp.Tree.IInvocationExpression,JetBrains.ReSharper.Psi.ControlFlow.IControlFlowElement,JetBrains.ReSharper.Psi.CSharp.Impl.ControlFlow.CSharpControlFlowContext)">
            <summary>
            Try to recognize invocation of special methods, and patch context accordingly
            </summary>
        </member>
        <member name="M:JetBrains.ReSharper.Psi.CSharp.Impl.ControlFlow.CSharpControlFlowGrafInspector.IsSubjectToNullnessCheck(JetBrains.ReSharper.Psi.ControlFlow.IControlFlowRib)">
            <summary>
            Check if possible NRE should be checked if jump by <paramref name="rib"/>
            </summary>
        </member>
        <member name="M:JetBrains.ReSharper.Psi.CSharp.Impl.CSharpReferenceBindingUtil.GetRequiredExternAlias(JetBrains.ReSharper.Psi.Modules.IPsiModule,JetBrains.ReSharper.Psi.IClrDeclaredElement)">
            <summary>
            Get the required extern alias.
            </summary>
            <returns><c>null</c> if module is not referenced, <c>String.Empty</c> for no alias (i.e. == global)</returns>
        </member>
        <member name="M:JetBrains.ReSharper.Psi.CSharp.Impl.CSharpReferenceBindingUtil.UseExistingAlias(JetBrains.ReSharper.Psi.ExtensionsAPI.Resolve.IQualifiableReferenceWithGlobalSymbolTable,System.Func{JetBrains.ReSharper.Psi.ExtensionsAPI.Resolve.IQualifiableReferenceWithGlobalSymbolTable,System.Boolean})">
            <summary>
            Try to replaced qualified reference by any existing alias
            </summary>
        </member>
        <member name="M:JetBrains.ReSharper.Psi.CSharp.Impl.CSharpReferenceBindingUtil.ExtractQualifierReference(JetBrains.ReSharper.Psi.Resolve.IReference)">
            <summary>
            Try to extract the qualifier reference of the given reference' element
            i.e. extract reference to B from reference to C in expression A.B.C
            </summary>
            <param name="reference"></param>
            <returns>null if reference could not be extracted</returns>
        </member>
        <member name="M:JetBrains.ReSharper.Psi.CSharp.Impl.ICSharpTypeConversionRule.ClrIsImplicitlyConvertiblePredefined(JetBrains.ReSharper.Psi.IType,JetBrains.ReSharper.Psi.IType)">
            <summary>
            Use <see cref="M:JetBrains.ReSharper.Psi.Util.CLRTypeConversionUtil.ClrIsImplicitlyConvertiblePredefined(JetBrains.ReSharper.Psi.IType,JetBrains.ReSharper.Psi.IType)"/> with type retargeting
            </summary>
        </member>
        <member name="M:JetBrains.ReSharper.Psi.CSharp.Impl.CSharpTypeConversionRule.ImplicitReferenceConversionExist(JetBrains.ReSharper.Psi.IType,JetBrains.ReSharper.Psi.IType)">
            <summary>
            C# 2.0 spec 13.1.4
            </summary>
        </member>
        <member name="M:JetBrains.ReSharper.Psi.CSharp.Impl.MultipleDeclarationUtil.ExtractDeclaration(JetBrains.ReSharper.Psi.CSharp.Tree.IMultipleDeclarationMember)">
            <summary>
            Extract single declaration from multiple declaration node, if necessary
            All declarations are not invalidated!
            </summary>
        </member>
        <member name="M:JetBrains.ReSharper.Psi.CSharp.Impl.MultipleDeclarationUtil.SplitDeclarationBefore(JetBrains.ReSharper.Psi.CSharp.Tree.IMultipleDeclarationMember)">
            <summary>
            Split the multiple declaration list so that given member will be the first declaration in the list
            All declarations are not invalidated!
            </summary>
        </member>
        <member name="M:JetBrains.ReSharper.Psi.CSharp.Impl.MultipleDeclarationUtil.SplitDeclarationAfter(JetBrains.ReSharper.Psi.CSharp.Tree.IMultipleDeclarationMember)">
            <summary>
            Split the multiple declaration list so that given member will be the last declaration in the list
            All declarations are not invalidated!
            </summary>
        </member>
        <member name="M:JetBrains.ReSharper.Psi.CSharp.Impl.MultipleDeclarationUtil.RemoveDeclaration(JetBrains.ReSharper.Psi.CSharp.Tree.IMultipleDeclarationMember)">
            <summary>
            Delete the given member declaration from the multiple declaration
            If the member is the single in the multiple node, then delete whole multiple node
            </summary>
        </member>
        <member name="M:JetBrains.ReSharper.Psi.CSharp.Impl.Resolve.CSharpResolveUtil.ShouldApplyEmbeddedComInteropTypeRule(JetBrains.ReSharper.Psi.ITypeMember,System.Func{JetBrains.ReSharper.Psi.Modules.IPsiModule})">
            <summary>
            When using COM interop type members with "Embed Interop Types" property, return values of methods, properties and indexers are 'dynamic' instead of 'object'
            </summary>
        </member>
        <member name="M:JetBrains.ReSharper.Psi.CSharp.Impl.Resolve.CSharpResolveUtil.ShouldApplyEmbeddedComInteropTypeRule(JetBrains.ReSharper.Psi.Resolve.IResolveResult,System.Func{JetBrains.ReSharper.Psi.Modules.IPsiModule})">
            <summary>
            When using COM interop type members with "Embed Interop Types" property, return values of methods, properties and indexers are 'dynamic' instead of 'object'
            </summary>
        </member>
        <member name="M:JetBrains.ReSharper.Psi.CSharp.CSharpTypeFactory.CreateDeclaredType(JetBrains.ReSharper.Psi.Modules.IPsiModule,JetBrains.ReSharper.Psi.Tree.ITokenNode)">
            <summary>typeKeyword should be type of token of one of predefined types.</summary>
        </member>
        <member name="T:JetBrains.ReSharper.Psi.CSharp.Impl.DeclaredTypeFromReferenceName">
            <summary>
            NOTE: Do not hold IReferenceName
            </summary>
        </member>
        <member name="M:JetBrains.ReSharper.Psi.CSharp.Impl.UsingUtil.GetUsingOf(JetBrains.ReSharper.Psi.ExtensionsAPI.Resolve.IQualifiableReferenceWithGlobalSymbolTable)">
            <summary>
            Get the corresponding using directive (if any) which is used to import references' target
            </summary>
        </member>
        <member name="M:JetBrains.ReSharper.Psi.CSharp.Impl.UsingUtil.GetImportConflicts(JetBrains.ReSharper.Psi.CSharp.Tree.ICSharpTypeAndNamespaceHolderDeclaration,JetBrains.ReSharper.Psi.INamespace,System.String,JetBrains.Util.Key{JetBrains.ReSharper.Psi.DeclaredElementInstance},JetBrains.ReSharper.Psi.ExtensionsAPI.Resolve.IQualifiableReferenceWithGlobalSymbolTable,System.Action{JetBrains.ReSharper.Psi.ExtensionsAPI.Resolve.IQualifiableReferenceWithGlobalSymbolTable})">
            <summary>
            Builds the list of conflicts which will occur if the given namespace will be imported into given scope.
            References with existing value in UserData by the given key will not be included
            </summary>
        </member>
        <member name="T:JetBrains.ReSharper.Psi.CSharp.Parsing.CSharpMissingTokensInserter.PreProcessorParser">
            <summary>
            Try to parse the preprocessor directive from given lexer up to given limit.
            Returns parsed tree node, or <c>null</c> if none
            </summary>
        </member>
        <member name="M:JetBrains.ReSharper.Psi.CSharp.Resolve.IResolvePatcher.PatchResolve(JetBrains.ReSharper.Psi.CSharp.Tree.IReferenceName,JetBrains.ReSharper.Psi.ExtensionsAPI.Resolve.IResolveInfo@)">
            <summary>
            Overrides default resolve algorithm for given IReferenceName
            </summary>
            <param name="referenceName">reference to resolve</param>
            <param name="errorType"></param>
            <returns>result of resolution, or <c>null</c> to resolve reference by default algorithm</returns>
        </member>
        <member name="P:JetBrains.ReSharper.Psi.CSharp.Tree.ICSharpArgument.ParameterNameReference">
            <summary>
            If argument is named, then returns reference to corresponding parameter.
            If argument is positional, then returs <c>null</c>
            </summary>
        </member>
        <member name="P:JetBrains.ReSharper.Psi.CSharp.Tree.IArrayCreationExpression.Dimensions">
            <summary>
            returns array of dimensions, e.g.
              for 'new int[]'               returns { 1 }
              for 'new int[10]'             returns { 1 }
              for 'new int[,,,]'            returns { 4 }
              for 'new int[,][,,][]'        returns { 2, 3, 1 }
              for 'new int[5,6][,,][]'      returns { 2, 3, 1 }
            </summary>
        </member>
        <member name="P:JetBrains.ReSharper.Psi.CSharp.Tree.IArrayCreationExpression.Sizes">
            <summary>
            returns list of 'size' expressions for first dimension, e.g.
              for 'new int[]'               returns { null }
              for 'new int[x]'              returns { x }
              for 'new int[,,,]'            returns { null, null, null, null }
              for 'new int[,][,,][]'        returns { null, null }
              for 'new int[x + y,z][,,][]'  returns { x + y, z }
                TODO: this is not implemented yet
              for 'new int[5,,6][,,][]'     returns { 5, null, 6 }
            </summary>
        </member>
        <member name="T:JetBrains.ReSharper.Psi.CSharp.Tree.IProperTypeDeclaration">
            <summary>
            Declarations of ITypeElements that are not type parameters
            </summary>
        </member>
        <member name="M:JetBrains.ReSharper.Psi.CSharp.Tree.IClassLikeDeclaration.InsertAtSpecificPosition``1(``0,JetBrains.ReSharper.Psi.Tree.ITreeNode)">
            <summary>
            Insert given class member at the first safe place AFTER given token
            </summary>
        </member>
        <member name="M:JetBrains.ReSharper.Psi.CSharp.Tree.ICSharpTypeAndNamespaceHolderDeclaration.AddImportAfter(JetBrains.ReSharper.Psi.CSharp.Tree.IUsingDirective,JetBrains.ReSharper.Psi.CSharp.Tree.IUsingDirective)">
            <summary>
            This is low-level method when you need to insert directive in a specific place. It also doesn't account for comments and preprocessor directives.
            Consider using AddImport instead of it.
            </summary>
        </member>
        <member name="M:JetBrains.ReSharper.Psi.CSharp.Tree.ICSharpTypeAndNamespaceHolderDeclaration.AddImportBefore(JetBrains.ReSharper.Psi.CSharp.Tree.IUsingDirective,JetBrains.ReSharper.Psi.CSharp.Tree.IUsingDirective)">
            <summary>
            This is low-level method when you need to insert directive in a specific place. It also doesn't account for comments and preprocessor directives.
            Consider using AddImport instead of it.
            </summary>
        </member>
        <member name="P:JetBrains.ReSharper.Psi.CSharp.Tree.IElementAccessExpressionReference.IsPassThrough">
            <summary>
            Check if this reference emulates reference on invoked expression
            </summary>
        </member>
        <member name="M:JetBrains.ReSharper.Psi.CSharp.Impl.Tree.DocCommentBlock.ParseCRefExpression(System.String)">
            <param name="str">Unescaped text (no xml entities &amp; etc)</param>
        </member>
        <member name="M:JetBrains.ReSharper.Psi.CSharp.Impl.Tree.DocCommentBlock.BuildTypeMemberQualification(JetBrains.ReSharper.Psi.ExtensionsAPI.Resolve.IDocCommentReference,JetBrains.ReSharper.Psi.ITypeMember,JetBrains.ReSharper.Psi.Resolve.ISubstitution)">
            <summary>
            Builds the qualified string to access to the given target from our reference point
            </summary>
        </member>
        <member name="M:JetBrains.ReSharper.Psi.CSharp.Impl.Tree.LabelReferenceElement.GetCompletionSymbolTable">
            <summary>
            Returns symbol table for code completion
            </summary>
        </member>
        <member name="M:JetBrains.ReSharper.Psi.CSharp.Tree.ICSharpNamespaceDeclaration.ReplaceBy(JetBrains.ReSharper.Psi.CSharp.Tree.ICSharpNamespaceDeclaration)">
            <summary>
            Replace this namespace declaration by the copy of the given 
            </summary>
            <param name="declaration"></param>
            <returns>The clone of the original namespace which was added into the tree</returns>
        </member>
        <member name="M:JetBrains.ReSharper.Psi.CSharp.Tree.ICSharpNamespaceDeclaration.GetDeclaredNamespaces">
            <summary>
            Retunrns all namespaces declared by this decslaration.
            </summary>
            Example:
            <code>
            namespace X
            { 
               namespace Y.Z.W {} // (*)
            }
            </code>
            <c>GetDeclaredNamespaces</c>> for (*) returns <c>X.Y.Z.W</c>,  <c>X.Y.Z</c> and  <c>X.Y</c> in that order.
            <returns></returns>
        </member>
        <member name="M:JetBrains.ReSharper.Psi.CSharp.Impl.Tree.NullCoalescingExpression.CalculateExpressionTypeAux(JetBrains.ReSharper.Psi.Resolve.Managed.IResolveContext)">
            <summary>
            According to C# specs 14.12
            • If A is not a nullable type or a reference type, a compile-time error occurs. 
            • If A is a nullable type and an implicit conversion exists from b to A0, the result type is A0. At run-time, a
              is first evaluated. If a is not null, a is unwrapped to type A0, and this becomes the result. 
              Otherwise, b is evaluated and converted to type A0, and this becomes the result.
            • Otherwise, if an implicit conversion exists from b to A, the result type is A. At run-time, a is first
              evaluated. If a is not null, a becomes the result. Otherwise, b is evaluated and converted to type A, 
              and this becomes the result.
            • Otherwise, if an implicit conversion exists from A0 to B, the result type is B. At run-time, a is first
              evaluated. If a is not null, a is unwrapped to type A0 (unless A and A0 are the same type) and converted
              to type B, and this becomes the result. Otherwise, b is evaluated and becomes the result.
            • Otherwise, a and b are incompatible, and a compile-time error occurs.
            </summary>
        </member>
        <member name="P:JetBrains.ReSharper.Psi.CSharp.Tree.IObjectCreationExpression.TypeReference">
            <summary>
            This reference is NOT presented in GetReferencedAssemblyNames() list for this element
            It is in GetReferencedAssemblyNames() of corresponding ReferenceName
            </summary>
        </member>
        <member name="M:JetBrains.ReSharper.Psi.CSharp.Tree.ISwitchStatement.GetGoverningType">
            <summary>
            Computes the governing type of the switch condition (according to p8.7.2 of C# spec)
            If the condition expression is of the integral type or enum, then this type is returned.
            Otherwise, there must be one and only one implicit conversion operator to integral type
            </summary>
        </member>
        <member name="M:JetBrains.ReSharper.Psi.CSharp.Tree.ReferenceExpressionExtensions.IsExtensionMethod(JetBrains.ReSharper.Psi.CSharp.Tree.IReferenceExpression)">
            <summary>
            Check if extension method is invoked as extension method (but not as static method)
            </summary>
        </member>
        <member name="M:JetBrains.ReSharper.Psi.CSharp.Util.AliasUtil.GetPossibleAliasesForElement(JetBrains.ReSharper.Psi.IClrDeclaredElement)">
            <summary>
            This function handles language-defined aliases
            </summary>
        </member>
        <member name="M:JetBrains.ReSharper.Psi.CSharp.Util.CSharpOperatorUtil.GetCustomImplicitOperatorImpl(JetBrains.ReSharper.Psi.IType,JetBrains.ReSharper.Psi.IType,JetBrains.ReSharper.Psi.ITypeConversionRule,JetBrains.ReSharper.Psi.Modules.IPsiModule)">
            <summary>
            Find custom implicit operator according to paragraph 6.4.3
            </summary>
        </member>
        <member name="M:JetBrains.ReSharper.Psi.CSharp.Util.CSharpOperatorUtil.CheckCustomConversionValidity(JetBrains.ReSharper.Psi.IType,JetBrains.ReSharper.Psi.IType)">
            <summary>
            Check that any custom conversion operator could exist from <paramref name="source"/> to <paramref name="target"/>
            According to C# specs 17.9.3. Both <paramref name="source"/> and <paramref name="target"/> should be unlifted
            </summary>
        </member>
        <member name="M:JetBrains.ReSharper.Psi.CSharp.Util.CSharpTypeUtil.IsVariantSafe(JetBrains.ReSharper.Psi.IType,JetBrains.ReSharper.Psi.CSharp.Util.CSharpTypeVarianceSafe)">
            <summary>
            C# specs 23.5: Check type for variance safety
            </summary>
            <returns>
            <list type="bullet">
            <item><c>null</c> if type passes variance check</item>
            <item>type parameter and necessary variance if type failed check</item>
            </list>
            </returns>
        </member>
        <member name="M:JetBrains.ReSharper.Psi.CSharp.Util.CSharpTypeUtil.CanDeclareVolatileFieldWith(JetBrains.ReSharper.Psi.IType)">
            <summary>
            C# specs "10.5.3 Volatile fields"
            • A reference-type.
            • The type byte, sbyte, short, ushort, int, uint, char, float, bool, System.IntPtr, or System.UIntPtr.
            • An enum-type having an enum base type of byte, sbyte, short, ushort, int, or uint.
            </summary>
        </member>
        <member name="T:JetBrains.ReSharper.Psi.CSharp.Util.CSharpExpressionUtil">
            <summary>
            Utility class for working with expressions
            </summary>
        </member>
        <member name="M:JetBrains.ReSharper.Psi.CSharp.Util.CSharpExpressionUtil.IsCondition(JetBrains.ReSharper.Psi.CSharp.Tree.ICSharpExpression,JetBrains.ReSharper.Psi.IOperator@)">
            <summary>
            Check if the expression could be used as boolean condition, i.e. imlicitly convertible
            to <c>bool</c>, or contains <c>true</c>/<c>false</c> operators. According to C# specs draft 4, <c>bool?</c> is no more counted as condition.
            </summary>
        </member>
        <member name="M:JetBrains.ReSharper.Psi.CSharp.Util.CSharpExpressionUtil.NeedToParenthesize(JetBrains.ReSharper.Psi.CSharp.Tree.ICSharpExpression,JetBrains.ReSharper.Psi.CSharp.Tree.ICSharpExpression)">
            <summary>
            Check if this expression should be enclosed in parentheses if it will be replaced by 'newExpression'
            </summary>
        </member>
        <member name="M:JetBrains.ReSharper.Psi.CSharp.Util.CSharpExpressionUtil.IsCheckOfCodeInvariant(JetBrains.ReSharper.Psi.CSharp.Tree.ICSharpExpression)">
            <summary>
            Check if this expression is precondition, i.e. somehig like
            <code>
            Logger.Assert(nonNullableEntity != null, "The condition (nonNullableEntity != null) is false.");
            -or-
            if (nonNullableEntity == null)
                throw Exception();
            -or-
            if (nonNullableEntity == null)
            Logger.LogError();
            </code>
            At the beginning of the method
            </summary>
        </member>
        <member name="M:JetBrains.ReSharper.Psi.CSharp.Util.CSharpExpressionUtil.IsCheckOfCodeInvariant(JetBrains.ReSharper.Psi.CSharp.Tree.ICSharpStatement)">
            <summary>
            Check if this expression is precondition, i.e. somehig like
            <code>
            Logger.Assert(nonNullableEntity != null, "The condition (nonNullableEntity != null) is false.");
            -or-
            if (nonNullableEntity == null)
                throw Exception();
            -or-
            if (nonNullableEntity == null)
            Logger.LogError();
            </code>
            At the beginning of the method
            </summary>
        </member>
        <member name="M:JetBrains.ReSharper.Psi.CSharp.Util.CSharpExpressionUtil.GetRuntimeExpressionType(JetBrains.ReSharper.Psi.CSharp.Tree.ICSharpExpression)">
            <summary>
            Tries to guess expression type which will be at runtime.
            Usually returns expression.GetExpressionType, but recognize few special cases
            </summary>
        </member>
        <member name="M:JetBrains.ReSharper.Psi.CSharp.Util.InvocationExpressionUtil.IsSkippedByCompiler(JetBrains.ReSharper.Psi.CSharp.Tree.IInvocationExpression,JetBrains.ReSharper.Psi.Resolve.Managed.IResolveContext)">
            <summary>
            Returns <c>true</c> if this invocation is skipped by compiler, becaouse of partial methos without implementation, or conditianal method
            </summary>
        </member>
        <member name="M:JetBrains.ReSharper.Psi.CSharp.Util.IsExpressionUtil.CompileTimeResult(JetBrains.ReSharper.Psi.IExpressionType,JetBrains.ReSharper.Psi.IType,JetBrains.ReSharper.Psi.CSharp.Impl.ICSharpTypeConversionRule)">
            <summary>
            According to C# specs 7.10.10
            </summary>
            <returns>null if expres</returns>
        </member>
        <member name="M:JetBrains.ReSharper.Psi.CSharp.Resolve.OverloadResolution.BetterFunctionMemberSelector.IsBetterFunctionMember(JetBrains.ReSharper.Psi.CSharp.Resolve.OverloadResolution.ApplicableCandidate,JetBrains.ReSharper.Psi.CSharp.Resolve.OverloadResolution.ApplicableCandidate)">
            <summary>
            "better function member" is defined in "C# Language Specification", 14.4.2.2
            NOTE: Both methods should be applicable!
            </summary>
            <returns>
            returns +1 if method1 is better function member for arguments
            returns -1 if candidate2 is better function member for arguments
            returns 0 otherwise
            </returns>
        </member>
        <member name="M:JetBrains.ReSharper.Psi.CSharp.Util.SwitchStatementUtil.ComputeGoverningType(JetBrains.ReSharper.Psi.IExpressionType,JetBrains.ReSharper.Psi.Modules.IPsiModule)">
            <summary>
            Computes the switch statement governing type by the type of switch expression.
            </summary>
            <returns>Unknown if governing type cannot be computed</returns>
        </member>
        <member name="M:JetBrains.ReSharper.Psi.CSharp.Impl.CodeStyle.ThisQualifierUtil.ThisQualifierNecessaryByStyle(JetBrains.ReSharper.Psi.CSharp.Tree.IReferenceExpression,JetBrains.ReSharper.Psi.CSharp.CodeStyle.FormatSettings.ThisQualifierStyle)">
            <summary>
            Look into code formatter settings to check if the "this." qualifier of the given expression should be
            counted as redundant
            </summary>
            <param name="expression">expression, whos qualifier is "this."</param>
            <param name="settings"></param>
            <returns><c>true</c> if 'this' qualifier should be used</returns>
        </member>
        <member name="M:JetBrains.ReSharper.Psi.CSharp.Util.XmlDocTemplateUtil.GetDocTemplate(JetBrains.ReSharper.Psi.Tree.IDocCommentBlockOwnerNode,System.Int32@)">
            <summary>
            Get the empty XML doc template for the given element
            </summary>
            <param name="owner"></param>
            <param name="cursor"></param>
            <returns>XML text without any comments (i.e. "///"). 
            Also the initial cursor position is returned in out parameter</returns>
        </member>
    </members>
</doc>
