<?xml version="1.0"?>
<doc>
    <assembly>
        <name>JetBrains.Platform.ReSharper.IDE</name>
    </assembly>
    <members>
        <member name="T:JetBrains.IDE.Resources.IdeThemedIcons">
             <summary>
              <para>
                <para>Autogenerated identifier classes and identifier objects to Themed Icons registered with <see cref="T:JetBrains.UI.Icons.IThemedIconManager"/>.</para>
                <para>Identifier classes should be used in attributes, XAML, or generic parameters. Where an <see cref="T:JetBrains.UI.Icons.IconId"/> value is expected, use the identifier object in the <c>Id</c> field of the identifier class.</para>
              </para>
            </summary>
            <remarks>
              <para>This code was compile-time generated to support Themed Icons in the JetBrains application.</para>
              <para>It has two primary goals: load the icons of this assembly to be registered with <see cref="T:JetBrains.UI.Icons.IThemedIconManager"/> so that they were WPF-accessible and theme-sensitive; and emit early-bound accessors for referencing icons in codebehind in a compile-time-validated manner.</para>
              <h1>XAML</h1>
              <para>For performance reasons, the icons are not individually exposed with application resources. There is a custom markup extension to bind an image source in markup.</para>
              <para>To use an icon from XAML, set an <see cref="T:System.Windows.Media.ImageSource"/> property to the <see cref="T:JetBrains.UI.Icons.ThemedIconExtension"/> markup extension, which takes an icon identifier class (nested in <see cref="T:JetBrains.IDE.Resources.IdeThemedIcons"/> class) as a parameter.</para>
              <para>Example:</para>
              <code>&lt;Image Source="{icons:ThemedIcon myres:IdeThemedIcons+Export}" /&gt;</code>
              <h1>Attributes</h1>
              <para>Sometimes you have to reference an icon from a type attriute when you're defining objects in code. Typical examples are Options pages and Tool Windows.</para>
              <para>To avoid the use of string IDs which are not validated very well, we've emitted identifier classes to be used with <c>typeof()</c> expression, one per each icon. Use the attribute overload which takes a <see cref="T:System.Type"/> for an image, and choose your icon class from nested classes in the <see cref="T:JetBrains.IDE.Resources.IdeThemedIcons"/> class.</para>
              <para>Example:</para>
              <code>[Item(Name="Sample", Icon=typeof(IdeThemedIcons.Export))]</code>
              <h1>CodeBehind</h1>
              <para>In codebehind, we have two distinct tasks: (a) specify some icon in the APIs and (b) render icon images onscreen.</para>
              <para>On the APIs stage you should only manipulate icon identifier objects (of type <see cref="T:JetBrains.UI.Icons.IconId"/>, statically defined in <see cref="T:JetBrains.IDE.Resources.IdeThemedIcons"/> in <c>Id</c> fields). Icon identifier classes (nested in <see cref="T:JetBrains.IDE.Resources.IdeThemedIcons"/>) should be turned into icon identifier objects as early as possible. Rendering is about getting an <see cref="T:System.Windows.Media.ImageSource"/> to assign to WPF, or <see cref="T:System.Drawing.Bitmap"/> to use with GDI+ / Windows Forms.</para>
              <para>You should turn an identifier object into a rendered image as late as possible. The identifier is static and lightweight and does not depend on the current theme, while the image is themed and has to be loaded or generated/rasterized. You need an <see cref="T:JetBrains.UI.Icons.IThemedIconManager"/> instance to get the image out of an icon identifier object. Once you got the image, you should take care to change it with theme changes — either by using a live image property, or by listening to the theme change event. See <see cref="T:JetBrains.UI.Icons.IThemedIconManager"/> and its extensions for the related facilities.</para>
              <para>Example:</para>
              <code>// Getting IconId identifier object to use with APIs
            IconId iconid = IdeThemedIcons.Export.Id;</code>
              <code>// Getting IconId out of an Icon Identifier Class type
            IconId iconid = CompiledIconClassAttribute.TryGetCompiledIconClassId(typeof(IdeThemedIcons.Export), OnError.Throw);</code>
              <code>// Getting image for screen rendering by IconId
            themediconmanager.Icons[icnoid]</code>
              <code>// Getting image for screen rendering by Icon Identifier Class
            themediconmanager.GetIcon&lt;IdeThemedIcons.Export&gt;()</code>
              <h1>Icons Origin</h1>
              <para>This code was generated by a pre-compile build task from a set of input files which are XAML files adhering to a certain convention, as convenient for exporting them from the Illustrator workspace, plus separate PNG files with raster icons. In the projects, these files are designated with <c>ThemedIconsXamlV3</c> and <c>ThemedIconPng</c> build actions and do not themselves get into the output assembly. All of such files are processed, vector images for different themes of the same icon are split and combined into the single list of icons in this assembly. This list is then written into the genearted XAML file (compiled into BAML within assembly), and serves as the source for this generated code.</para>
            </remarks>
        </member>
        <member name="T:JetBrains.IDE.Resources.IdeThemedIcons.Export">
             <summary>
              <para>
                <para>Autogenerated identifier class for the Export Themed Icon.</para>
                <para>Identifier classes should be used in attributes, XAML, or generic parameters. Where an <see cref="T:JetBrains.UI.Icons.IconId"/> value is expected, use the identifier object in the <see cref="F:JetBrains.IDE.Resources.IdeThemedIcons.Export.Id"/> field of the identifier class.</para>
              </para>
            </summary>
            <remarks>
              <para>For details on Themed Icons and their use, see Remarks on <see cref="T:JetBrains.IDE.Resources.IdeThemedIcons"/> class.</para>
            </remarks>
            <seealso cref="T:JetBrains.IDE.Resources.IdeThemedIcons"/>
            <example>
              <code>&lt;Image Source="{icons:ThemedIcon myres:IdeThemedIcons+Export}" /&gt;        &lt;!-- XAML --&gt;</code>
            </example>
            <example>
              <code>[Item(Name="Sample", Icon=typeof(IdeThemedIcons.Export))]        // C# Type attribute</code>
            </example>
            <example>
              <code>IconId iconid = IdeThemedIcons.Export.Id;        // IconId identifier object</code>
            </example>
            <example>
              <code>themediconmanager.GetIcon&lt;IdeThemedIcons.Export&gt;()        // Icon image for rendering</code>
            </example>
        </member>
        <member name="F:JetBrains.IDE.Resources.IdeThemedIcons.Export.Id">
             <summary>
              <para>
                <para>Autogenerated identifier object for the Export Themed Icon.</para>
                <para>Identifier objects should be used where an <see cref="T:JetBrains.UI.Icons.IconId"/> value is expected. In attributes, XAML, or generic parameters use the containing <see cref="T:JetBrains.IDE.Resources.IdeThemedIcons.Export"/> identifier class.</para>
              </para>
            </summary>
            <remarks>
              <para>For details on Themed Icons and their use, see Remarks on <see cref="T:JetBrains.IDE.Resources.IdeThemedIcons"/> class.</para>
            </remarks>
            <seealso cref="T:JetBrains.IDE.Resources.IdeThemedIcons"/>
            <example>
              <code>&lt;Image Source="{icons:ThemedIcon myres:IdeThemedIcons+Export}" /&gt;        &lt;!-- XAML --&gt;</code>
            </example>
            <example>
              <code>[Item(Name="Sample", Icon=typeof(IdeThemedIcons.Export))]        // C# Type attribute</code>
            </example>
            <example>
              <code>IconId iconid = IdeThemedIcons.Export.Id;        // IconId identifier object</code>
            </example>
            <example>
              <code>themediconmanager.GetIcon&lt;IdeThemedIcons.Export&gt;()        // Icon image for rendering</code>
            </example>
        </member>
        <member name="T:JetBrains.IDE.Resources.IdeThemedIcons.ExportHtml">
             <summary>
              <para>
                <para>Autogenerated identifier class for the ExportHtml Themed Icon.</para>
                <para>Identifier classes should be used in attributes, XAML, or generic parameters. Where an <see cref="T:JetBrains.UI.Icons.IconId"/> value is expected, use the identifier object in the <see cref="F:JetBrains.IDE.Resources.IdeThemedIcons.ExportHtml.Id"/> field of the identifier class.</para>
              </para>
            </summary>
            <remarks>
              <para>For details on Themed Icons and their use, see Remarks on <see cref="T:JetBrains.IDE.Resources.IdeThemedIcons"/> class.</para>
            </remarks>
            <seealso cref="T:JetBrains.IDE.Resources.IdeThemedIcons"/>
            <example>
              <code>&lt;Image Source="{icons:ThemedIcon myres:IdeThemedIcons+ExportHtml}" /&gt;        &lt;!-- XAML --&gt;</code>
            </example>
            <example>
              <code>[Item(Name="Sample", Icon=typeof(IdeThemedIcons.ExportHtml))]        // C# Type attribute</code>
            </example>
            <example>
              <code>IconId iconid = IdeThemedIcons.ExportHtml.Id;        // IconId identifier object</code>
            </example>
            <example>
              <code>themediconmanager.GetIcon&lt;IdeThemedIcons.ExportHtml&gt;()        // Icon image for rendering</code>
            </example>
        </member>
        <member name="F:JetBrains.IDE.Resources.IdeThemedIcons.ExportHtml.Id">
             <summary>
              <para>
                <para>Autogenerated identifier object for the ExportHtml Themed Icon.</para>
                <para>Identifier objects should be used where an <see cref="T:JetBrains.UI.Icons.IconId"/> value is expected. In attributes, XAML, or generic parameters use the containing <see cref="T:JetBrains.IDE.Resources.IdeThemedIcons.ExportHtml"/> identifier class.</para>
              </para>
            </summary>
            <remarks>
              <para>For details on Themed Icons and their use, see Remarks on <see cref="T:JetBrains.IDE.Resources.IdeThemedIcons"/> class.</para>
            </remarks>
            <seealso cref="T:JetBrains.IDE.Resources.IdeThemedIcons"/>
            <example>
              <code>&lt;Image Source="{icons:ThemedIcon myres:IdeThemedIcons+ExportHtml}" /&gt;        &lt;!-- XAML --&gt;</code>
            </example>
            <example>
              <code>[Item(Name="Sample", Icon=typeof(IdeThemedIcons.ExportHtml))]        // C# Type attribute</code>
            </example>
            <example>
              <code>IconId iconid = IdeThemedIcons.ExportHtml.Id;        // IconId identifier object</code>
            </example>
            <example>
              <code>themediconmanager.GetIcon&lt;IdeThemedIcons.ExportHtml&gt;()        // Icon image for rendering</code>
            </example>
        </member>
        <member name="T:JetBrains.IDE.Resources.IdeThemedIcons.ExportText">
             <summary>
              <para>
                <para>Autogenerated identifier class for the ExportText Themed Icon.</para>
                <para>Identifier classes should be used in attributes, XAML, or generic parameters. Where an <see cref="T:JetBrains.UI.Icons.IconId"/> value is expected, use the identifier object in the <see cref="F:JetBrains.IDE.Resources.IdeThemedIcons.ExportText.Id"/> field of the identifier class.</para>
              </para>
            </summary>
            <remarks>
              <para>For details on Themed Icons and their use, see Remarks on <see cref="T:JetBrains.IDE.Resources.IdeThemedIcons"/> class.</para>
            </remarks>
            <seealso cref="T:JetBrains.IDE.Resources.IdeThemedIcons"/>
            <example>
              <code>&lt;Image Source="{icons:ThemedIcon myres:IdeThemedIcons+ExportText}" /&gt;        &lt;!-- XAML --&gt;</code>
            </example>
            <example>
              <code>[Item(Name="Sample", Icon=typeof(IdeThemedIcons.ExportText))]        // C# Type attribute</code>
            </example>
            <example>
              <code>IconId iconid = IdeThemedIcons.ExportText.Id;        // IconId identifier object</code>
            </example>
            <example>
              <code>themediconmanager.GetIcon&lt;IdeThemedIcons.ExportText&gt;()        // Icon image for rendering</code>
            </example>
        </member>
        <member name="F:JetBrains.IDE.Resources.IdeThemedIcons.ExportText.Id">
             <summary>
              <para>
                <para>Autogenerated identifier object for the ExportText Themed Icon.</para>
                <para>Identifier objects should be used where an <see cref="T:JetBrains.UI.Icons.IconId"/> value is expected. In attributes, XAML, or generic parameters use the containing <see cref="T:JetBrains.IDE.Resources.IdeThemedIcons.ExportText"/> identifier class.</para>
              </para>
            </summary>
            <remarks>
              <para>For details on Themed Icons and their use, see Remarks on <see cref="T:JetBrains.IDE.Resources.IdeThemedIcons"/> class.</para>
            </remarks>
            <seealso cref="T:JetBrains.IDE.Resources.IdeThemedIcons"/>
            <example>
              <code>&lt;Image Source="{icons:ThemedIcon myres:IdeThemedIcons+ExportText}" /&gt;        &lt;!-- XAML --&gt;</code>
            </example>
            <example>
              <code>[Item(Name="Sample", Icon=typeof(IdeThemedIcons.ExportText))]        // C# Type attribute</code>
            </example>
            <example>
              <code>IconId iconid = IdeThemedIcons.ExportText.Id;        // IconId identifier object</code>
            </example>
            <example>
              <code>themediconmanager.GetIcon&lt;IdeThemedIcons.ExportText&gt;()        // Icon image for rendering</code>
            </example>
        </member>
        <member name="T:JetBrains.IDE.Resources.IdeThemedIcons.ExportXml">
             <summary>
              <para>
                <para>Autogenerated identifier class for the ExportXml Themed Icon.</para>
                <para>Identifier classes should be used in attributes, XAML, or generic parameters. Where an <see cref="T:JetBrains.UI.Icons.IconId"/> value is expected, use the identifier object in the <see cref="F:JetBrains.IDE.Resources.IdeThemedIcons.ExportXml.Id"/> field of the identifier class.</para>
              </para>
            </summary>
            <remarks>
              <para>For details on Themed Icons and their use, see Remarks on <see cref="T:JetBrains.IDE.Resources.IdeThemedIcons"/> class.</para>
            </remarks>
            <seealso cref="T:JetBrains.IDE.Resources.IdeThemedIcons"/>
            <example>
              <code>&lt;Image Source="{icons:ThemedIcon myres:IdeThemedIcons+ExportXml}" /&gt;        &lt;!-- XAML --&gt;</code>
            </example>
            <example>
              <code>[Item(Name="Sample", Icon=typeof(IdeThemedIcons.ExportXml))]        // C# Type attribute</code>
            </example>
            <example>
              <code>IconId iconid = IdeThemedIcons.ExportXml.Id;        // IconId identifier object</code>
            </example>
            <example>
              <code>themediconmanager.GetIcon&lt;IdeThemedIcons.ExportXml&gt;()        // Icon image for rendering</code>
            </example>
        </member>
        <member name="F:JetBrains.IDE.Resources.IdeThemedIcons.ExportXml.Id">
             <summary>
              <para>
                <para>Autogenerated identifier object for the ExportXml Themed Icon.</para>
                <para>Identifier objects should be used where an <see cref="T:JetBrains.UI.Icons.IconId"/> value is expected. In attributes, XAML, or generic parameters use the containing <see cref="T:JetBrains.IDE.Resources.IdeThemedIcons.ExportXml"/> identifier class.</para>
              </para>
            </summary>
            <remarks>
              <para>For details on Themed Icons and their use, see Remarks on <see cref="T:JetBrains.IDE.Resources.IdeThemedIcons"/> class.</para>
            </remarks>
            <seealso cref="T:JetBrains.IDE.Resources.IdeThemedIcons"/>
            <example>
              <code>&lt;Image Source="{icons:ThemedIcon myres:IdeThemedIcons+ExportXml}" /&gt;        &lt;!-- XAML --&gt;</code>
            </example>
            <example>
              <code>[Item(Name="Sample", Icon=typeof(IdeThemedIcons.ExportXml))]        // C# Type attribute</code>
            </example>
            <example>
              <code>IconId iconid = IdeThemedIcons.ExportXml.Id;        // IconId identifier object</code>
            </example>
            <example>
              <code>themediconmanager.GetIcon&lt;IdeThemedIcons.ExportXml&gt;()        // Icon image for rendering</code>
            </example>
        </member>
        <member name="T:JetBrains.IDE.Resources.IdeThemedIcons.HtmlDocument">
             <summary>
              <para>
                <para>Autogenerated identifier class for the HtmlDocument Themed Icon.</para>
                <para>Identifier classes should be used in attributes, XAML, or generic parameters. Where an <see cref="T:JetBrains.UI.Icons.IconId"/> value is expected, use the identifier object in the <see cref="F:JetBrains.IDE.Resources.IdeThemedIcons.HtmlDocument.Id"/> field of the identifier class.</para>
              </para>
            </summary>
            <remarks>
              <para>For details on Themed Icons and their use, see Remarks on <see cref="T:JetBrains.IDE.Resources.IdeThemedIcons"/> class.</para>
            </remarks>
            <seealso cref="T:JetBrains.IDE.Resources.IdeThemedIcons"/>
            <example>
              <code>&lt;Image Source="{icons:ThemedIcon myres:IdeThemedIcons+HtmlDocument}" /&gt;        &lt;!-- XAML --&gt;</code>
            </example>
            <example>
              <code>[Item(Name="Sample", Icon=typeof(IdeThemedIcons.HtmlDocument))]        // C# Type attribute</code>
            </example>
            <example>
              <code>IconId iconid = IdeThemedIcons.HtmlDocument.Id;        // IconId identifier object</code>
            </example>
            <example>
              <code>themediconmanager.GetIcon&lt;IdeThemedIcons.HtmlDocument&gt;()        // Icon image for rendering</code>
            </example>
        </member>
        <member name="F:JetBrains.IDE.Resources.IdeThemedIcons.HtmlDocument.Id">
             <summary>
              <para>
                <para>Autogenerated identifier object for the HtmlDocument Themed Icon.</para>
                <para>Identifier objects should be used where an <see cref="T:JetBrains.UI.Icons.IconId"/> value is expected. In attributes, XAML, or generic parameters use the containing <see cref="T:JetBrains.IDE.Resources.IdeThemedIcons.HtmlDocument"/> identifier class.</para>
              </para>
            </summary>
            <remarks>
              <para>For details on Themed Icons and their use, see Remarks on <see cref="T:JetBrains.IDE.Resources.IdeThemedIcons"/> class.</para>
            </remarks>
            <seealso cref="T:JetBrains.IDE.Resources.IdeThemedIcons"/>
            <example>
              <code>&lt;Image Source="{icons:ThemedIcon myres:IdeThemedIcons+HtmlDocument}" /&gt;        &lt;!-- XAML --&gt;</code>
            </example>
            <example>
              <code>[Item(Name="Sample", Icon=typeof(IdeThemedIcons.HtmlDocument))]        // C# Type attribute</code>
            </example>
            <example>
              <code>IconId iconid = IdeThemedIcons.HtmlDocument.Id;        // IconId identifier object</code>
            </example>
            <example>
              <code>themediconmanager.GetIcon&lt;IdeThemedIcons.HtmlDocument&gt;()        // Icon image for rendering</code>
            </example>
        </member>
        <member name="T:JetBrains.IDE.Resources.IdeThemedIcons.MergeOccurences">
             <summary>
              <para>
                <para>Autogenerated identifier class for the MergeOccurences Themed Icon.</para>
                <para>Identifier classes should be used in attributes, XAML, or generic parameters. Where an <see cref="T:JetBrains.UI.Icons.IconId"/> value is expected, use the identifier object in the <see cref="F:JetBrains.IDE.Resources.IdeThemedIcons.MergeOccurences.Id"/> field of the identifier class.</para>
              </para>
            </summary>
            <remarks>
              <para>For details on Themed Icons and their use, see Remarks on <see cref="T:JetBrains.IDE.Resources.IdeThemedIcons"/> class.</para>
            </remarks>
            <seealso cref="T:JetBrains.IDE.Resources.IdeThemedIcons"/>
            <example>
              <code>&lt;Image Source="{icons:ThemedIcon myres:IdeThemedIcons+MergeOccurences}" /&gt;        &lt;!-- XAML --&gt;</code>
            </example>
            <example>
              <code>[Item(Name="Sample", Icon=typeof(IdeThemedIcons.MergeOccurences))]        // C# Type attribute</code>
            </example>
            <example>
              <code>IconId iconid = IdeThemedIcons.MergeOccurences.Id;        // IconId identifier object</code>
            </example>
            <example>
              <code>themediconmanager.GetIcon&lt;IdeThemedIcons.MergeOccurences&gt;()        // Icon image for rendering</code>
            </example>
        </member>
        <member name="F:JetBrains.IDE.Resources.IdeThemedIcons.MergeOccurences.Id">
             <summary>
              <para>
                <para>Autogenerated identifier object for the MergeOccurences Themed Icon.</para>
                <para>Identifier objects should be used where an <see cref="T:JetBrains.UI.Icons.IconId"/> value is expected. In attributes, XAML, or generic parameters use the containing <see cref="T:JetBrains.IDE.Resources.IdeThemedIcons.MergeOccurences"/> identifier class.</para>
              </para>
            </summary>
            <remarks>
              <para>For details on Themed Icons and their use, see Remarks on <see cref="T:JetBrains.IDE.Resources.IdeThemedIcons"/> class.</para>
            </remarks>
            <seealso cref="T:JetBrains.IDE.Resources.IdeThemedIcons"/>
            <example>
              <code>&lt;Image Source="{icons:ThemedIcon myres:IdeThemedIcons+MergeOccurences}" /&gt;        &lt;!-- XAML --&gt;</code>
            </example>
            <example>
              <code>[Item(Name="Sample", Icon=typeof(IdeThemedIcons.MergeOccurences))]        // C# Type attribute</code>
            </example>
            <example>
              <code>IconId iconid = IdeThemedIcons.MergeOccurences.Id;        // IconId identifier object</code>
            </example>
            <example>
              <code>themediconmanager.GetIcon&lt;IdeThemedIcons.MergeOccurences&gt;()        // Icon image for rendering</code>
            </example>
        </member>
        <member name="T:JetBrains.IDE.Resources.IdeThemedIcons.PreviewToggle">
             <summary>
              <para>
                <para>Autogenerated identifier class for the PreviewToggle Themed Icon.</para>
                <para>Identifier classes should be used in attributes, XAML, or generic parameters. Where an <see cref="T:JetBrains.UI.Icons.IconId"/> value is expected, use the identifier object in the <see cref="F:JetBrains.IDE.Resources.IdeThemedIcons.PreviewToggle.Id"/> field of the identifier class.</para>
              </para>
            </summary>
            <remarks>
              <para>For details on Themed Icons and their use, see Remarks on <see cref="T:JetBrains.IDE.Resources.IdeThemedIcons"/> class.</para>
            </remarks>
            <seealso cref="T:JetBrains.IDE.Resources.IdeThemedIcons"/>
            <example>
              <code>&lt;Image Source="{icons:ThemedIcon myres:IdeThemedIcons+PreviewToggle}" /&gt;        &lt;!-- XAML --&gt;</code>
            </example>
            <example>
              <code>[Item(Name="Sample", Icon=typeof(IdeThemedIcons.PreviewToggle))]        // C# Type attribute</code>
            </example>
            <example>
              <code>IconId iconid = IdeThemedIcons.PreviewToggle.Id;        // IconId identifier object</code>
            </example>
            <example>
              <code>themediconmanager.GetIcon&lt;IdeThemedIcons.PreviewToggle&gt;()        // Icon image for rendering</code>
            </example>
        </member>
        <member name="F:JetBrains.IDE.Resources.IdeThemedIcons.PreviewToggle.Id">
             <summary>
              <para>
                <para>Autogenerated identifier object for the PreviewToggle Themed Icon.</para>
                <para>Identifier objects should be used where an <see cref="T:JetBrains.UI.Icons.IconId"/> value is expected. In attributes, XAML, or generic parameters use the containing <see cref="T:JetBrains.IDE.Resources.IdeThemedIcons.PreviewToggle"/> identifier class.</para>
              </para>
            </summary>
            <remarks>
              <para>For details on Themed Icons and their use, see Remarks on <see cref="T:JetBrains.IDE.Resources.IdeThemedIcons"/> class.</para>
            </remarks>
            <seealso cref="T:JetBrains.IDE.Resources.IdeThemedIcons"/>
            <example>
              <code>&lt;Image Source="{icons:ThemedIcon myres:IdeThemedIcons+PreviewToggle}" /&gt;        &lt;!-- XAML --&gt;</code>
            </example>
            <example>
              <code>[Item(Name="Sample", Icon=typeof(IdeThemedIcons.PreviewToggle))]        // C# Type attribute</code>
            </example>
            <example>
              <code>IconId iconid = IdeThemedIcons.PreviewToggle.Id;        // IconId identifier object</code>
            </example>
            <example>
              <code>themediconmanager.GetIcon&lt;IdeThemedIcons.PreviewToggle&gt;()        // Icon image for rendering</code>
            </example>
        </member>
        <member name="T:JetBrains.IDE.Resources.IdeThemedIcons.SearchResults">
             <summary>
              <para>
                <para>Autogenerated identifier class for the SearchResults Themed Icon.</para>
                <para>Identifier classes should be used in attributes, XAML, or generic parameters. Where an <see cref="T:JetBrains.UI.Icons.IconId"/> value is expected, use the identifier object in the <see cref="F:JetBrains.IDE.Resources.IdeThemedIcons.SearchResults.Id"/> field of the identifier class.</para>
              </para>
            </summary>
            <remarks>
              <para>For details on Themed Icons and their use, see Remarks on <see cref="T:JetBrains.IDE.Resources.IdeThemedIcons"/> class.</para>
            </remarks>
            <seealso cref="T:JetBrains.IDE.Resources.IdeThemedIcons"/>
            <example>
              <code>&lt;Image Source="{icons:ThemedIcon myres:IdeThemedIcons+SearchResults}" /&gt;        &lt;!-- XAML --&gt;</code>
            </example>
            <example>
              <code>[Item(Name="Sample", Icon=typeof(IdeThemedIcons.SearchResults))]        // C# Type attribute</code>
            </example>
            <example>
              <code>IconId iconid = IdeThemedIcons.SearchResults.Id;        // IconId identifier object</code>
            </example>
            <example>
              <code>themediconmanager.GetIcon&lt;IdeThemedIcons.SearchResults&gt;()        // Icon image for rendering</code>
            </example>
        </member>
        <member name="F:JetBrains.IDE.Resources.IdeThemedIcons.SearchResults.Id">
             <summary>
              <para>
                <para>Autogenerated identifier object for the SearchResults Themed Icon.</para>
                <para>Identifier objects should be used where an <see cref="T:JetBrains.UI.Icons.IconId"/> value is expected. In attributes, XAML, or generic parameters use the containing <see cref="T:JetBrains.IDE.Resources.IdeThemedIcons.SearchResults"/> identifier class.</para>
              </para>
            </summary>
            <remarks>
              <para>For details on Themed Icons and their use, see Remarks on <see cref="T:JetBrains.IDE.Resources.IdeThemedIcons"/> class.</para>
            </remarks>
            <seealso cref="T:JetBrains.IDE.Resources.IdeThemedIcons"/>
            <example>
              <code>&lt;Image Source="{icons:ThemedIcon myres:IdeThemedIcons+SearchResults}" /&gt;        &lt;!-- XAML --&gt;</code>
            </example>
            <example>
              <code>[Item(Name="Sample", Icon=typeof(IdeThemedIcons.SearchResults))]        // C# Type attribute</code>
            </example>
            <example>
              <code>IconId iconid = IdeThemedIcons.SearchResults.Id;        // IconId identifier object</code>
            </example>
            <example>
              <code>themediconmanager.GetIcon&lt;IdeThemedIcons.SearchResults&gt;()        // Icon image for rendering</code>
            </example>
        </member>
        <member name="T:JetBrains.IDE.Resources.IdeThemedIcons.SearchResultsWindow">
             <summary>
              <para>
                <para>Autogenerated identifier class for the SearchResultsWindow Themed Icon.</para>
                <para>Identifier classes should be used in attributes, XAML, or generic parameters. Where an <see cref="T:JetBrains.UI.Icons.IconId"/> value is expected, use the identifier object in the <see cref="F:JetBrains.IDE.Resources.IdeThemedIcons.SearchResultsWindow.Id"/> field of the identifier class.</para>
              </para>
            </summary>
            <remarks>
              <para>For details on Themed Icons and their use, see Remarks on <see cref="T:JetBrains.IDE.Resources.IdeThemedIcons"/> class.</para>
            </remarks>
            <seealso cref="T:JetBrains.IDE.Resources.IdeThemedIcons"/>
            <example>
              <code>&lt;Image Source="{icons:ThemedIcon myres:IdeThemedIcons+SearchResultsWindow}" /&gt;        &lt;!-- XAML --&gt;</code>
            </example>
            <example>
              <code>[Item(Name="Sample", Icon=typeof(IdeThemedIcons.SearchResultsWindow))]        // C# Type attribute</code>
            </example>
            <example>
              <code>IconId iconid = IdeThemedIcons.SearchResultsWindow.Id;        // IconId identifier object</code>
            </example>
            <example>
              <code>themediconmanager.GetIcon&lt;IdeThemedIcons.SearchResultsWindow&gt;()        // Icon image for rendering</code>
            </example>
        </member>
        <member name="F:JetBrains.IDE.Resources.IdeThemedIcons.SearchResultsWindow.Id">
             <summary>
              <para>
                <para>Autogenerated identifier object for the SearchResultsWindow Themed Icon.</para>
                <para>Identifier objects should be used where an <see cref="T:JetBrains.UI.Icons.IconId"/> value is expected. In attributes, XAML, or generic parameters use the containing <see cref="T:JetBrains.IDE.Resources.IdeThemedIcons.SearchResultsWindow"/> identifier class.</para>
              </para>
            </summary>
            <remarks>
              <para>For details on Themed Icons and their use, see Remarks on <see cref="T:JetBrains.IDE.Resources.IdeThemedIcons"/> class.</para>
            </remarks>
            <seealso cref="T:JetBrains.IDE.Resources.IdeThemedIcons"/>
            <example>
              <code>&lt;Image Source="{icons:ThemedIcon myres:IdeThemedIcons+SearchResultsWindow}" /&gt;        &lt;!-- XAML --&gt;</code>
            </example>
            <example>
              <code>[Item(Name="Sample", Icon=typeof(IdeThemedIcons.SearchResultsWindow))]        // C# Type attribute</code>
            </example>
            <example>
              <code>IconId iconid = IdeThemedIcons.SearchResultsWindow.Id;        // IconId identifier object</code>
            </example>
            <example>
              <code>themediconmanager.GetIcon&lt;IdeThemedIcons.SearchResultsWindow&gt;()        // Icon image for rendering</code>
            </example>
        </member>
        <member name="T:JetBrains.IDE.Resources.IdeThemedIcons.TextDocument">
             <summary>
              <para>
                <para>Autogenerated identifier class for the TextDocument Themed Icon.</para>
                <para>Identifier classes should be used in attributes, XAML, or generic parameters. Where an <see cref="T:JetBrains.UI.Icons.IconId"/> value is expected, use the identifier object in the <see cref="F:JetBrains.IDE.Resources.IdeThemedIcons.TextDocument.Id"/> field of the identifier class.</para>
              </para>
            </summary>
            <remarks>
              <para>For details on Themed Icons and their use, see Remarks on <see cref="T:JetBrains.IDE.Resources.IdeThemedIcons"/> class.</para>
            </remarks>
            <seealso cref="T:JetBrains.IDE.Resources.IdeThemedIcons"/>
            <example>
              <code>&lt;Image Source="{icons:ThemedIcon myres:IdeThemedIcons+TextDocument}" /&gt;        &lt;!-- XAML --&gt;</code>
            </example>
            <example>
              <code>[Item(Name="Sample", Icon=typeof(IdeThemedIcons.TextDocument))]        // C# Type attribute</code>
            </example>
            <example>
              <code>IconId iconid = IdeThemedIcons.TextDocument.Id;        // IconId identifier object</code>
            </example>
            <example>
              <code>themediconmanager.GetIcon&lt;IdeThemedIcons.TextDocument&gt;()        // Icon image for rendering</code>
            </example>
        </member>
        <member name="F:JetBrains.IDE.Resources.IdeThemedIcons.TextDocument.Id">
             <summary>
              <para>
                <para>Autogenerated identifier object for the TextDocument Themed Icon.</para>
                <para>Identifier objects should be used where an <see cref="T:JetBrains.UI.Icons.IconId"/> value is expected. In attributes, XAML, or generic parameters use the containing <see cref="T:JetBrains.IDE.Resources.IdeThemedIcons.TextDocument"/> identifier class.</para>
              </para>
            </summary>
            <remarks>
              <para>For details on Themed Icons and their use, see Remarks on <see cref="T:JetBrains.IDE.Resources.IdeThemedIcons"/> class.</para>
            </remarks>
            <seealso cref="T:JetBrains.IDE.Resources.IdeThemedIcons"/>
            <example>
              <code>&lt;Image Source="{icons:ThemedIcon myres:IdeThemedIcons+TextDocument}" /&gt;        &lt;!-- XAML --&gt;</code>
            </example>
            <example>
              <code>[Item(Name="Sample", Icon=typeof(IdeThemedIcons.TextDocument))]        // C# Type attribute</code>
            </example>
            <example>
              <code>IconId iconid = IdeThemedIcons.TextDocument.Id;        // IconId identifier object</code>
            </example>
            <example>
              <code>themediconmanager.GetIcon&lt;IdeThemedIcons.TextDocument&gt;()        // Icon image for rendering</code>
            </example>
        </member>
        <member name="T:JetBrains.IDE.Resources.IdeThemedIcons.Tools">
             <summary>
              <para>
                <para>Autogenerated identifier class for the Tools Themed Icon.</para>
                <para>Identifier classes should be used in attributes, XAML, or generic parameters. Where an <see cref="T:JetBrains.UI.Icons.IconId"/> value is expected, use the identifier object in the <see cref="F:JetBrains.IDE.Resources.IdeThemedIcons.Tools.Id"/> field of the identifier class.</para>
              </para>
            </summary>
            <remarks>
              <para>For details on Themed Icons and their use, see Remarks on <see cref="T:JetBrains.IDE.Resources.IdeThemedIcons"/> class.</para>
            </remarks>
            <seealso cref="T:JetBrains.IDE.Resources.IdeThemedIcons"/>
            <example>
              <code>&lt;Image Source="{icons:ThemedIcon myres:IdeThemedIcons+Tools}" /&gt;        &lt;!-- XAML --&gt;</code>
            </example>
            <example>
              <code>[Item(Name="Sample", Icon=typeof(IdeThemedIcons.Tools))]        // C# Type attribute</code>
            </example>
            <example>
              <code>IconId iconid = IdeThemedIcons.Tools.Id;        // IconId identifier object</code>
            </example>
            <example>
              <code>themediconmanager.GetIcon&lt;IdeThemedIcons.Tools&gt;()        // Icon image for rendering</code>
            </example>
        </member>
        <member name="F:JetBrains.IDE.Resources.IdeThemedIcons.Tools.Id">
             <summary>
              <para>
                <para>Autogenerated identifier object for the Tools Themed Icon.</para>
                <para>Identifier objects should be used where an <see cref="T:JetBrains.UI.Icons.IconId"/> value is expected. In attributes, XAML, or generic parameters use the containing <see cref="T:JetBrains.IDE.Resources.IdeThemedIcons.Tools"/> identifier class.</para>
              </para>
            </summary>
            <remarks>
              <para>For details on Themed Icons and their use, see Remarks on <see cref="T:JetBrains.IDE.Resources.IdeThemedIcons"/> class.</para>
            </remarks>
            <seealso cref="T:JetBrains.IDE.Resources.IdeThemedIcons"/>
            <example>
              <code>&lt;Image Source="{icons:ThemedIcon myres:IdeThemedIcons+Tools}" /&gt;        &lt;!-- XAML --&gt;</code>
            </example>
            <example>
              <code>[Item(Name="Sample", Icon=typeof(IdeThemedIcons.Tools))]        // C# Type attribute</code>
            </example>
            <example>
              <code>IconId iconid = IdeThemedIcons.Tools.Id;        // IconId identifier object</code>
            </example>
            <example>
              <code>themediconmanager.GetIcon&lt;IdeThemedIcons.Tools&gt;()        // Icon image for rendering</code>
            </example>
        </member>
        <member name="T:JetBrains.IDE.Resources.IdeThemedIcons.UsageAll">
             <summary>
              <para>
                <para>Autogenerated identifier class for the UsageAll Themed Icon.</para>
                <para>Identifier classes should be used in attributes, XAML, or generic parameters. Where an <see cref="T:JetBrains.UI.Icons.IconId"/> value is expected, use the identifier object in the <see cref="F:JetBrains.IDE.Resources.IdeThemedIcons.UsageAll.Id"/> field of the identifier class.</para>
              </para>
            </summary>
            <remarks>
              <para>For details on Themed Icons and their use, see Remarks on <see cref="T:JetBrains.IDE.Resources.IdeThemedIcons"/> class.</para>
            </remarks>
            <seealso cref="T:JetBrains.IDE.Resources.IdeThemedIcons"/>
            <example>
              <code>&lt;Image Source="{icons:ThemedIcon myres:IdeThemedIcons+UsageAll}" /&gt;        &lt;!-- XAML --&gt;</code>
            </example>
            <example>
              <code>[Item(Name="Sample", Icon=typeof(IdeThemedIcons.UsageAll))]        // C# Type attribute</code>
            </example>
            <example>
              <code>IconId iconid = IdeThemedIcons.UsageAll.Id;        // IconId identifier object</code>
            </example>
            <example>
              <code>themediconmanager.GetIcon&lt;IdeThemedIcons.UsageAll&gt;()        // Icon image for rendering</code>
            </example>
        </member>
        <member name="F:JetBrains.IDE.Resources.IdeThemedIcons.UsageAll.Id">
             <summary>
              <para>
                <para>Autogenerated identifier object for the UsageAll Themed Icon.</para>
                <para>Identifier objects should be used where an <see cref="T:JetBrains.UI.Icons.IconId"/> value is expected. In attributes, XAML, or generic parameters use the containing <see cref="T:JetBrains.IDE.Resources.IdeThemedIcons.UsageAll"/> identifier class.</para>
              </para>
            </summary>
            <remarks>
              <para>For details on Themed Icons and their use, see Remarks on <see cref="T:JetBrains.IDE.Resources.IdeThemedIcons"/> class.</para>
            </remarks>
            <seealso cref="T:JetBrains.IDE.Resources.IdeThemedIcons"/>
            <example>
              <code>&lt;Image Source="{icons:ThemedIcon myres:IdeThemedIcons+UsageAll}" /&gt;        &lt;!-- XAML --&gt;</code>
            </example>
            <example>
              <code>[Item(Name="Sample", Icon=typeof(IdeThemedIcons.UsageAll))]        // C# Type attribute</code>
            </example>
            <example>
              <code>IconId iconid = IdeThemedIcons.UsageAll.Id;        // IconId identifier object</code>
            </example>
            <example>
              <code>themediconmanager.GetIcon&lt;IdeThemedIcons.UsageAll&gt;()        // Icon image for rendering</code>
            </example>
        </member>
        <member name="T:JetBrains.IDE.Resources.IdeThemedIcons.UsageAttribute">
             <summary>
              <para>
                <para>Autogenerated identifier class for the UsageAttribute Themed Icon.</para>
                <para>Identifier classes should be used in attributes, XAML, or generic parameters. Where an <see cref="T:JetBrains.UI.Icons.IconId"/> value is expected, use the identifier object in the <see cref="F:JetBrains.IDE.Resources.IdeThemedIcons.UsageAttribute.Id"/> field of the identifier class.</para>
              </para>
            </summary>
            <remarks>
              <para>For details on Themed Icons and their use, see Remarks on <see cref="T:JetBrains.IDE.Resources.IdeThemedIcons"/> class.</para>
            </remarks>
            <seealso cref="T:JetBrains.IDE.Resources.IdeThemedIcons"/>
            <example>
              <code>&lt;Image Source="{icons:ThemedIcon myres:IdeThemedIcons+UsageAttribute}" /&gt;        &lt;!-- XAML --&gt;</code>
            </example>
            <example>
              <code>[Item(Name="Sample", Icon=typeof(IdeThemedIcons.UsageAttribute))]        // C# Type attribute</code>
            </example>
            <example>
              <code>IconId iconid = IdeThemedIcons.UsageAttribute.Id;        // IconId identifier object</code>
            </example>
            <example>
              <code>themediconmanager.GetIcon&lt;IdeThemedIcons.UsageAttribute&gt;()        // Icon image for rendering</code>
            </example>
        </member>
        <member name="F:JetBrains.IDE.Resources.IdeThemedIcons.UsageAttribute.Id">
             <summary>
              <para>
                <para>Autogenerated identifier object for the UsageAttribute Themed Icon.</para>
                <para>Identifier objects should be used where an <see cref="T:JetBrains.UI.Icons.IconId"/> value is expected. In attributes, XAML, or generic parameters use the containing <see cref="T:JetBrains.IDE.Resources.IdeThemedIcons.UsageAttribute"/> identifier class.</para>
              </para>
            </summary>
            <remarks>
              <para>For details on Themed Icons and their use, see Remarks on <see cref="T:JetBrains.IDE.Resources.IdeThemedIcons"/> class.</para>
            </remarks>
            <seealso cref="T:JetBrains.IDE.Resources.IdeThemedIcons"/>
            <example>
              <code>&lt;Image Source="{icons:ThemedIcon myres:IdeThemedIcons+UsageAttribute}" /&gt;        &lt;!-- XAML --&gt;</code>
            </example>
            <example>
              <code>[Item(Name="Sample", Icon=typeof(IdeThemedIcons.UsageAttribute))]        // C# Type attribute</code>
            </example>
            <example>
              <code>IconId iconid = IdeThemedIcons.UsageAttribute.Id;        // IconId identifier object</code>
            </example>
            <example>
              <code>themediconmanager.GetIcon&lt;IdeThemedIcons.UsageAttribute&gt;()        // Icon image for rendering</code>
            </example>
        </member>
        <member name="T:JetBrains.IDE.Resources.IdeThemedIcons.UsageDocumentation">
             <summary>
              <para>
                <para>Autogenerated identifier class for the UsageDocumentation Themed Icon.</para>
                <para>Identifier classes should be used in attributes, XAML, or generic parameters. Where an <see cref="T:JetBrains.UI.Icons.IconId"/> value is expected, use the identifier object in the <see cref="F:JetBrains.IDE.Resources.IdeThemedIcons.UsageDocumentation.Id"/> field of the identifier class.</para>
              </para>
            </summary>
            <remarks>
              <para>For details on Themed Icons and their use, see Remarks on <see cref="T:JetBrains.IDE.Resources.IdeThemedIcons"/> class.</para>
            </remarks>
            <seealso cref="T:JetBrains.IDE.Resources.IdeThemedIcons"/>
            <example>
              <code>&lt;Image Source="{icons:ThemedIcon myres:IdeThemedIcons+UsageDocumentation}" /&gt;        &lt;!-- XAML --&gt;</code>
            </example>
            <example>
              <code>[Item(Name="Sample", Icon=typeof(IdeThemedIcons.UsageDocumentation))]        // C# Type attribute</code>
            </example>
            <example>
              <code>IconId iconid = IdeThemedIcons.UsageDocumentation.Id;        // IconId identifier object</code>
            </example>
            <example>
              <code>themediconmanager.GetIcon&lt;IdeThemedIcons.UsageDocumentation&gt;()        // Icon image for rendering</code>
            </example>
        </member>
        <member name="F:JetBrains.IDE.Resources.IdeThemedIcons.UsageDocumentation.Id">
             <summary>
              <para>
                <para>Autogenerated identifier object for the UsageDocumentation Themed Icon.</para>
                <para>Identifier objects should be used where an <see cref="T:JetBrains.UI.Icons.IconId"/> value is expected. In attributes, XAML, or generic parameters use the containing <see cref="T:JetBrains.IDE.Resources.IdeThemedIcons.UsageDocumentation"/> identifier class.</para>
              </para>
            </summary>
            <remarks>
              <para>For details on Themed Icons and their use, see Remarks on <see cref="T:JetBrains.IDE.Resources.IdeThemedIcons"/> class.</para>
            </remarks>
            <seealso cref="T:JetBrains.IDE.Resources.IdeThemedIcons"/>
            <example>
              <code>&lt;Image Source="{icons:ThemedIcon myres:IdeThemedIcons+UsageDocumentation}" /&gt;        &lt;!-- XAML --&gt;</code>
            </example>
            <example>
              <code>[Item(Name="Sample", Icon=typeof(IdeThemedIcons.UsageDocumentation))]        // C# Type attribute</code>
            </example>
            <example>
              <code>IconId iconid = IdeThemedIcons.UsageDocumentation.Id;        // IconId identifier object</code>
            </example>
            <example>
              <code>themediconmanager.GetIcon&lt;IdeThemedIcons.UsageDocumentation&gt;()        // Icon image for rendering</code>
            </example>
        </member>
        <member name="T:JetBrains.IDE.Resources.IdeThemedIcons.UsageInvocation">
             <summary>
              <para>
                <para>Autogenerated identifier class for the UsageInvocation Themed Icon.</para>
                <para>Identifier classes should be used in attributes, XAML, or generic parameters. Where an <see cref="T:JetBrains.UI.Icons.IconId"/> value is expected, use the identifier object in the <see cref="F:JetBrains.IDE.Resources.IdeThemedIcons.UsageInvocation.Id"/> field of the identifier class.</para>
              </para>
            </summary>
            <remarks>
              <para>For details on Themed Icons and their use, see Remarks on <see cref="T:JetBrains.IDE.Resources.IdeThemedIcons"/> class.</para>
            </remarks>
            <seealso cref="T:JetBrains.IDE.Resources.IdeThemedIcons"/>
            <example>
              <code>&lt;Image Source="{icons:ThemedIcon myres:IdeThemedIcons+UsageInvocation}" /&gt;        &lt;!-- XAML --&gt;</code>
            </example>
            <example>
              <code>[Item(Name="Sample", Icon=typeof(IdeThemedIcons.UsageInvocation))]        // C# Type attribute</code>
            </example>
            <example>
              <code>IconId iconid = IdeThemedIcons.UsageInvocation.Id;        // IconId identifier object</code>
            </example>
            <example>
              <code>themediconmanager.GetIcon&lt;IdeThemedIcons.UsageInvocation&gt;()        // Icon image for rendering</code>
            </example>
        </member>
        <member name="F:JetBrains.IDE.Resources.IdeThemedIcons.UsageInvocation.Id">
             <summary>
              <para>
                <para>Autogenerated identifier object for the UsageInvocation Themed Icon.</para>
                <para>Identifier objects should be used where an <see cref="T:JetBrains.UI.Icons.IconId"/> value is expected. In attributes, XAML, or generic parameters use the containing <see cref="T:JetBrains.IDE.Resources.IdeThemedIcons.UsageInvocation"/> identifier class.</para>
              </para>
            </summary>
            <remarks>
              <para>For details on Themed Icons and their use, see Remarks on <see cref="T:JetBrains.IDE.Resources.IdeThemedIcons"/> class.</para>
            </remarks>
            <seealso cref="T:JetBrains.IDE.Resources.IdeThemedIcons"/>
            <example>
              <code>&lt;Image Source="{icons:ThemedIcon myres:IdeThemedIcons+UsageInvocation}" /&gt;        &lt;!-- XAML --&gt;</code>
            </example>
            <example>
              <code>[Item(Name="Sample", Icon=typeof(IdeThemedIcons.UsageInvocation))]        // C# Type attribute</code>
            </example>
            <example>
              <code>IconId iconid = IdeThemedIcons.UsageInvocation.Id;        // IconId identifier object</code>
            </example>
            <example>
              <code>themediconmanager.GetIcon&lt;IdeThemedIcons.UsageInvocation&gt;()        // Icon image for rendering</code>
            </example>
        </member>
        <member name="T:JetBrains.IDE.Resources.IdeThemedIcons.UsageOther">
             <summary>
              <para>
                <para>Autogenerated identifier class for the UsageOther Themed Icon.</para>
                <para>Identifier classes should be used in attributes, XAML, or generic parameters. Where an <see cref="T:JetBrains.UI.Icons.IconId"/> value is expected, use the identifier object in the <see cref="F:JetBrains.IDE.Resources.IdeThemedIcons.UsageOther.Id"/> field of the identifier class.</para>
              </para>
            </summary>
            <remarks>
              <para>For details on Themed Icons and their use, see Remarks on <see cref="T:JetBrains.IDE.Resources.IdeThemedIcons"/> class.</para>
            </remarks>
            <seealso cref="T:JetBrains.IDE.Resources.IdeThemedIcons"/>
            <example>
              <code>&lt;Image Source="{icons:ThemedIcon myres:IdeThemedIcons+UsageOther}" /&gt;        &lt;!-- XAML --&gt;</code>
            </example>
            <example>
              <code>[Item(Name="Sample", Icon=typeof(IdeThemedIcons.UsageOther))]        // C# Type attribute</code>
            </example>
            <example>
              <code>IconId iconid = IdeThemedIcons.UsageOther.Id;        // IconId identifier object</code>
            </example>
            <example>
              <code>themediconmanager.GetIcon&lt;IdeThemedIcons.UsageOther&gt;()        // Icon image for rendering</code>
            </example>
        </member>
        <member name="F:JetBrains.IDE.Resources.IdeThemedIcons.UsageOther.Id">
             <summary>
              <para>
                <para>Autogenerated identifier object for the UsageOther Themed Icon.</para>
                <para>Identifier objects should be used where an <see cref="T:JetBrains.UI.Icons.IconId"/> value is expected. In attributes, XAML, or generic parameters use the containing <see cref="T:JetBrains.IDE.Resources.IdeThemedIcons.UsageOther"/> identifier class.</para>
              </para>
            </summary>
            <remarks>
              <para>For details on Themed Icons and their use, see Remarks on <see cref="T:JetBrains.IDE.Resources.IdeThemedIcons"/> class.</para>
            </remarks>
            <seealso cref="T:JetBrains.IDE.Resources.IdeThemedIcons"/>
            <example>
              <code>&lt;Image Source="{icons:ThemedIcon myres:IdeThemedIcons+UsageOther}" /&gt;        &lt;!-- XAML --&gt;</code>
            </example>
            <example>
              <code>[Item(Name="Sample", Icon=typeof(IdeThemedIcons.UsageOther))]        // C# Type attribute</code>
            </example>
            <example>
              <code>IconId iconid = IdeThemedIcons.UsageOther.Id;        // IconId identifier object</code>
            </example>
            <example>
              <code>themediconmanager.GetIcon&lt;IdeThemedIcons.UsageOther&gt;()        // Icon image for rendering</code>
            </example>
        </member>
        <member name="T:JetBrains.IDE.Resources.IdeThemedIcons.UsageRead">
             <summary>
              <para>
                <para>Autogenerated identifier class for the UsageRead Themed Icon.</para>
                <para>Identifier classes should be used in attributes, XAML, or generic parameters. Where an <see cref="T:JetBrains.UI.Icons.IconId"/> value is expected, use the identifier object in the <see cref="F:JetBrains.IDE.Resources.IdeThemedIcons.UsageRead.Id"/> field of the identifier class.</para>
              </para>
            </summary>
            <remarks>
              <para>For details on Themed Icons and their use, see Remarks on <see cref="T:JetBrains.IDE.Resources.IdeThemedIcons"/> class.</para>
            </remarks>
            <seealso cref="T:JetBrains.IDE.Resources.IdeThemedIcons"/>
            <example>
              <code>&lt;Image Source="{icons:ThemedIcon myres:IdeThemedIcons+UsageRead}" /&gt;        &lt;!-- XAML --&gt;</code>
            </example>
            <example>
              <code>[Item(Name="Sample", Icon=typeof(IdeThemedIcons.UsageRead))]        // C# Type attribute</code>
            </example>
            <example>
              <code>IconId iconid = IdeThemedIcons.UsageRead.Id;        // IconId identifier object</code>
            </example>
            <example>
              <code>themediconmanager.GetIcon&lt;IdeThemedIcons.UsageRead&gt;()        // Icon image for rendering</code>
            </example>
        </member>
        <member name="F:JetBrains.IDE.Resources.IdeThemedIcons.UsageRead.Id">
             <summary>
              <para>
                <para>Autogenerated identifier object for the UsageRead Themed Icon.</para>
                <para>Identifier objects should be used where an <see cref="T:JetBrains.UI.Icons.IconId"/> value is expected. In attributes, XAML, or generic parameters use the containing <see cref="T:JetBrains.IDE.Resources.IdeThemedIcons.UsageRead"/> identifier class.</para>
              </para>
            </summary>
            <remarks>
              <para>For details on Themed Icons and their use, see Remarks on <see cref="T:JetBrains.IDE.Resources.IdeThemedIcons"/> class.</para>
            </remarks>
            <seealso cref="T:JetBrains.IDE.Resources.IdeThemedIcons"/>
            <example>
              <code>&lt;Image Source="{icons:ThemedIcon myres:IdeThemedIcons+UsageRead}" /&gt;        &lt;!-- XAML --&gt;</code>
            </example>
            <example>
              <code>[Item(Name="Sample", Icon=typeof(IdeThemedIcons.UsageRead))]        // C# Type attribute</code>
            </example>
            <example>
              <code>IconId iconid = IdeThemedIcons.UsageRead.Id;        // IconId identifier object</code>
            </example>
            <example>
              <code>themediconmanager.GetIcon&lt;IdeThemedIcons.UsageRead&gt;()        // Icon image for rendering</code>
            </example>
        </member>
        <member name="T:JetBrains.IDE.Resources.IdeThemedIcons.UsageReadWrite">
             <summary>
              <para>
                <para>Autogenerated identifier class for the UsageReadWrite Themed Icon.</para>
                <para>Identifier classes should be used in attributes, XAML, or generic parameters. Where an <see cref="T:JetBrains.UI.Icons.IconId"/> value is expected, use the identifier object in the <see cref="F:JetBrains.IDE.Resources.IdeThemedIcons.UsageReadWrite.Id"/> field of the identifier class.</para>
              </para>
            </summary>
            <remarks>
              <para>For details on Themed Icons and their use, see Remarks on <see cref="T:JetBrains.IDE.Resources.IdeThemedIcons"/> class.</para>
            </remarks>
            <seealso cref="T:JetBrains.IDE.Resources.IdeThemedIcons"/>
            <example>
              <code>&lt;Image Source="{icons:ThemedIcon myres:IdeThemedIcons+UsageReadWrite}" /&gt;        &lt;!-- XAML --&gt;</code>
            </example>
            <example>
              <code>[Item(Name="Sample", Icon=typeof(IdeThemedIcons.UsageReadWrite))]        // C# Type attribute</code>
            </example>
            <example>
              <code>IconId iconid = IdeThemedIcons.UsageReadWrite.Id;        // IconId identifier object</code>
            </example>
            <example>
              <code>themediconmanager.GetIcon&lt;IdeThemedIcons.UsageReadWrite&gt;()        // Icon image for rendering</code>
            </example>
        </member>
        <member name="F:JetBrains.IDE.Resources.IdeThemedIcons.UsageReadWrite.Id">
             <summary>
              <para>
                <para>Autogenerated identifier object for the UsageReadWrite Themed Icon.</para>
                <para>Identifier objects should be used where an <see cref="T:JetBrains.UI.Icons.IconId"/> value is expected. In attributes, XAML, or generic parameters use the containing <see cref="T:JetBrains.IDE.Resources.IdeThemedIcons.UsageReadWrite"/> identifier class.</para>
              </para>
            </summary>
            <remarks>
              <para>For details on Themed Icons and their use, see Remarks on <see cref="T:JetBrains.IDE.Resources.IdeThemedIcons"/> class.</para>
            </remarks>
            <seealso cref="T:JetBrains.IDE.Resources.IdeThemedIcons"/>
            <example>
              <code>&lt;Image Source="{icons:ThemedIcon myres:IdeThemedIcons+UsageReadWrite}" /&gt;        &lt;!-- XAML --&gt;</code>
            </example>
            <example>
              <code>[Item(Name="Sample", Icon=typeof(IdeThemedIcons.UsageReadWrite))]        // C# Type attribute</code>
            </example>
            <example>
              <code>IconId iconid = IdeThemedIcons.UsageReadWrite.Id;        // IconId identifier object</code>
            </example>
            <example>
              <code>themediconmanager.GetIcon&lt;IdeThemedIcons.UsageReadWrite&gt;()        // Icon image for rendering</code>
            </example>
        </member>
        <member name="T:JetBrains.IDE.Resources.IdeThemedIcons.UsageString">
             <summary>
              <para>
                <para>Autogenerated identifier class for the UsageString Themed Icon.</para>
                <para>Identifier classes should be used in attributes, XAML, or generic parameters. Where an <see cref="T:JetBrains.UI.Icons.IconId"/> value is expected, use the identifier object in the <see cref="F:JetBrains.IDE.Resources.IdeThemedIcons.UsageString.Id"/> field of the identifier class.</para>
              </para>
            </summary>
            <remarks>
              <para>For details on Themed Icons and their use, see Remarks on <see cref="T:JetBrains.IDE.Resources.IdeThemedIcons"/> class.</para>
            </remarks>
            <seealso cref="T:JetBrains.IDE.Resources.IdeThemedIcons"/>
            <example>
              <code>&lt;Image Source="{icons:ThemedIcon myres:IdeThemedIcons+UsageString}" /&gt;        &lt;!-- XAML --&gt;</code>
            </example>
            <example>
              <code>[Item(Name="Sample", Icon=typeof(IdeThemedIcons.UsageString))]        // C# Type attribute</code>
            </example>
            <example>
              <code>IconId iconid = IdeThemedIcons.UsageString.Id;        // IconId identifier object</code>
            </example>
            <example>
              <code>themediconmanager.GetIcon&lt;IdeThemedIcons.UsageString&gt;()        // Icon image for rendering</code>
            </example>
        </member>
        <member name="F:JetBrains.IDE.Resources.IdeThemedIcons.UsageString.Id">
             <summary>
              <para>
                <para>Autogenerated identifier object for the UsageString Themed Icon.</para>
                <para>Identifier objects should be used where an <see cref="T:JetBrains.UI.Icons.IconId"/> value is expected. In attributes, XAML, or generic parameters use the containing <see cref="T:JetBrains.IDE.Resources.IdeThemedIcons.UsageString"/> identifier class.</para>
              </para>
            </summary>
            <remarks>
              <para>For details on Themed Icons and their use, see Remarks on <see cref="T:JetBrains.IDE.Resources.IdeThemedIcons"/> class.</para>
            </remarks>
            <seealso cref="T:JetBrains.IDE.Resources.IdeThemedIcons"/>
            <example>
              <code>&lt;Image Source="{icons:ThemedIcon myres:IdeThemedIcons+UsageString}" /&gt;        &lt;!-- XAML --&gt;</code>
            </example>
            <example>
              <code>[Item(Name="Sample", Icon=typeof(IdeThemedIcons.UsageString))]        // C# Type attribute</code>
            </example>
            <example>
              <code>IconId iconid = IdeThemedIcons.UsageString.Id;        // IconId identifier object</code>
            </example>
            <example>
              <code>themediconmanager.GetIcon&lt;IdeThemedIcons.UsageString&gt;()        // Icon image for rendering</code>
            </example>
        </member>
        <member name="T:JetBrains.IDE.Resources.IdeThemedIcons.UsageWrite">
             <summary>
              <para>
                <para>Autogenerated identifier class for the UsageWrite Themed Icon.</para>
                <para>Identifier classes should be used in attributes, XAML, or generic parameters. Where an <see cref="T:JetBrains.UI.Icons.IconId"/> value is expected, use the identifier object in the <see cref="F:JetBrains.IDE.Resources.IdeThemedIcons.UsageWrite.Id"/> field of the identifier class.</para>
              </para>
            </summary>
            <remarks>
              <para>For details on Themed Icons and their use, see Remarks on <see cref="T:JetBrains.IDE.Resources.IdeThemedIcons"/> class.</para>
            </remarks>
            <seealso cref="T:JetBrains.IDE.Resources.IdeThemedIcons"/>
            <example>
              <code>&lt;Image Source="{icons:ThemedIcon myres:IdeThemedIcons+UsageWrite}" /&gt;        &lt;!-- XAML --&gt;</code>
            </example>
            <example>
              <code>[Item(Name="Sample", Icon=typeof(IdeThemedIcons.UsageWrite))]        // C# Type attribute</code>
            </example>
            <example>
              <code>IconId iconid = IdeThemedIcons.UsageWrite.Id;        // IconId identifier object</code>
            </example>
            <example>
              <code>themediconmanager.GetIcon&lt;IdeThemedIcons.UsageWrite&gt;()        // Icon image for rendering</code>
            </example>
        </member>
        <member name="F:JetBrains.IDE.Resources.IdeThemedIcons.UsageWrite.Id">
             <summary>
              <para>
                <para>Autogenerated identifier object for the UsageWrite Themed Icon.</para>
                <para>Identifier objects should be used where an <see cref="T:JetBrains.UI.Icons.IconId"/> value is expected. In attributes, XAML, or generic parameters use the containing <see cref="T:JetBrains.IDE.Resources.IdeThemedIcons.UsageWrite"/> identifier class.</para>
              </para>
            </summary>
            <remarks>
              <para>For details on Themed Icons and their use, see Remarks on <see cref="T:JetBrains.IDE.Resources.IdeThemedIcons"/> class.</para>
            </remarks>
            <seealso cref="T:JetBrains.IDE.Resources.IdeThemedIcons"/>
            <example>
              <code>&lt;Image Source="{icons:ThemedIcon myres:IdeThemedIcons+UsageWrite}" /&gt;        &lt;!-- XAML --&gt;</code>
            </example>
            <example>
              <code>[Item(Name="Sample", Icon=typeof(IdeThemedIcons.UsageWrite))]        // C# Type attribute</code>
            </example>
            <example>
              <code>IconId iconid = IdeThemedIcons.UsageWrite.Id;        // IconId identifier object</code>
            </example>
            <example>
              <code>themediconmanager.GetIcon&lt;IdeThemedIcons.UsageWrite&gt;()        // Icon image for rendering</code>
            </example>
        </member>
        <member name="T:JetBrains.IDE.Resources.IdeThemedIcons.XmlDocument">
             <summary>
              <para>
                <para>Autogenerated identifier class for the XmlDocument Themed Icon.</para>
                <para>Identifier classes should be used in attributes, XAML, or generic parameters. Where an <see cref="T:JetBrains.UI.Icons.IconId"/> value is expected, use the identifier object in the <see cref="F:JetBrains.IDE.Resources.IdeThemedIcons.XmlDocument.Id"/> field of the identifier class.</para>
              </para>
            </summary>
            <remarks>
              <para>For details on Themed Icons and their use, see Remarks on <see cref="T:JetBrains.IDE.Resources.IdeThemedIcons"/> class.</para>
            </remarks>
            <seealso cref="T:JetBrains.IDE.Resources.IdeThemedIcons"/>
            <example>
              <code>&lt;Image Source="{icons:ThemedIcon myres:IdeThemedIcons+XmlDocument}" /&gt;        &lt;!-- XAML --&gt;</code>
            </example>
            <example>
              <code>[Item(Name="Sample", Icon=typeof(IdeThemedIcons.XmlDocument))]        // C# Type attribute</code>
            </example>
            <example>
              <code>IconId iconid = IdeThemedIcons.XmlDocument.Id;        // IconId identifier object</code>
            </example>
            <example>
              <code>themediconmanager.GetIcon&lt;IdeThemedIcons.XmlDocument&gt;()        // Icon image for rendering</code>
            </example>
        </member>
        <member name="F:JetBrains.IDE.Resources.IdeThemedIcons.XmlDocument.Id">
             <summary>
              <para>
                <para>Autogenerated identifier object for the XmlDocument Themed Icon.</para>
                <para>Identifier objects should be used where an <see cref="T:JetBrains.UI.Icons.IconId"/> value is expected. In attributes, XAML, or generic parameters use the containing <see cref="T:JetBrains.IDE.Resources.IdeThemedIcons.XmlDocument"/> identifier class.</para>
              </para>
            </summary>
            <remarks>
              <para>For details on Themed Icons and their use, see Remarks on <see cref="T:JetBrains.IDE.Resources.IdeThemedIcons"/> class.</para>
            </remarks>
            <seealso cref="T:JetBrains.IDE.Resources.IdeThemedIcons"/>
            <example>
              <code>&lt;Image Source="{icons:ThemedIcon myres:IdeThemedIcons+XmlDocument}" /&gt;        &lt;!-- XAML --&gt;</code>
            </example>
            <example>
              <code>[Item(Name="Sample", Icon=typeof(IdeThemedIcons.XmlDocument))]        // C# Type attribute</code>
            </example>
            <example>
              <code>IconId iconid = IdeThemedIcons.XmlDocument.Id;        // IconId identifier object</code>
            </example>
            <example>
              <code>themediconmanager.GetIcon&lt;IdeThemedIcons.XmlDocument&gt;()        // Icon image for rendering</code>
            </example>
        </member>
        <member name="T:JetBrains.IDE.EditorManager">
            <summary>
            EditorManager is a solution-level component, 
            that provides all access to editor control in the center of WindowManager.MainForm
            </summary>
        </member>
        <member name="M:JetBrains.IDE.EditorManager.OpenProjectFile(JetBrains.ProjectModel.IProjectFile,System.Boolean,JetBrains.IDE.FileView,JetBrains.IDE.TabOptions)">
            <summary>
            Tries to open a file from solution for editing.
            </summary>
            <param name="projectFile">The file to open.</param>
            <param name="activate">Whether to set focus to the opened file. Otherwise, the previously focused file will remain active.</param>
            <param name="fileViewPrimary">The preferred view. If failed, this method will fallback to other views.</param>
            <param name="tabOptions"> </param>
            <returns>The text control, if the file was opened successfully and the opened view is a text view for which a text control could be created.</returns>
        </member>
        <member name="M:JetBrains.IDE.EditorManager.OpenProjectFile(JetBrains.ProjectModel.IProjectFile,System.Boolean,JetBrains.IDE.TabOptions)">
            <summary>
            Tries to open a file from solution for editing, preferring a text editor view for which a Text Control could be created. Fallbacks to other views (like designer, Solution Explorer, etc) if that fails.
            </summary>
            <param name="projectFile">The file to open.</param>
            <param name="activate">Whether to set focus to the opened file. Otherwise, the previously focused file will remain active.</param>
            <param name="tabOptions"> </param>
            <returns>The text control, if the file was opened successfully and the opened view is a text view for which a text control could be created.</returns>
        </member>
        <member name="M:JetBrains.IDE.EditorManager.TryGetTextControl(JetBrains.ProjectModel.IProjectFile)">
            <summary>
            If the project file is currently opened in any text controls, looks up one. Otherwise, <c>Null</c>.
            </summary>
        </member>
        <member name="T:JetBrains.IDE.INavigateOccurenceProvider">
            <summary>
            Implement this interface to provide navigation thruout the results of something  
            </summary>
        </member>
        <member name="T:JetBrains.IDE.NavigateOccurenceManager">
            <summary>
            Utility to implement navigation thru  some results
            </summary>
        </member>
        <member name="M:JetBrains.IDE.PersistableViewManager.CreatePersistableView(JetBrains.DataFlow.LifetimeDefinition,JetBrains.UI.PersistableDocument.PersistableDocument,JetBrains.UI.CrossFramework.EitherControl)">
            <summary>
            Creates a new document tab and opens it with the given content.
            </summary>
            <param name="lifetimeDefinition">The limiting lifetime definition which will be terminated by the persistable view when its document tab is closed.</param>
            <param name="persistableDocument">Descriptor of the document in this document tab.</param>
            <param name="contentControl">Document tab content.</param>
            <returns></returns>
        </member>
        <member name="M:JetBrains.IDE.PersistableViewManager.CreateTextControl(JetBrains.UI.PersistableDocument.IPersistableView)">
            <summary>
            Creates a text control specifically sited in a Persistable View.
            </summary>
        </member>
        <member name="M:JetBrains.IDE.TreeBrowser.WPF.TreeModelPresentableViewWPF.ReentrancyGuardExecuteOrQueueOrMerge(System.String,System.Action{System.Boolean})">
            <param name="action">action to execute , boolean flag is true for immidiate execution</param>
            <returns><c>True</c> if executed immediately, <c>False</c> if queued (<see cref="M:JetBrains.Threading.ReentrancyGuard.TryExecute(System.String,System.Action)"/>-compatible behavior).</returns>
        </member>
        <member name="P:JetBrains.IDE.TreeBrowser.WPF.TreeModelPresentableViewWPF.DefaultExpandLevels">
            <summary>
            Gets or sets default levels to expand on ExpandAll command (ex. if "*" key pressed)
            </summary>
        </member>
        <member name="T:JetBrains.IDE.src.TreeBrowser.ExportTreeViewResources">
            <summary>
              A strongly-typed resource class, for looking up localized strings, etc.
            </summary>
        </member>
        <member name="P:JetBrains.IDE.src.TreeBrowser.ExportTreeViewResources.ResourceManager">
            <summary>
              Returns the cached ResourceManager instance used by this class.
            </summary>
        </member>
        <member name="P:JetBrains.IDE.src.TreeBrowser.ExportTreeViewResources.Culture">
            <summary>
              Overrides the current thread's CurrentUICulture property for all
              resource lookups using this strongly typed resource class.
            </summary>
        </member>
        <member name="F:JetBrains.IDE.TreeBrowser.ExportTreeViewDialog.components">
            <summary>Required designer variable.</summary>
        </member>
        <member name="M:JetBrains.IDE.TreeBrowser.ExportTreeViewDialog.Dispose(System.Boolean)">
            <summary>
            Clean up any resources being used.
            </summary>
        </member>
        <member name="M:JetBrains.IDE.TreeBrowser.ExportTreeViewDialog.InitializeComponent">
            <summary>
            Required method for Designer support - do not modify
            the contents of this method with the code editor.
            </summary>
        </member>
        <member name="T:JetBrains.IDE.TreeBrowser.PreviewSupport">
            <summary>
            Enumerates possible types of preview support in <see cref="T:JetBrains.IDE.TreeBrowser.TreeModelBrowser"/>
            </summary>
        </member>
        <member name="F:JetBrains.IDE.TreeBrowser.PreviewSupport.NotSupported">
            <summary>
            Preview is not supported at all
            </summary>
        </member>
        <member name="F:JetBrains.IDE.TreeBrowser.PreviewSupport.Supported">
            <summary>
            Preview is supported. Control will be created through a call to <see cref="!:TreeModelBrowserDescriptor.PreviewCreateControl"/> and updated
            through calls to <see cref="!:TreeModelBrowserDescriptor.PreviewUpdate"/>. Preview is invisible by default.
            </summary>
        </member>
        <member name="F:JetBrains.IDE.TreeBrowser.PreviewSupport.SupportedAndVisibleByDefault">
            <summary>
            Preview is supported. Control will be created through a call to <see cref="!:TreeModelBrowserDescriptor.PreviewCreateControl"/> and updated
            through calls to <see cref="!:TreeModelBrowserDescriptor.PreviewUpdate"/>. Preview is visible by default.
            </summary>
        </member>
        <member name="F:JetBrains.IDE.TreeBrowser.PreviewSupport.Virtual">
            <summary>
            <i>Virtual</i> preview support. No control will be created by <see cref="T:JetBrains.IDE.TreeBrowser.TreeModelBrowser"/>, but calls to <see cref="!:TreeModelBrowserDescriptor.PreviewUpdate"/> will be made
            so the inheritor can dispatch them to a custom preview mechanism.
            </summary>
        </member>
        <member name="M:JetBrains.IDE.TreeBrowser.TreeModelBrowserDescriptorBase.PreviewCreateControl(JetBrains.UI.WindowManagement.WindowFrame)">
            <summary>
            Create a control for the preview area.
            </summary>
            <param name="framePreview">Window frame of the preview area that reflects the preview area visibility, as well as visibility of the tree model browser itself (if hosted in a visibility-aware frame, like a [tabbed] tool window).</param>
        </member>
        <member name="T:JetBrains.IDE.TreeBrowser.UIOptions">
             <summary>
            Internal options intended to be shared between dotPeek/ReSharper. (dotPeek can not use intertnal assembly)
             </summary>
        </member>
        <member name="M:JetBrains.IDE.TreeGridBrowser.TreeGridBrowserIteratorHelper.Next(JetBrains.TreeModels.TreeModelNode,System.Collections.Generic.IList{JetBrains.TreeModels.TreeModelNode})">
            <summary>
            Get next node in the tree
            </summary>
            <param name="node">Node that uses as a base one to calc a next one related to or null (roots will be used)</param>
            <param name="roots">Roots of the tree</param>
            <returns></returns>
        </member>
        <member name="M:JetBrains.IDE.TreeGridBrowser.TreeGridBrowserIteratorHelper.Previous(JetBrains.TreeModels.TreeModelNode,System.Collections.Generic.IList{JetBrains.TreeModels.TreeModelNode})">
            <summary>
            Get previous node in the tree
            </summary>
            <param name="node">Node that uses as a base one to calc a previous one related to or null (roots will be used)</param>
            <param name="roots">Roots of the tree</param>
            <returns></returns>
        </member>
        <member name="T:JetBrains.IDE.TreeGridBrowser.TreeModelNodePresenter">
            <summary>
            Presenter for TreeModelNode via <see cref="T:JetBrains.UI.TreeView.StructuredPresenter`2"/>
            </summary>
        </member>
        <member name="M:JetBrains.IDE.TreeGridBrowser.TreeModelNodePresenter.#ctor(JetBrains.UI.TreeView.StructuredPresenter{JetBrains.TreeModels.TreeModelNode,JetBrains.CommonControls.IPresentableItem},System.Action{System.Action})">
            <summary>
            Constructor
            </summary>
            <param name="structuredPresenter">StructuredPresenter</param>
            <param name="updateExecutor">Callback to execute update safely (with ReentrancyGuard, ReadLock, etc) or null it it is redundant</param>
        </member>
        <!-- Badly formed XML comment ignored for member "T:JetBrains.IDE.TreeGridBrowser.TreeGridBrowserNodeModelProvider" -->
        <member name="T:JetBrains.IDE.TreeGridBrowser.TreeGridBrowserNodeModel">
            <summary>
            Represents <see cref="T:JetBrains.UI.TreeGrid.ITreeGridNodeModel"/> implementation to adapt <see cref="T:JetBrains.TreeModels.TreeModel"/> for <see cref="T:JetBrains.UI.TreeGrid.TreeGridView"/>
            </summary>
        </member>
        <member name="M:JetBrains.IDE.TreeGridBrowser.TreeGridBrowserPanel.ReentrancyGuardExecuteOrQueueOrMergeWithReadLock(System.Action)">
            <param name="action">action to execute</param>
            <returns><c>True</c> if executed immediately, <c>False</c> if queued (<see cref="M:JetBrains.Threading.ReentrancyGuard.TryExecute(System.String,System.Action)"/>-compatible behavior).</returns>
        </member>
        <member name="M:JetBrains.IDE.TreeGridBrowser.TreeGridBrowserPanel.OnMoveToOccurence(JetBrains.TreeModels.TreeModelNode)">
            <summary>
            Should be overriden in derived panel to perform an additional action
            </summary>
            <param name="occurence"></param>
        </member>
        <member name="T:JetBrains.IDE.UI.Options.OptionsPageViewFactorySolution">
            <summary>
            Enables <see cref="T:JetBrains.UI.Options.OptionsPageViewFactoryManager"/> to import Solution components to the ctor (preeempts Shell when a solution is open and it's the current solution).
            </summary>
        </member>
    </members>
</doc>
