<assembly name="System.Runtime.Serialization.Formatters.Soap, 2.0.0.0">
  <member name="M:System.Runtime.Serialization.Formatters.Soap.SoapFormatter.Deserialize(System.IO.Stream)">
    <parameter name="serializationStream">
      <attribute ctor="M:JetBrains.Annotations.NotNullAttribute.#ctor" />
    </parameter>
  </member>
  <member name="M:System.Runtime.Serialization.Formatters.Soap.SoapFormatter.Deserialize(System.IO.Stream,System.Runtime.Remoting.Messaging.HeaderHandler)">
    <parameter name="serializationStream">
      <attribute ctor="M:JetBrains.Annotations.NotNullAttribute.#ctor" />
    </parameter>
  </member>
  <member name="M:System.Runtime.Serialization.Formatters.Soap.SoapFormatter.Serialize(System.IO.Stream,System.Object)">
    <parameter name="serializationStream">
      <attribute ctor="M:JetBrains.Annotations.NotNullAttribute.#ctor" />
    </parameter>
    <parameter name="graph">
      <attribute ctor="M:JetBrains.Annotations.NotNullAttribute.#ctor" />
    </parameter>
  </member>
  <member name="M:System.Runtime.Serialization.Formatters.Soap.SoapFormatter.Serialize(System.IO.Stream,System.Object,System.Runtime.Remoting.Messaging.Header[])">
    <parameter name="serializationStream">
      <attribute ctor="M:JetBrains.Annotations.NotNullAttribute.#ctor" />
    </parameter>
    <parameter name="graph">
      <attribute ctor="M:JetBrains.Annotations.NotNullAttribute.#ctor" />
    </parameter>
  </member>
</assembly>