﻿<?xml version="1.0" encoding="utf-8"?>
<assembly name="System.Windows.Controls.Input, Version=2.0.5.0">
  <member name="P:System.Windows.Automation.Peers.AutoCompleteBoxAutomationPeer.#Value">
    <attribute ctor="M:JetBrains.Annotations.NotNullAttribute.#ctor" />
  </member>
  <member name="M:System.Windows.Automation.Peers.AutoCompleteBoxAutomationPeer.GetChildrenCore">
    <attribute ctor="M:JetBrains.Annotations.NotNullAttribute.#ctor" />
  </member>
  <member name="M:System.Windows.Automation.Peers.AutoCompleteBoxAutomationPeer.GetClassNameCore">
    <attribute ctor="M:JetBrains.Annotations.NotNullAttribute.#ctor" />
  </member>
  <member name="M:System.Windows.Controls.AutoCompleteBox.FormatValue(System.Object)">
    <attribute ctor="M:JetBrains.Annotations.NotNullAttribute.#ctor" />
  </member>
  <member name="M:System.Windows.Controls.AutoCompleteBox.FormatValue(System.Object,System.Boolean)">
    <attribute ctor="M:JetBrains.Annotations.NotNullAttribute.#ctor" />
  </member>
  <member name="M:System.Windows.Controls.AutoCompleteBox.GetSelectionAdapterPart">
    <attribute ctor="M:JetBrains.Annotations.CanBeNullAttribute.#ctor" />
  </member>
  <member name="M:System.Windows.Controls.AutoCompleteBox.OnCreateAutomationPeer">
    <attribute ctor="M:JetBrains.Annotations.NotNullAttribute.#ctor" />
  </member>
  <member name="M:System.Windows.Controls.AutoCompleteBox.OnKeyDown()">
    <parameter name="e">
      <attribute ctor="M:JetBrains.Annotations.NotNullAttribute.#ctor" />
    </parameter>
  </member>
  <member name="M:System.Windows.Controls.AutoCompleteBox.TryGetMatch(System.String,,System.Windows.Controls.AutoCompleteFilterPredicate{System.String})">
    <parameter name="predicate">
      <attribute ctor="M:JetBrains.Annotations.NotNullAttribute.#ctor" />
    </parameter>
  </member>
  <member name="M:System.Windows.Controls.AutoCompleteSearch.Contains(System.String,System.String)">
    <parameter name="text">
      <attribute ctor="M:JetBrains.Annotations.NotNullAttribute.#ctor" />
    </parameter>
    <parameter name="value">
      <attribute ctor="M:JetBrains.Annotations.NotNullAttribute.#ctor" />
    </parameter>
  </member>
  <member name="M:System.Windows.Controls.AutoCompleteSearch.ContainsCaseSensitive(System.String,System.String)">
    <parameter name="text">
      <attribute ctor="M:JetBrains.Annotations.NotNullAttribute.#ctor" />
    </parameter>
    <parameter name="value">
      <attribute ctor="M:JetBrains.Annotations.NotNullAttribute.#ctor" />
    </parameter>
  </member>
  <member name="M:System.Windows.Controls.AutoCompleteSearch.ContainsOrdinal(System.String,System.String)">
    <parameter name="text">
      <attribute ctor="M:JetBrains.Annotations.NotNullAttribute.#ctor" />
    </parameter>
    <parameter name="value">
      <attribute ctor="M:JetBrains.Annotations.NotNullAttribute.#ctor" />
    </parameter>
  </member>
  <member name="M:System.Windows.Controls.AutoCompleteSearch.ContainsOrdinalCaseSensitive(System.String,System.String)">
    <parameter name="text">
      <attribute ctor="M:JetBrains.Annotations.NotNullAttribute.#ctor" />
    </parameter>
    <parameter name="value">
      <attribute ctor="M:JetBrains.Annotations.NotNullAttribute.#ctor" />
    </parameter>
  </member>
  <member name="M:System.Windows.Controls.AutoCompleteSearch.Equals(System.String,System.String)">
    <parameter name="value">
      <attribute ctor="M:JetBrains.Annotations.NotNullAttribute.#ctor" />
    </parameter>
  </member>
  <member name="M:System.Windows.Controls.AutoCompleteSearch.EqualsCaseSensitive(System.String,System.String)">
    <parameter name="value">
      <attribute ctor="M:JetBrains.Annotations.NotNullAttribute.#ctor" />
    </parameter>
  </member>
  <member name="M:System.Windows.Controls.AutoCompleteSearch.EqualsOrdinal(System.String,System.String)">
    <parameter name="value">
      <attribute ctor="M:JetBrains.Annotations.NotNullAttribute.#ctor" />
    </parameter>
  </member>
  <member name="M:System.Windows.Controls.AutoCompleteSearch.EqualsOrdinalCaseSensitive(System.String,System.String)">
    <parameter name="value">
      <attribute ctor="M:JetBrains.Annotations.NotNullAttribute.#ctor" />
    </parameter>
  </member>
  <member name="M:System.Windows.Controls.AutoCompleteSearch.GetFilter(System.Windows.Controls.AutoCompleteFilterMode)">
    <attribute ctor="M:JetBrains.Annotations.CanBeNullAttribute.#ctor" />
  </member>
  <member name="M:System.Windows.Controls.AutoCompleteSearch.StartsWith(System.String,System.String)">
    <parameter name="text">
      <attribute ctor="M:JetBrains.Annotations.NotNullAttribute.#ctor" />
    </parameter>
    <parameter name="value">
      <attribute ctor="M:JetBrains.Annotations.NotNullAttribute.#ctor" />
    </parameter>
  </member>
  <member name="M:System.Windows.Controls.AutoCompleteSearch.StartsWithCaseSensitive(System.String,System.String)">
    <parameter name="text">
      <attribute ctor="M:JetBrains.Annotations.NotNullAttribute.#ctor" />
    </parameter>
    <parameter name="value">
      <attribute ctor="M:JetBrains.Annotations.NotNullAttribute.#ctor" />
    </parameter>
  </member>
  <member name="M:System.Windows.Controls.AutoCompleteSearch.StartsWithOrdinal(System.String,System.String)">
    <parameter name="text">
      <attribute ctor="M:JetBrains.Annotations.NotNullAttribute.#ctor" />
    </parameter>
    <parameter name="value">
      <attribute ctor="M:JetBrains.Annotations.NotNullAttribute.#ctor" />
    </parameter>
  </member>
  <member name="M:System.Windows.Controls.AutoCompleteSearch.StartsWithOrdinalCaseSensitive(System.String,System.String)">
    <parameter name="text">
      <attribute ctor="M:JetBrains.Annotations.NotNullAttribute.#ctor" />
    </parameter>
    <parameter name="value">
      <attribute ctor="M:JetBrains.Annotations.NotNullAttribute.#ctor" />
    </parameter>
  </member>
  <member name="M:System.Windows.Controls.Extensions.Contains(System.String,System.String,System.StringComparison)">
    <parameter name="s">
      <attribute ctor="M:JetBrains.Annotations.NotNullAttribute.#ctor" />
    </parameter>
    <parameter name="value">
      <attribute ctor="M:JetBrains.Annotations.NotNullAttribute.#ctor" />
    </parameter>
  </member>
  <member name="M:System.Windows.Controls.InteractionHelper.AllowGotFocus()">
    <parameter name="e">
      <attribute ctor="M:JetBrains.Annotations.NotNullAttribute.#ctor" />
    </parameter>
  </member>
  <member name="M:System.Windows.Controls.InteractionHelper.AllowKeyDown()">
    <parameter name="e">
      <attribute ctor="M:JetBrains.Annotations.NotNullAttribute.#ctor" />
    </parameter>
  </member>
  <member name="M:System.Windows.Controls.InteractionHelper.AllowKeyUp()">
    <parameter name="e">
      <attribute ctor="M:JetBrains.Annotations.NotNullAttribute.#ctor" />
    </parameter>
  </member>
  <member name="M:System.Windows.Controls.InteractionHelper.AllowLostFocus()">
    <parameter name="e">
      <attribute ctor="M:JetBrains.Annotations.NotNullAttribute.#ctor" />
    </parameter>
  </member>
  <member name="M:System.Windows.Controls.InteractionHelper.AllowMouseEnter()">
    <parameter name="e">
      <attribute ctor="M:JetBrains.Annotations.NotNullAttribute.#ctor" />
    </parameter>
  </member>
  <member name="M:System.Windows.Controls.InteractionHelper.AllowMouseLeave()">
    <parameter name="e">
      <attribute ctor="M:JetBrains.Annotations.NotNullAttribute.#ctor" />
    </parameter>
  </member>
  <member name="M:System.Windows.Controls.InteractionHelper.AllowMouseLeftButtonDown()">
    <parameter name="e">
      <attribute ctor="M:JetBrains.Annotations.NotNullAttribute.#ctor" />
    </parameter>
  </member>
  <member name="M:System.Windows.Controls.InteractionHelper.AllowMouseLeftButtonUp()">
    <parameter name="e">
      <attribute ctor="M:JetBrains.Annotations.NotNullAttribute.#ctor" />
    </parameter>
  </member>
  <member name="P:System.Windows.Controls.Properties.Resources.AutoComplete_OnFilterModePropertyChanged_InvalidValue">
    <attribute ctor="M:JetBrains.Annotations.CanBeNullAttribute.#ctor" />
  </member>
  <member name="P:System.Windows.Controls.Properties.Resources.AutoComplete_OnMaxDropDownHeightPropertyChanged_InvalidValue">
    <attribute ctor="M:JetBrains.Annotations.CanBeNullAttribute.#ctor" />
  </member>
  <member name="P:System.Windows.Controls.Properties.Resources.AutoComplete_OnMinimumPopulateDelayPropertyChanged_InvalidValue">
    <attribute ctor="M:JetBrains.Annotations.CanBeNullAttribute.#ctor" />
  </member>
  <member name="P:System.Windows.Controls.Properties.Resources.AutoComplete_OnSearchTextPropertyChanged_InvalidWrite">
    <attribute ctor="M:JetBrains.Annotations.CanBeNullAttribute.#ctor" />
  </member>
  <member name="M:System.Windows.Controls.VisualStates.GetImplementationRoot()">
    <attribute ctor="M:JetBrains.Annotations.CanBeNullAttribute.#ctor" />
  </member>
  <member name="M:System.Windows.Controls.VisualStates.GoToState(,System.Boolean,System.String[])">
    <parameter name="stateNames">
      <attribute ctor="M:JetBrains.Annotations.NotNullAttribute.#ctor" />
    </parameter>
  </member>
  <member name="M:System.Windows.Controls.WeakEventListener`3.#ctor(`0)">
    <parameter name="instance">
      <attribute ctor="M:JetBrains.Annotations.NotNullAttribute.#ctor" />
    </parameter>
  </member>
</assembly>