<assembly name="Microsoft.VisualStudio.TestPlatform.UnitTestFramework">
  <member name="M:Microsoft.VisualStudio.TestPlatform.UnitTestFramework.Assert.IsTrue(System.Boolean)">
    <attribute ctor="M:JetBrains.Annotations.AssertionMethodAttribute.#ctor"/>
    <attribute ctor="M:JetBrains.Annotations.ContractAnnotationAttribute.#ctor(System.String)">
        <argument>condition:false=&gt;void</argument>
    </attribute>
  </member>

  <member name="M:Microsoft.VisualStudio.TestPlatform.UnitTestFramework.Assert.IsTrue(System.Boolean,System.String)">
    <attribute ctor="M:JetBrains.Annotations.AssertionMethodAttribute.#ctor"/>
    <attribute ctor="M:JetBrains.Annotations.ContractAnnotationAttribute.#ctor(System.String)">
        <argument>condition:false=&gt;void</argument>
    </attribute>
  </member>

  <member name="M:Microsoft.VisualStudio.TestPlatform.UnitTestFramework.Assert.IsTrue(System.Boolean,System.String,System.Object[])">
    <attribute ctor="M:JetBrains.Annotations.AssertionMethodAttribute.#ctor"/>
    <attribute ctor="M:JetBrains.Annotations.ContractAnnotationAttribute.#ctor(System.String)">
        <argument>condition:false=&gt;void</argument>
    </attribute>
    <attribute ctor="M:JetBrains.Annotations.StringFormatMethodAttribute.#ctor(System.String)"><argument>message</argument></attribute>
  </member>

  <member name="M:Microsoft.VisualStudio.TestPlatform.UnitTestFramework.Assert.IsFalse(System.Boolean)">
    <attribute ctor="M:JetBrains.Annotations.AssertionMethodAttribute.#ctor"/>
    <attribute ctor="M:JetBrains.Annotations.ContractAnnotationAttribute.#ctor(System.String)">
        <argument>condition:true=&gt;void</argument>
    </attribute>
  </member>

  <member name="M:Microsoft.VisualStudio.TestPlatform.UnitTestFramework.Assert.IsFalse(System.Boolean,System.String)">
    <attribute ctor="M:JetBrains.Annotations.AssertionMethodAttribute.#ctor"/>
    <attribute ctor="M:JetBrains.Annotations.ContractAnnotationAttribute.#ctor(System.String)">
        <argument>condition:true=&gt;void</argument>
    </attribute>
  </member>

  <member name="M:Microsoft.VisualStudio.TestPlatform.UnitTestFramework.Assert.IsFalse(System.Boolean,System.String,System.Object[])">
    <attribute ctor="M:JetBrains.Annotations.AssertionMethodAttribute.#ctor"/>
    <attribute ctor="M:JetBrains.Annotations.ContractAnnotationAttribute.#ctor(System.String)">
        <argument>condition:true=&gt;void</argument>
    </attribute>
    <attribute ctor="M:JetBrains.Annotations.StringFormatMethodAttribute.#ctor(System.String)"><argument>message</argument></attribute>
  </member>

  <member name="M:Microsoft.VisualStudio.TestPlatform.UnitTestFramework.Assert.IsNull(System.Object)">
    <attribute ctor="M:JetBrains.Annotations.AssertionMethodAttribute.#ctor"/>
    <attribute ctor="M:JetBrains.Annotations.ContractAnnotationAttribute.#ctor(System.String)">
        <argument>value:notnull=&gt;void</argument>
    </attribute>
  </member>

  <member name="M:Microsoft.VisualStudio.TestPlatform.UnitTestFramework.Assert.IsNull(System.Object,System.String)">
    <attribute ctor="M:JetBrains.Annotations.AssertionMethodAttribute.#ctor"/>
    <attribute ctor="M:JetBrains.Annotations.ContractAnnotationAttribute.#ctor(System.String)">
        <argument>value:notnull=&gt;void</argument>
    </attribute>
  </member>

  <member name="M:Microsoft.VisualStudio.TestPlatform.UnitTestFramework.Assert.IsNull(System.Object,System.String,System.Object[])">
    <attribute ctor="M:JetBrains.Annotations.AssertionMethodAttribute.#ctor"/>
    <attribute ctor="M:JetBrains.Annotations.ContractAnnotationAttribute.#ctor(System.String)">
        <argument>value:notnull=&gt;void</argument>
    </attribute>
    <attribute ctor="M:JetBrains.Annotations.StringFormatMethodAttribute.#ctor(System.String)"><argument>message</argument></attribute>
  </member>

  <member name="M:Microsoft.VisualStudio.TestPlatform.UnitTestFramework.Assert.IsNotNull(System.Object)">
    <attribute ctor="M:JetBrains.Annotations.AssertionMethodAttribute.#ctor"/>
    <attribute ctor="M:JetBrains.Annotations.ContractAnnotationAttribute.#ctor(System.String)">
        <argument>value:null=&gt;void</argument>
    </attribute>
  </member>

  <member name="M:Microsoft.VisualStudio.TestPlatform.UnitTestFramework.Assert.IsNotNull(System.Object,System.String)">
    <attribute ctor="M:JetBrains.Annotations.AssertionMethodAttribute.#ctor"/>
    <attribute ctor="M:JetBrains.Annotations.ContractAnnotationAttribute.#ctor(System.String)">
        <argument>value:null=&gt;void</argument>
    </attribute>
  </member>

  <member name="M:Microsoft.VisualStudio.TestPlatform.UnitTestFramework.Assert.IsNotNull(System.Object,System.String,System.Object[])">
    <attribute ctor="M:JetBrains.Annotations.AssertionMethodAttribute.#ctor"/>
    <attribute ctor="M:JetBrains.Annotations.ContractAnnotationAttribute.#ctor(System.String)">
        <argument>value:null=&gt;void</argument>
    </attribute>
    <attribute ctor="M:JetBrains.Annotations.StringFormatMethodAttribute.#ctor(System.String)"><argument>message</argument></attribute>
  </member>

  <member name="M:Microsoft.VisualStudio.TestPlatform.UnitTestFramework.Assert.Fail">
    <attribute ctor="M:JetBrains.Annotations.AssertionMethodAttribute.#ctor"/>
    <attribute ctor="M:JetBrains.Annotations.ContractAnnotationAttribute.#ctor(System.String)">
        <argument>=&gt;void</argument>
    </attribute>
  </member>

  <member name="M:Microsoft.VisualStudio.TestPlatform.UnitTestFramework.Assert.Fail(System.String)">
    <attribute ctor="M:JetBrains.Annotations.AssertionMethodAttribute.#ctor"/>
    <attribute ctor="M:JetBrains.Annotations.ContractAnnotationAttribute.#ctor(System.String)">
        <argument>=&gt;void</argument>
    </attribute>
  </member>

  <member name="M:Microsoft.VisualStudio.TestPlatform.UnitTestFramework.Assert.Fail(System.String,System.Object[])">
    <attribute ctor="M:JetBrains.Annotations.AssertionMethodAttribute.#ctor"/>
    <attribute ctor="M:JetBrains.Annotations.ContractAnnotationAttribute.#ctor(System.String)">
        <argument>=&gt;void</argument>
    </attribute>
    <attribute ctor="M:JetBrains.Annotations.StringFormatMethodAttribute.#ctor(System.String)"><argument>message</argument></attribute>
  </member>

  <member name="M:Microsoft.VisualStudio.TestPlatform.UnitTestFramework.Assert.Inconclusive">
    <attribute ctor="M:JetBrains.Annotations.ContractAnnotationAttribute.#ctor(System.String)">
        <argument>=&gt;void</argument>
    </attribute>
  </member>

  <member name="M:Microsoft.VisualStudio.TestPlatform.UnitTestFramework.Assert.Inconclusive(System.String)">
    <attribute ctor="M:JetBrains.Annotations.ContractAnnotationAttribute.#ctor(System.String)">
        <argument>=&gt;void</argument>
    </attribute>
  </member>

  <member name="M:Microsoft.VisualStudio.TestPlatform.UnitTestFramework.Assert.Inconclusive(System.String,System.Object[])">
    <attribute ctor="M:JetBrains.Annotations.ContractAnnotationAttribute.#ctor(System.String)">
        <argument>=&gt;void</argument>
    </attribute>
    <attribute ctor="M:JetBrains.Annotations.StringFormatMethodAttribute.#ctor(System.String)"><argument>message</argument></attribute>
  </member>

  <member name="T:Microsoft.VisualStudio.TestPlatform.UnitTestFramework.TestClassAttribute">
    <attribute ctor="M:JetBrains.Annotations.MeansImplicitUseAttribute.#ctor" />
  </member>
  <member name="T:Microsoft.VisualStudio.TestPlatform.UnitTestFramework.TestMethodAttribute">
    <attribute ctor="M:JetBrains.Annotations.MeansImplicitUseAttribute.#ctor" />
  </member>
  <member name="T:Microsoft.VisualStudio.TestPlatform.UnitTestFramework.TestInitializeAttribute">
    <attribute ctor="M:JetBrains.Annotations.MeansImplicitUseAttribute.#ctor" />
  </member>
  <member name="T:Microsoft.VisualStudio.TestPlatform.UnitTestFramework.TestCleanupAttribute">
    <attribute ctor="M:JetBrains.Annotations.MeansImplicitUseAttribute.#ctor" />
  </member>
  <member name="T:Microsoft.VisualStudio.TestPlatform.UnitTestFramework.ClassInitializeAttribute">
    <attribute ctor="M:JetBrains.Annotations.MeansImplicitUseAttribute.#ctor" />
  </member>
  <member name="T:Microsoft.VisualStudio.TestPlatform.UnitTestFramework.ClassCleanupAttribute">
    <attribute ctor="M:JetBrains.Annotations.MeansImplicitUseAttribute.#ctor" />
  </member>
  <member name="T:Microsoft.VisualStudio.TestPlatform.UnitTestFramework.AssemblyInitializeAttribute">
    <attribute ctor="M:JetBrains.Annotations.MeansImplicitUseAttribute.#ctor" />
  </member>
  <member name="T:Microsoft.VisualStudio.TestPlatform.UnitTestFramework.AssemblyCleanupAttribute">
    <attribute ctor="M:JetBrains.Annotations.MeansImplicitUseAttribute.#ctor" />
  </member>
</assembly>
