﻿<?xml version="1.0" encoding="utf-8"?>
<assembly name="PresentationFramework.Luna, Version=3.0.0.0">
  <member name="M:Microsoft.Windows.Themes.BulletChrome.GenerateBorderGeometry(,)">
    <attribute ctor="M:JetBrains.Annotations.NotNullAttribute.#ctor" />
  </member>
  <member name="M:Microsoft.Windows.Themes.BulletChrome.GenerateRectFigure()">
    <attribute ctor="M:JetBrains.Annotations.NotNullAttribute.#ctor" />
  </member>
  <member name="M:Microsoft.Windows.Themes.BulletChrome.HelperDeflateRect(,)">
    <attribute ctor="M:JetBrains.Annotations.NotNullAttribute.#ctor" />
  </member>
  <member name="M:Microsoft.Windows.Themes.BulletChrome.MeasureOverride()">
    <attribute ctor="M:JetBrains.Annotations.NotNullAttribute.#ctor" />
  </member>
  <member name="M:Microsoft.Windows.Themes.ButtonChrome.IsValidThemeColor(System.Object)">
    <parameter name="o">
      <attribute ctor="M:JetBrains.Annotations.NotNullAttribute.#ctor" />
    </parameter>
  </member>
  <member name="M:Microsoft.Windows.Themes.ProgressBarBrushConverter.Convert(System.Object[],System.Type,System.Object,System.Globalization.CultureInfo)">
    <attribute ctor="M:JetBrains.Annotations.CanBeNullAttribute.#ctor" />
  </member>
  <member name="M:Microsoft.Windows.Themes.ProgressBarBrushConverter.ConvertBack(System.Object,System.Type[],System.Object,System.Globalization.CultureInfo)">
    <attribute ctor="M:JetBrains.Annotations.CanBeNullAttribute.#ctor" />
  </member>
  <member name="M:Microsoft.Windows.Themes.ScrollChrome.GetScrollGlyph()">
    <parameter name="element">
      <attribute ctor="M:JetBrains.Annotations.NotNullAttribute.#ctor" />
    </parameter>
  </member>
  <member name="M:Microsoft.Windows.Themes.ScrollChrome.IsValidScrollGlyph(System.Object)">
    <parameter name="o">
      <attribute ctor="M:JetBrains.Annotations.NotNullAttribute.#ctor" />
    </parameter>
  </member>
  <member name="M:Microsoft.Windows.Themes.ScrollChrome.MeasureOverride()">
    <attribute ctor="M:JetBrains.Annotations.NotNullAttribute.#ctor" />
  </member>
  <member name="M:Microsoft.Windows.Themes.ScrollChrome.SetScrollGlyph(,Microsoft.Windows.Themes.ScrollGlyph)">
    <parameter name="element">
      <attribute ctor="M:JetBrains.Annotations.NotNullAttribute.#ctor" />
    </parameter>
  </member>
  <member name="M:Microsoft.Windows.Themes.SystemDropShadowChrome.ClearBrushes(,)">
    <parameter name="o">
      <attribute ctor="M:JetBrains.Annotations.NotNullAttribute.#ctor" />
    </parameter>
  </member>
  <member name="M:Microsoft.Windows.Themes.SystemDropShadowChrome.CreateBrushes(,)">
    <attribute ctor="M:JetBrains.Annotations.NotNullAttribute.#ctor" />
  </member>
  <member name="M:Microsoft.Windows.Themes.SystemDropShadowChrome.CreateStops(,System.Double)">
    <attribute ctor="M:JetBrains.Annotations.NotNullAttribute.#ctor" />
  </member>
</assembly>