﻿<?xml version="1.0" encoding="utf-8"?>
<assembly name="System.Web.Http">
  <member name="M:System.Web.Http.Routing.UrlHelper.Route(System.String,System.Object)">
    <parameter name="routeValues">
      <attribute ctor="M:JetBrains.Annotations.AspMvcActionAttribute.#ctor(System.String)">
        <argument>Action</argument>
      </attribute>
      <attribute ctor="M:JetBrains.Annotations.AspMvcAreaAttribute.#ctor(System.String)">
        <argument>Area</argument>
      </attribute>
      <attribute ctor="M:JetBrains.Annotations.AspMvcControllerAttribute.#ctor(System.String)">
        <argument>Controller</argument>
      </attribute>
      <attribute ctor="M:JetBrains.Annotations.AspMvcModelTypeAttribute.#ctor" />
    </parameter>
  </member>
  <member name="M:System.Web.Http.Routing.UrlHelper.Link(System.String,System.Object)">
    <parameter name="routeValues">
      <attribute ctor="M:JetBrains.Annotations.AspMvcActionAttribute.#ctor(System.String)">
        <argument>Action</argument>
      </attribute>
      <attribute ctor="M:JetBrains.Annotations.AspMvcAreaAttribute.#ctor(System.String)">
        <argument>Area</argument>
      </attribute>
      <attribute ctor="M:JetBrains.Annotations.AspMvcControllerAttribute.#ctor(System.String)">
        <argument>Controller</argument>
      </attribute>
      <attribute ctor="M:JetBrains.Annotations.AspMvcModelTypeAttribute.#ctor" />
    </parameter>
  </member>
</assembly>