﻿<?xml version="1.0" encoding="utf-8"?>
<assembly name="Microsoft.Practices.Prism">
  <member name="M:Microsoft.Practices.Prism.ViewModel.NotificationObject.RaisePropertyChanged(System.String)">
    <attribute ctor="M:JetBrains.Annotations.NotifyPropertyChangedInvocatorAttribute.#ctor" />
  </member>
  <member name="M:Microsoft.Practices.Prism.ViewModel.NotificationObject.RaisePropertyChanged(System.String[])">
    <attribute ctor="M:JetBrains.Annotations.NotifyPropertyChangedInvocatorAttribute.#ctor" />
  </member>
  <member name="M:Microsoft.Practices.Prism.ViewModel.NotificationObject.RaisePropertyChanged``1(System.Linq.Expressions.Expression{System.Func{``0}})">
	<attribute ctor="M:JetBrains.Annotations.NotifyPropertyChangedInvocatorAttribute.#ctor" />
  </member>
</assembly>