<?xml version="1.0" encoding="utf-8"?>
<assembly name="Caliburn.Micro">
  <member name="M:Caliburn.Micro.PropertyChangedBase.NotifyOfPropertyChange(System.String)">
    <attribute ctor="M:JetBrains.Annotations.NotifyPropertyChangedInvocatorAttribute.#ctor" />
  </member>
  <member name="M:Caliburn.Micro.PropertyChangedBase.NotifyOfPropertyChange``1(System.Linq.Expressions.Expression{System.Func{``0}})">
    <attribute ctor="M:JetBrains.Annotations.NotifyPropertyChangedInvocatorAttribute.#ctor" />
  </member>
  <member name="M:Caliburn.Micro.PropertyChangedBase.RaisePropertyChangedEventImmediately(System.String)">
	<attribute ctor="M:JetBrains.Annotations.NotifyPropertyChangedInvocatorAttribute.#ctor" />
  </member>
</assembly>