﻿<?xml version="1.0" encoding="utf-8"?>
<assembly name="PresentationFramework.Aero, Version=3.0.0.0">
  <member name="M:Microsoft.Windows.Themes.BulletChrome.AnimateToHover(Microsoft.Windows.Themes.BulletChrome)">
    <parameter name="chrome">
      <attribute ctor="M:JetBrains.Annotations.NotNullAttribute.#ctor" />
    </parameter>
  </member>
  <member name="M:Microsoft.Windows.Themes.BulletChrome.AnimateToIndeterminate(Microsoft.Windows.Themes.BulletChrome)">
    <parameter name="chrome">
      <attribute ctor="M:JetBrains.Annotations.NotNullAttribute.#ctor" />
    </parameter>
  </member>
  <member name="M:Microsoft.Windows.Themes.BulletChrome.MeasureOverride()">
    <attribute ctor="M:JetBrains.Annotations.NotNullAttribute.#ctor" />
  </member>
  <member name="M:Microsoft.Windows.Themes.BulletChrome.OnIsCheckedChanged(,)">
    <parameter name="o">
      <attribute ctor="M:JetBrains.Annotations.NotNullAttribute.#ctor" />
    </parameter>
  </member>
  <member name="M:Microsoft.Windows.Themes.BulletChrome.OnIsEnabledChanged(,)">
    <parameter name="o">
      <attribute ctor="M:JetBrains.Annotations.NotNullAttribute.#ctor" />
    </parameter>
  </member>
  <member name="M:Microsoft.Windows.Themes.BulletChrome.OnIsRoundChanged(,)">
    <parameter name="o">
      <attribute ctor="M:JetBrains.Annotations.NotNullAttribute.#ctor" />
    </parameter>
  </member>
  <member name="M:Microsoft.Windows.Themes.BulletChrome.OnRenderMouseOverChanged(,)">
    <parameter name="o">
      <attribute ctor="M:JetBrains.Annotations.NotNullAttribute.#ctor" />
    </parameter>
  </member>
  <member name="M:Microsoft.Windows.Themes.BulletChrome.OnRenderPressedChanged(,)">
    <parameter name="o">
      <attribute ctor="M:JetBrains.Annotations.NotNullAttribute.#ctor" />
    </parameter>
  </member>
  <member name="M:Microsoft.Windows.Themes.ButtonChrome.OnRenderDefaultedChanged(,)">
    <parameter name="o">
      <attribute ctor="M:JetBrains.Annotations.NotNullAttribute.#ctor" />
    </parameter>
  </member>
  <member name="M:Microsoft.Windows.Themes.ButtonChrome.OnRenderMouseOverChanged(,)">
    <parameter name="o">
      <attribute ctor="M:JetBrains.Annotations.NotNullAttribute.#ctor" />
    </parameter>
  </member>
  <member name="M:Microsoft.Windows.Themes.ButtonChrome.OnRenderPressedChanged(,)">
    <parameter name="o">
      <attribute ctor="M:JetBrains.Annotations.NotNullAttribute.#ctor" />
    </parameter>
  </member>
  <member name="M:Microsoft.Windows.Themes.ListBoxChrome.GetBorderGeometry(,)">
    <attribute ctor="M:JetBrains.Annotations.NotNullAttribute.#ctor" />
  </member>
  <member name="M:Microsoft.Windows.Themes.ListBoxChrome.OnRenderFocusedChanged(,)">
    <parameter name="o">
      <attribute ctor="M:JetBrains.Annotations.NotNullAttribute.#ctor" />
    </parameter>
  </member>
  <member name="M:Microsoft.Windows.Themes.ListBoxChrome.OnRenderMouseOverChanged(,)">
    <parameter name="o">
      <attribute ctor="M:JetBrains.Annotations.NotNullAttribute.#ctor" />
    </parameter>
  </member>
  <member name="M:Microsoft.Windows.Themes.ProgressBarHighlightConverter.Convert(System.Object[],System.Type,System.Object,System.Globalization.CultureInfo)">
    <attribute ctor="M:JetBrains.Annotations.CanBeNullAttribute.#ctor" />
  </member>
  <member name="M:Microsoft.Windows.Themes.ProgressBarHighlightConverter.ConvertBack(System.Object,System.Type[],System.Object,System.Globalization.CultureInfo)">
    <attribute ctor="M:JetBrains.Annotations.CanBeNullAttribute.#ctor" />
  </member>
  <member name="M:Microsoft.Windows.Themes.ScrollChrome.GetScrollGlyph()">
    <parameter name="element">
      <attribute ctor="M:JetBrains.Annotations.NotNullAttribute.#ctor" />
    </parameter>
  </member>
  <member name="M:Microsoft.Windows.Themes.ScrollChrome.IsValidScrollGlyph(System.Object)">
    <parameter name="o">
      <attribute ctor="M:JetBrains.Annotations.NotNullAttribute.#ctor" />
    </parameter>
  </member>
  <member name="M:Microsoft.Windows.Themes.ScrollChrome.MeasureOverride()">
    <attribute ctor="M:JetBrains.Annotations.NotNullAttribute.#ctor" />
  </member>
  <member name="M:Microsoft.Windows.Themes.ScrollChrome.OnEnabledChanged(,)">
    <parameter name="o">
      <attribute ctor="M:JetBrains.Annotations.NotNullAttribute.#ctor" />
    </parameter>
  </member>
  <member name="M:Microsoft.Windows.Themes.ScrollChrome.OnRenderMouseOverChanged(,)">
    <parameter name="o">
      <attribute ctor="M:JetBrains.Annotations.NotNullAttribute.#ctor" />
    </parameter>
  </member>
  <member name="M:Microsoft.Windows.Themes.ScrollChrome.OnRenderPressedChanged(,)">
    <parameter name="o">
      <attribute ctor="M:JetBrains.Annotations.NotNullAttribute.#ctor" />
    </parameter>
  </member>
  <member name="M:Microsoft.Windows.Themes.ScrollChrome.SetScrollGlyph(,Microsoft.Windows.Themes.ScrollGlyph)">
    <parameter name="element">
      <attribute ctor="M:JetBrains.Annotations.NotNullAttribute.#ctor" />
    </parameter>
  </member>
  <member name="M:Microsoft.Windows.Themes.SystemDropShadowChrome.ClearBrushes(,)">
    <parameter name="o">
      <attribute ctor="M:JetBrains.Annotations.NotNullAttribute.#ctor" />
    </parameter>
  </member>
  <member name="M:Microsoft.Windows.Themes.SystemDropShadowChrome.CreateBrushes(,)">
    <attribute ctor="M:JetBrains.Annotations.NotNullAttribute.#ctor" />
  </member>
  <member name="M:Microsoft.Windows.Themes.SystemDropShadowChrome.CreateStops(,System.Double)">
    <attribute ctor="M:JetBrains.Annotations.NotNullAttribute.#ctor" />
  </member>
</assembly>