﻿<?xml version="1.0" encoding="utf-8"?>
<assembly name="System.ComponentModel.DataAnnotations, Version=4.0.0.0">
  <member name="M:System.ComponentModel.DataAnnotations.AssociatedMetadataTypeTypeDescriptionProvider.#ctor(System.Type)">
    <parameter name="type">
      <attribute ctor="M:JetBrains.Annotations.NotNullAttribute.#ctor" />
    </parameter>
  </member>
  <member name="M:System.ComponentModel.DataAnnotations.AssociatedMetadataTypeTypeDescriptionProvider.#ctor(System.Type,System.Type)">
    <parameter name="associatedMetadataType">
      <attribute ctor="M:JetBrains.Annotations.NotNullAttribute.#ctor" />
    </parameter>
    <parameter name="type">
      <attribute ctor="M:JetBrains.Annotations.NotNullAttribute.#ctor" />
    </parameter>
  </member>
  <member name="M:System.ComponentModel.DataAnnotations.AssociatedMetadataTypeTypeDescriptionProvider.GetTypeDescriptor(System.Type,System.Object)">
    <attribute ctor="M:JetBrains.Annotations.NotNullAttribute.#ctor" />
    <parameter name="objectType">
      <attribute ctor="M:JetBrains.Annotations.NotNullAttribute.#ctor" />
    </parameter>
  </member>
  <member name="M:System.ComponentModel.DataAnnotations.AssociatedMetadataTypeTypeDescriptor.#ctor(System.ComponentModel.ICustomTypeDescriptor,System.Type,System.Type)">
    <parameter name="type">
      <attribute ctor="M:JetBrains.Annotations.NotNullAttribute.#ctor" />
    </parameter>
  </member>
  <member name="M:System.ComponentModel.DataAnnotations.AssociatedMetadataTypeTypeDescriptor.GetPropertiesWithMetadata(System.ComponentModel.PropertyDescriptorCollection)">
    <parameter name="originalCollection">
      <attribute ctor="M:JetBrains.Annotations.NotNullAttribute.#ctor" />
    </parameter>
    <attribute ctor="M:JetBrains.Annotations.NotNullAttribute.#ctor" />
  </member>
  <member name="P:System.ComponentModel.DataAnnotations.AssociationAttribute.OtherKeyMembers">
    <attribute ctor="M:JetBrains.Annotations.NotNullAttribute.#ctor" />
  </member>
  <member name="P:System.ComponentModel.DataAnnotations.AssociationAttribute.ThisKeyMembers">
    <attribute ctor="M:JetBrains.Annotations.NotNullAttribute.#ctor" />
  </member>
  <member name="M:System.ComponentModel.DataAnnotations.CompareAttribute.#ctor(System.String)">
    <parameter name="otherProperty">
      <attribute ctor="M:JetBrains.Annotations.NotNullAttribute.#ctor" />
    </parameter>
  </member>
  <member name="P:System.ComponentModel.DataAnnotations.CustomValidationAttribute.TypeId">
    <attribute ctor="M:JetBrains.Annotations.NotNullAttribute.#ctor" />
  </member>
  <member name="M:System.ComponentModel.DataAnnotations.DisplayAttribute.GetAutoGenerateField">
    <attribute ctor="M:JetBrains.Annotations.CanBeNullAttribute.#ctor" />
  </member>
  <member name="M:System.ComponentModel.DataAnnotations.DisplayAttribute.GetAutoGenerateFilter">
    <attribute ctor="M:JetBrains.Annotations.CanBeNullAttribute.#ctor" />
  </member>
  <member name="M:System.ComponentModel.DataAnnotations.DisplayAttribute.GetOrder">
    <attribute ctor="M:JetBrains.Annotations.CanBeNullAttribute.#ctor" />
  </member>
  <member name="P:System.ComponentModel.DataAnnotations.FilterUIHintAttribute.ControlParameters">
    <attribute ctor="M:JetBrains.Annotations.NotNullAttribute.#ctor" />
  </member>
  <member name="P:System.ComponentModel.DataAnnotations.FilterUIHintAttribute.TypeId">
    <attribute ctor="M:JetBrains.Annotations.NotNullAttribute.#ctor" />
  </member>
  <member name="M:System.ComponentModel.DataAnnotations.MetadataPropertyDescriptorWrapper.#ctor(System.ComponentModel.PropertyDescriptor,System.Attribute[])">
    <parameter name="descriptor">
      <attribute ctor="M:JetBrains.Annotations.NotNullAttribute.#ctor" />
    </parameter>
    <parameter name="newAttributes">
      <attribute ctor="M:JetBrains.Annotations.NotNullAttribute.#ctor" />
    </parameter>
  </member>
  <member name="P:System.ComponentModel.DataAnnotations.MetadataTypeAttribute.MetadataClassType">
    <attribute ctor="M:JetBrains.Annotations.NotNullAttribute.#ctor" />
  </member>
  <member name="P:System.ComponentModel.DataAnnotations.UIHintAttribute.ControlParameters">
    <attribute ctor="M:JetBrains.Annotations.NotNullAttribute.#ctor" />
  </member>
  <member name="P:System.ComponentModel.DataAnnotations.UIHintAttribute.TypeId">
    <attribute ctor="M:JetBrains.Annotations.NotNullAttribute.#ctor" />
  </member>
  <member name="M:System.ComponentModel.DataAnnotations.ValidationAttribute.FormatErrorMessage(System.String)">
    <attribute ctor="M:JetBrains.Annotations.NotNullAttribute.#ctor" />
  </member>
  <member name="M:System.ComponentModel.DataAnnotations.ValidationAttribute.GetValidationResult(System.Object,System.ComponentModel.DataAnnotations.ValidationContext)">
    <attribute ctor="M:JetBrains.Annotations.CanBeNullAttribute.#ctor" />
    <parameter name="validationContext">
      <attribute ctor="M:JetBrains.Annotations.NotNullAttribute.#ctor" />
    </parameter>
  </member>
  <member name="M:System.ComponentModel.DataAnnotations.ValidationAttribute.Validate(System.Object,System.ComponentModel.DataAnnotations.ValidationContext)">
    <parameter name="validationContext">
      <attribute ctor="M:JetBrains.Annotations.NotNullAttribute.#ctor" />
    </parameter>
  </member>
  <member name="M:System.ComponentModel.DataAnnotations.ValidationAttributeStore.TypeStoreItem.GetExplicitAttributes(System.ComponentModel.PropertyDescriptor)">
    <attribute ctor="M:JetBrains.Annotations.NotNullAttribute.#ctor" />
    <parameter name="propertyDescriptor">
      <attribute ctor="M:JetBrains.Annotations.NotNullAttribute.#ctor" />
    </parameter>
  </member>
  <member name="M:System.ComponentModel.DataAnnotations.ValidationContext.#ctor(System.Object)">
    <parameter name="instance">
      <attribute ctor="M:JetBrains.Annotations.NotNullAttribute.#ctor" />
    </parameter>
  </member>
  <member name="M:System.ComponentModel.DataAnnotations.ValidationContext.#ctor(System.Object,System.Collections.Generic.IDictionary{System.Object,System.Object})">
    <parameter name="instance">
      <attribute ctor="M:JetBrains.Annotations.NotNullAttribute.#ctor" />
    </parameter>
  </member>
  <member name="M:System.ComponentModel.DataAnnotations.ValidationContext.#ctor(System.Object,System.IServiceProvider,System.Collections.Generic.IDictionary{System.Object,System.Object})">
    <parameter name="instance">
      <attribute ctor="M:JetBrains.Annotations.NotNullAttribute.#ctor" />
    </parameter>
  </member>
  <member name="M:System.ComponentModel.DataAnnotations.ValidationContext.GetService(System.Type)">
    <parameter name="serviceType">
      <attribute ctor="M:JetBrains.Annotations.NotNullAttribute.#ctor" />
    </parameter>
    <attribute ctor="M:JetBrains.Annotations.CanBeNullAttribute.#ctor" />
  </member>
  <member name="P:System.ComponentModel.DataAnnotations.ValidationContext.ServiceContainer">
    <attribute ctor="M:JetBrains.Annotations.NotNullAttribute.#ctor" />
  </member>
  <member name="M:System.ComponentModel.DataAnnotations.ValidationContext.ValidationContextServiceContainer.AddService(System.Type,System.ComponentModel.Design.ServiceCreatorCallback)">
    <parameter name="serviceType">
      <attribute ctor="M:JetBrains.Annotations.CanBeNullAttribute.#ctor" />
    </parameter>
  </member>
  <member name="M:System.ComponentModel.DataAnnotations.ValidationContext.ValidationContextServiceContainer.AddService(System.Type,System.ComponentModel.Design.ServiceCreatorCallback,System.Boolean)">
    <parameter name="serviceType">
      <attribute ctor="M:JetBrains.Annotations.NotNullAttribute.#ctor" />
    </parameter>
  </member>
  <member name="M:System.ComponentModel.DataAnnotations.ValidationException.#ctor(System.ComponentModel.DataAnnotations.ValidationResult,System.ComponentModel.DataAnnotations.ValidationAttribute,System.Object)">
    <parameter name="validationResult">
      <attribute ctor="M:JetBrains.Annotations.NotNullAttribute.#ctor" />
    </parameter>
  </member>
  <member name="M:System.ComponentModel.DataAnnotations.ValidationException.#ctor(System.Runtime.Serialization.SerializationInfo,System.Runtime.Serialization.StreamingContext)">
    <parameter name="info">
      <attribute ctor="M:JetBrains.Annotations.NotNullAttribute.#ctor" />
    </parameter>
  </member>
  <member name="P:System.ComponentModel.DataAnnotations.ValidationException.ValidationResult">
    <attribute ctor="M:JetBrains.Annotations.NotNullAttribute.#ctor" />
  </member>
  <member name="M:System.ComponentModel.DataAnnotations.ValidationResult.#ctor(System.ComponentModel.DataAnnotations.ValidationResult)">
    <parameter name="validationResult">
      <attribute ctor="M:JetBrains.Annotations.NotNullAttribute.#ctor" />
    </parameter>
  </member>
  <member name="M:System.ComponentModel.DataAnnotations.Validator.TryValidateObject(System.Object,System.ComponentModel.DataAnnotations.ValidationContext,System.Collections.Generic.ICollection{System.ComponentModel.DataAnnotations.ValidationResult})">
    <parameter name="instance">
      <attribute ctor="M:JetBrains.Annotations.NotNullAttribute.#ctor" />
    </parameter>
  </member>
  <member name="M:System.ComponentModel.DataAnnotations.Validator.TryValidateObject(System.Object,System.ComponentModel.DataAnnotations.ValidationContext,System.Collections.Generic.ICollection{System.ComponentModel.DataAnnotations.ValidationResult},System.Boolean)">
    <parameter name="instance">
      <attribute ctor="M:JetBrains.Annotations.NotNullAttribute.#ctor" />
    </parameter>
  </member>
  <member name="M:System.ComponentModel.DataAnnotations.Validator.TryValidateProperty(System.Object,System.ComponentModel.DataAnnotations.ValidationContext,System.Collections.Generic.ICollection{System.ComponentModel.DataAnnotations.ValidationResult})">
    <parameter name="validationContext">
      <attribute ctor="M:JetBrains.Annotations.NotNullAttribute.#ctor" />
    </parameter>
  </member>
  <member name="M:System.ComponentModel.DataAnnotations.Validator.TryValidateValue(System.Object,System.ComponentModel.DataAnnotations.ValidationContext,System.Collections.Generic.ICollection{System.ComponentModel.DataAnnotations.ValidationResult},System.Collections.Generic.IEnumerable{System.ComponentModel.DataAnnotations.ValidationAttribute})">
    <parameter name="validationContext">
      <attribute ctor="M:JetBrains.Annotations.NotNullAttribute.#ctor" />
    </parameter>
    <parameter name="validationAttributes">
      <attribute ctor="M:JetBrains.Annotations.NotNullAttribute.#ctor" />
    </parameter>
  </member>
  <member name="M:System.ComponentModel.DataAnnotations.Validator.ValidateObject(System.Object,System.ComponentModel.DataAnnotations.ValidationContext)">
    <parameter name="validationContext">
      <attribute ctor="M:JetBrains.Annotations.NotNullAttribute.#ctor" />
    </parameter>
    <parameter name="instance">
      <attribute ctor="M:JetBrains.Annotations.NotNullAttribute.#ctor" />
    </parameter>
  </member>
  <member name="M:System.ComponentModel.DataAnnotations.Validator.ValidateObject(System.Object,System.ComponentModel.DataAnnotations.ValidationContext,System.Boolean)">
    <parameter name="instance">
      <attribute ctor="M:JetBrains.Annotations.NotNullAttribute.#ctor" />
    </parameter>
    <parameter name="validationContext">
      <attribute ctor="M:JetBrains.Annotations.NotNullAttribute.#ctor" />
    </parameter>
  </member>
  <member name="M:System.ComponentModel.DataAnnotations.Validator.ValidateProperty(System.Object,System.ComponentModel.DataAnnotations.ValidationContext)">
    <parameter name="validationContext">
      <attribute ctor="M:JetBrains.Annotations.NotNullAttribute.#ctor" />
    </parameter>
  </member>
  <member name="M:System.ComponentModel.DataAnnotations.Validator.ValidateValue(System.Object,System.ComponentModel.DataAnnotations.ValidationContext,System.Collections.Generic.IEnumerable{System.ComponentModel.DataAnnotations.ValidationAttribute})">
    <parameter name="validationContext">
      <attribute ctor="M:JetBrains.Annotations.NotNullAttribute.#ctor" />
    </parameter>
    <parameter name="validationAttributes">
      <attribute ctor="M:JetBrains.Annotations.NotNullAttribute.#ctor" />
    </parameter>
  </member>
</assembly>