<assembly name="System.ComponentModel.DataAnnotations">
  
  <member name="M:System.ComponentModel.DataAnnotations.ValidationAttribute.#ctor(System.String)">
    <parameter name="errorMessage"><attribute ctor="M:JetBrains.Annotations.LocalizationRequiredAttribute.#ctor(System.Boolean)"><argument>true</argument></attribute></parameter>
  </member>
  <member name="M:System.ComponentModel.DataAnnotations.ValidationAttribute.#ctor(System.Func`1[System.String])">
    <parameter name="errorMessageAccessor"><attribute ctor="M:JetBrains.Annotations.LocalizationRequiredAttribute.#ctor(System.Boolean)"><argument>true</argument></attribute></parameter>
  </member>
  <member name="M:System.ComponentModel.DataAnnotations.ValidationAttribute.FormatErrorMessage(System.String)">
    <parameter name="name"><attribute ctor="M:JetBrains.Annotations.LocalizationRequiredAttribute.#ctor(System.Boolean)"><argument>false</argument></attribute></parameter>
  </member>
  <member name="M:System.ComponentModel.DataAnnotations.ValidationAttribute.IsValid(System.Object)">
    <parameter name="value"><attribute ctor="M:JetBrains.Annotations.LocalizationRequiredAttribute.#ctor(System.Boolean)"><argument>false</argument></attribute></parameter>
  </member>
  <member name="M:System.ComponentModel.DataAnnotations.ValidationAttribute.Validate(System.Object, System.String)">
    <parameter name="value"><attribute ctor="M:JetBrains.Annotations.LocalizationRequiredAttribute.#ctor(System.Boolean)"><argument>false</argument></attribute></parameter>
    <parameter name="name"><attribute ctor="M:JetBrains.Annotations.LocalizationRequiredAttribute.#ctor(System.Boolean)"><argument>false</argument></attribute></parameter>
  </member>

  <member name="P:System.ComponentModel.DataAnnotations.ValidationAttribute.ErrorMessage">
    <attribute ctor="M:JetBrains.Annotations.LocalizationRequiredAttribute.#ctor(System.Boolean)"><argument>true</argument></attribute>
  </member>
  <member name="P:System.ComponentModel.DataAnnotations.ValidationAttribute.ErrorMessageString">
    <attribute ctor="M:JetBrains.Annotations.LocalizationRequiredAttribute.#ctor(System.Boolean)"><argument>true</argument></attribute>
  </member>
  <member name="P:System.ComponentModel.DataAnnotations.ValidationAttribute.ErrorMessageResourceName">
    <attribute ctor="M:JetBrains.Annotations.LocalizationRequiredAttribute.#ctor(System.Boolean)"><argument>false</argument></attribute>
  </member>

  <member name="P:System.ComponentModel.DataAnnotations.DisplayAttribute.Name">
    <attribute ctor="M:JetBrains.Annotations.LocalizationRequiredAttribute.#ctor(System.Boolean)"><argument>true</argument></attribute>
  </member>
  <member name="P:System.ComponentModel.DataAnnotations.DisplayAttribute.ShortName">
    <attribute ctor="M:JetBrains.Annotations.LocalizationRequiredAttribute.#ctor(System.Boolean)"><argument>true</argument></attribute>
  </member>
  <member name="P:System.ComponentModel.DataAnnotations.DisplayAttribute.Prompt">
    <attribute ctor="M:JetBrains.Annotations.LocalizationRequiredAttribute.#ctor(System.Boolean)"><argument>true</argument></attribute>
  </member>
  <member name="P:System.ComponentModel.DataAnnotations.DisplayAttribute.Description">
    <attribute ctor="M:JetBrains.Annotations.LocalizationRequiredAttribute.#ctor(System.Boolean)"><argument>true</argument></attribute>
  </member>
  <member name="P:System.ComponentModel.DataAnnotations.DisplayAttribute.GroupName">
    <attribute ctor="M:JetBrains.Annotations.LocalizationRequiredAttribute.#ctor(System.Boolean)"><argument>true</argument></attribute>
  </member>
  
  <member name="T:System.ComponentModel.DataAnnotations.LocalizableString">
    <attribute ctor="M:JetBrains.Annotations.LocalizationRequiredAttribute.#ctor(System.Boolean)"><argument>false</argument></attribute>
  </member>
</assembly>