﻿<?xml version="1.0" encoding="utf-8"?>
<assembly name="System.ServiceModel.Web.Extensions, Version=2.0.5.0">
  <member name="M:System.ServiceModel.Channels.WebBodyFormatMessageProperty.CreateCopy">
    <attribute ctor="M:JetBrains.Annotations.NotNullAttribute.#ctor" />
  </member>
  <member name="M:System.ServiceModel.Description.WebHttpBehavior.ApplyClientBehavior(,)">
    <parameter name="endpoint">
      <attribute ctor="M:JetBrains.Annotations.NotNullAttribute.#ctor" />
    </parameter>
    <parameter name="clientRuntime">
      <attribute ctor="M:JetBrains.Annotations.NotNullAttribute.#ctor" />
    </parameter>
  </member>
  <member name="M:System.ServiceModel.Description.WebHttpBehavior.CloneMessageDescriptionsBeforeActing(,System.ServiceModel.Description.WebHttpBehavior.Effect)">
    <parameter name="effect">
      <attribute ctor="M:JetBrains.Annotations.NotNullAttribute.#ctor" />
    </parameter>
  </member>
  <member name="M:System.ServiceModel.Description.WebHttpBehavior.CloneParts()">
    <attribute ctor="M:JetBrains.Annotations.NotNullAttribute.#ctor" />
  </member>
  <member name="M:System.ServiceModel.Description.WebHttpBehavior.GetQueryStringConverter()">
    <attribute ctor="M:JetBrains.Annotations.NotNullAttribute.#ctor" />
  </member>
  <member name="M:System.ServiceModel.Description.WebHttpBehavior.GetReplyClientFormatter(,)">
    <parameter name="operationDescription">
      <attribute ctor="M:JetBrains.Annotations.NotNullAttribute.#ctor" />
    </parameter>
  </member>
  <member name="M:System.ServiceModel.Description.WebHttpBehavior.GetWebMethod()">
    <attribute ctor="M:JetBrains.Annotations.NotNullAttribute.#ctor" />
  </member>
  <member name="M:System.ServiceModel.Description.WebHttpBehavior.HideReplyMessage(,System.ServiceModel.Description.WebHttpBehavior.Effect)">
    <parameter name="effect">
      <attribute ctor="M:JetBrains.Annotations.NotNullAttribute.#ctor" />
    </parameter>
  </member>
  <member name="M:System.ServiceModel.Description.WebHttpBehavior.HideRequestUriTemplateParameters(,System.Collections.Generic.Dictionary{System.Int32,System.String},System.Collections.Generic.Dictionary{System.Int32,System.Collections.Generic.KeyValuePair{System.String,System.Type}},System.ServiceModel.Description.WebHttpBehavior.Effect)">
    <parameter name="pathMapping">
      <attribute ctor="M:JetBrains.Annotations.NotNullAttribute.#ctor" />
    </parameter>
    <parameter name="queryMapping">
      <attribute ctor="M:JetBrains.Annotations.NotNullAttribute.#ctor" />
    </parameter>
    <parameter name="effect">
      <attribute ctor="M:JetBrains.Annotations.NotNullAttribute.#ctor" />
    </parameter>
  </member>
  <member name="M:System.ServiceModel.Description.WebHttpBehavior.HideRequestUriTemplateParameters(,System.ServiceModel.Dispatcher.UriTemplateClientFormatter,System.ServiceModel.Description.WebHttpBehavior.Effect)">
    <parameter name="throwAway">
      <attribute ctor="M:JetBrains.Annotations.NotNullAttribute.#ctor" />
    </parameter>
    <parameter name="effect">
      <attribute ctor="M:JetBrains.Annotations.NotNullAttribute.#ctor" />
    </parameter>
  </member>
  <member name="M:System.ServiceModel.Description.WebHttpBehavior.MakeDummyMessageDescription()">
    <attribute ctor="M:JetBrains.Annotations.NotNullAttribute.#ctor" />
  </member>
  <member name="M:System.ServiceModel.Description.WebHttpBehavior.MessagePassthroughFormatter.SerializeRequest(,System.Object[])">
    <attribute ctor="M:JetBrains.Annotations.CanBeNullAttribute.#ctor" />
    <parameter name="parameters">
      <attribute ctor="M:JetBrains.Annotations.NotNullAttribute.#ctor" />
    </parameter>
  </member>
  <member name="M:System.ServiceModel.Description.WebHttpBehavior.Validate()">
    <parameter name="endpoint">
      <attribute ctor="M:JetBrains.Annotations.NotNullAttribute.#ctor" />
    </parameter>
  </member>
  <member name="M:System.ServiceModel.Dispatcher.QueryStringConverter.CanConvert(System.Type)">
    <parameter name="type">
      <attribute ctor="M:JetBrains.Annotations.NotNullAttribute.#ctor" />
    </parameter>
  </member>
  <member name="M:System.ServiceModel.Dispatcher.QueryStringConverter.ConvertValueToString(System.Object,System.Type)">
    <parameter name="parameter">
      <attribute ctor="M:JetBrains.Annotations.NotNullAttribute.#ctor" />
    </parameter>
    <parameter name="parameterType">
      <attribute ctor="M:JetBrains.Annotations.NotNullAttribute.#ctor" />
    </parameter>
  </member>
  <member name="M:System.ServiceModel.Dispatcher.QueryStringConverter.GetStringConverter(System.Type)">
    <parameter name="parameterType">
      <attribute ctor="M:JetBrains.Annotations.NotNullAttribute.#ctor" />
    </parameter>
  </member>
  <member name="M:System.ServiceModel.Dispatcher.SingleBodyParameterDataContractMessageFormatter.#ctor(,System.Type,System.Boolean,System.Boolean,)">
    <parameter name="operation">
      <attribute ctor="M:JetBrains.Annotations.NotNullAttribute.#ctor" />
    </parameter>
    <parameter name="parameterType">
      <attribute ctor="M:JetBrains.Annotations.NotNullAttribute.#ctor" />
    </parameter>
    <parameter name="dcsob">
      <attribute ctor="M:JetBrains.Annotations.NotNullAttribute.#ctor" />
    </parameter>
  </member>
  <member name="M:System.ServiceModel.Dispatcher.SingleBodyParameterDataContractMessageFormatter.CreateSerializer(System.Type)">
    <attribute ctor="M:JetBrains.Annotations.NotNullAttribute.#ctor" />
  </member>
  <member name="M:System.ServiceModel.Dispatcher.SingleBodyParameterDataContractMessageFormatter.UnwrapNullableType(System.Type)">
    <attribute ctor="M:JetBrains.Annotations.NotNullAttribute.#ctor" />
    <parameter name="type">
      <attribute ctor="M:JetBrains.Annotations.NotNullAttribute.#ctor" />
    </parameter>
  </member>
  <member name="M:System.ServiceModel.Dispatcher.SingleBodyParameterMessageFormatter.#ctor(,System.Boolean,System.String)">
    <parameter name="operation">
      <attribute ctor="M:JetBrains.Annotations.NotNullAttribute.#ctor" />
    </parameter>
  </member>
  <member name="M:System.ServiceModel.Dispatcher.SingleBodyParameterMessageFormatter.CreateBodyWriter(System.Object)">
    <attribute ctor="M:JetBrains.Annotations.NotNullAttribute.#ctor" />
  </member>
  <member name="M:System.ServiceModel.Dispatcher.SingleBodyParameterMessageFormatter.CreateClientFormatter(,System.Type,System.Boolean,System.Boolean,System.Object)">
    <attribute ctor="M:JetBrains.Annotations.NotNullAttribute.#ctor" />
    <parameter name="operation">
      <attribute ctor="M:JetBrains.Annotations.NotNullAttribute.#ctor" />
    </parameter>
  </member>
  <member name="M:System.ServiceModel.Dispatcher.SingleBodyParameterMessageFormatter.CreateFormatter(,,System.Type,System.Boolean,System.Boolean,System.Object)">
    <attribute ctor="M:JetBrains.Annotations.NotNullAttribute.#ctor" />
    <parameter name="behavior">
      <attribute ctor="M:JetBrains.Annotations.NotNullAttribute.#ctor" />
    </parameter>
    <parameter name="operation">
      <attribute ctor="M:JetBrains.Annotations.NotNullAttribute.#ctor" />
    </parameter>
    <parameter name="type">
      <attribute ctor="M:JetBrains.Annotations.NotNullAttribute.#ctor" />
    </parameter>
  </member>
  <member name="M:System.ServiceModel.Dispatcher.SingleBodyParameterMessageFormatter.CreateFormatter(,System.Type,System.Boolean,System.Boolean,System.Object)">
    <attribute ctor="M:JetBrains.Annotations.NotNullAttribute.#ctor" />
    <parameter name="operation">
      <attribute ctor="M:JetBrains.Annotations.NotNullAttribute.#ctor" />
    </parameter>
    <parameter name="type">
      <attribute ctor="M:JetBrains.Annotations.NotNullAttribute.#ctor" />
    </parameter>
  </member>
  <member name="M:System.ServiceModel.Dispatcher.SingleBodyParameterMessageFormatter.CreateXmlAndJsonClientFormatter(,System.Type,System.Boolean,System.Object)">
    <attribute ctor="M:JetBrains.Annotations.NotNullAttribute.#ctor" />
    <parameter name="operation">
      <attribute ctor="M:JetBrains.Annotations.NotNullAttribute.#ctor" />
    </parameter>
  </member>
  <member name="M:System.ServiceModel.Dispatcher.SingleBodyParameterMessageFormatter.NullMessageFormatter.DeserializeReply(,System.Object[])">
    <attribute ctor="M:JetBrains.Annotations.CanBeNullAttribute.#ctor" />
  </member>
  <member name="M:System.ServiceModel.Dispatcher.SingleBodyParameterMessageFormatter.SerializeRequest(,System.Object[])">
    <parameter name="parameters">
      <attribute ctor="M:JetBrains.Annotations.NotNullAttribute.#ctor" />
    </parameter>
  </member>
  <member name="M:System.ServiceModel.Dispatcher.UriTemplateClientFormatter.#ctor(,,System.ServiceModel.Dispatcher.QueryStringConverter,,System.Boolean,System.String)">
    <parameter name="qsc">
      <attribute ctor="M:JetBrains.Annotations.NotNullAttribute.#ctor" />
    </parameter>
  </member>
  <member name="M:System.ServiceModel.Dispatcher.UriTemplateClientFormatter.MakeDefaultGetUTString()">
    <attribute ctor="M:JetBrains.Annotations.NotNullAttribute.#ctor" />
  </member>
  <member name="M:System.ServiceModel.Dispatcher.UriTemplateClientFormatter.Populate(System.Collections.Generic.Dictionary{System.Int32,System.String}@,System.Collections.Generic.Dictionary{System.Int32,System.Collections.Generic.KeyValuePair{System.String,System.Type}}@,System.Int32@,System.UriTemplate@,,System.ServiceModel.Dispatcher.QueryStringConverter,System.String)">
    <parameter name="qsc">
      <attribute ctor="M:JetBrains.Annotations.NotNullAttribute.#ctor" />
    </parameter>
  </member>
  <member name="M:System.ServiceModel.Dispatcher.UriTemplateClientFormatter.SerializeRequest(,System.Object[])">
    <parameter name="parameters">
      <attribute ctor="M:JetBrains.Annotations.NotNullAttribute.#ctor" />
    </parameter>
  </member>
  <member name="M:System.ServiceModel.Dispatcher.WebFaultClientMessageInspector.BeforeSendRequest(@,)">
    <attribute ctor="M:JetBrains.Annotations.CanBeNullAttribute.#ctor" />
  </member>
  <member name="P:System.ServiceModel.SR2.Culture">
    <attribute ctor="M:JetBrains.Annotations.CanBeNullAttribute.#ctor" />
  </member>
  <member name="M:System.ServiceModel.SR2.GetObject(System.String)">
    <attribute ctor="M:JetBrains.Annotations.CanBeNullAttribute.#ctor" />
    <parameter name="name">
      <attribute ctor="M:JetBrains.Annotations.NotNullAttribute.#ctor" />
    </parameter>
  </member>
  <member name="M:System.ServiceModel.SR2.GetString(System.String)">
    <attribute ctor="M:JetBrains.Annotations.CanBeNullAttribute.#ctor" />
    <parameter name="name">
      <attribute ctor="M:JetBrains.Annotations.NotNullAttribute.#ctor" />
    </parameter>
  </member>
  <member name="M:System.ServiceModel.SR2.GetString(System.String,System.Boolean@)">
    <attribute ctor="M:JetBrains.Annotations.CanBeNullAttribute.#ctor" />
    <parameter name="name">
      <attribute ctor="M:JetBrains.Annotations.NotNullAttribute.#ctor" />
    </parameter>
  </member>
  <member name="M:System.ServiceModel.SR2.GetString(System.String,System.Object[])">
    <attribute ctor="M:JetBrains.Annotations.CanBeNullAttribute.#ctor" />
    <parameter name="name">
      <attribute ctor="M:JetBrains.Annotations.NotNullAttribute.#ctor" />
    </parameter>
  </member>
  <member name="M:System.ServiceModel.SR2CategoryAttribute.GetLocalizedString(System.String)">
    <attribute ctor="M:JetBrains.Annotations.CanBeNullAttribute.#ctor" />
    <parameter name="value">
      <attribute ctor="M:JetBrains.Annotations.NotNullAttribute.#ctor" />
    </parameter>
  </member>
  <member name="M:System.ServiceModel.Web.IncomingWebResponseContext.EnsureMessageProperty">
    <attribute ctor="M:JetBrains.Annotations.CanBeNullAttribute.#ctor" />
  </member>
  <member name="P:System.ServiceModel.Web.IncomingWebResponseContext.MessageProperty">
    <attribute ctor="M:JetBrains.Annotations.CanBeNullAttribute.#ctor" />
  </member>
  <member name="P:System.ServiceModel.Web.OutgoingWebRequestContext.MessageProperty">
    <attribute ctor="M:JetBrains.Annotations.CanBeNullAttribute.#ctor" />
  </member>
  <member name="M:System.ServiceModel.Web.WebOperationContext.#ctor()">
    <parameter name="operationContext">
      <attribute ctor="M:JetBrains.Annotations.NotNullAttribute.#ctor" />
    </parameter>
  </member>
  <member name="P:System.ServiceModel.Web.WebOperationContext.Current">
    <attribute ctor="M:JetBrains.Annotations.CanBeNullAttribute.#ctor" />
  </member>
  <member name="P:System.ServiceModel.Web.WebOperationContext.IncomingResponse">
    <attribute ctor="M:JetBrains.Annotations.NotNullAttribute.#ctor" />
  </member>
  <member name="P:System.ServiceModel.Web.WebOperationContext.OutgoingRequest">
    <attribute ctor="M:JetBrains.Annotations.NotNullAttribute.#ctor" />
  </member>
  <member name="M:System.UriTemplate.#ctor(System.String)">
    <parameter name="template">
      <attribute ctor="M:JetBrains.Annotations.NotNullAttribute.#ctor" />
    </parameter>
  </member>
  <member name="M:System.UriTemplate.#ctor(System.String,System.Boolean)">
    <parameter name="template">
      <attribute ctor="M:JetBrains.Annotations.NotNullAttribute.#ctor" />
    </parameter>
  </member>
  <member name="M:System.UriTemplate.#ctor(System.String,System.Boolean,System.Collections.Generic.IDictionary{System.String,System.String})">
    <parameter name="template">
      <attribute ctor="M:JetBrains.Annotations.NotNullAttribute.#ctor" />
    </parameter>
  </member>
  <member name="M:System.UriTemplate.#ctor(System.String,System.Collections.Generic.IDictionary{System.String,System.String})">
    <parameter name="template">
      <attribute ctor="M:JetBrains.Annotations.NotNullAttribute.#ctor" />
    </parameter>
  </member>
  <member name="M:System.UriTemplate.AddPathVariable(System.UriTemplatePartType,System.String)">
    <attribute ctor="M:JetBrains.Annotations.NotNullAttribute.#ctor" />
    <parameter name="varDeclaration">
      <attribute ctor="M:JetBrains.Annotations.NotNullAttribute.#ctor" />
    </parameter>
  </member>
  <member name="M:System.UriTemplate.AddPathVariable(System.UriTemplatePartType,System.String,System.Boolean@)">
    <attribute ctor="M:JetBrains.Annotations.NotNullAttribute.#ctor" />
    <parameter name="varDeclaration">
      <attribute ctor="M:JetBrains.Annotations.NotNullAttribute.#ctor" />
    </parameter>
  </member>
  <member name="M:System.UriTemplate.AddQueryVariable(System.String)">
    <attribute ctor="M:JetBrains.Annotations.NotNullAttribute.#ctor" />
    <parameter name="varDeclaration">
      <attribute ctor="M:JetBrains.Annotations.NotNullAttribute.#ctor" />
    </parameter>
  </member>
  <member name="M:System.UriTemplate.BindByName(,System.Collections.Generic.IDictionary{System.String,System.String})">
    <parameter name="baseAddress">
      <attribute ctor="M:JetBrains.Annotations.NotNullAttribute.#ctor" />
    </parameter>
    <parameter name="parameters">
      <attribute ctor="M:JetBrains.Annotations.NotNullAttribute.#ctor" />
    </parameter>
  </member>
  <member name="M:System.UriTemplate.BindByName(,System.Collections.Generic.IDictionary{System.String,System.String},System.Boolean)">
    <parameter name="baseAddress">
      <attribute ctor="M:JetBrains.Annotations.NotNullAttribute.#ctor" />
    </parameter>
    <parameter name="parameters">
      <attribute ctor="M:JetBrains.Annotations.NotNullAttribute.#ctor" />
    </parameter>
  </member>
  <member name="M:System.UriTemplate.PrepareBindInformation(System.Collections.Generic.IDictionary{System.String,System.String},System.Boolean)">
    <parameter name="parameters">
      <attribute ctor="M:JetBrains.Annotations.NotNullAttribute.#ctor" />
    </parameter>
  </member>
  <member name="M:System.UriTemplate.ProcessDefaultsAndCreateBindInfo(System.Boolean,System.Collections.Generic.IDictionary{System.String,System.String},System.UriTemplate.BindInformation@)">
    <parameter name="extraParameters">
      <attribute ctor="M:JetBrains.Annotations.NotNullAttribute.#ctor" />
    </parameter>
  </member>
  <member name="M:System.UriTemplate.VariablesCollection.AddDefaultValue(System.String,System.String)">
    <parameter name="varName">
      <attribute ctor="M:JetBrains.Annotations.NotNullAttribute.#ctor" />
    </parameter>
  </member>
  <member name="M:System.UriTemplate.VariablesCollection.AddPathVariable(System.UriTemplatePartType,System.String,System.Boolean@)">
    <attribute ctor="M:JetBrains.Annotations.NotNullAttribute.#ctor" />
    <parameter name="varDeclaration">
      <attribute ctor="M:JetBrains.Annotations.NotNullAttribute.#ctor" />
    </parameter>
  </member>
  <member name="M:System.UriTemplate.VariablesCollection.AddQueryVariable(System.String)">
    <attribute ctor="M:JetBrains.Annotations.NotNullAttribute.#ctor" />
    <parameter name="varDeclaration">
      <attribute ctor="M:JetBrains.Annotations.NotNullAttribute.#ctor" />
    </parameter>
  </member>
  <member name="M:System.UriTemplate.VariablesCollection.LoadDefaultsAndValidate(System.String[],System.Int32@,System.Int32@)">
    <parameter name="normalizedParameters">
      <attribute ctor="M:JetBrains.Annotations.NotNullAttribute.#ctor" />
    </parameter>
  </member>
  <member name="M:System.UriTemplate.VariablesCollection.ParseVariableDeclaration(System.String,System.String@,System.String@)">
    <parameter name="varDeclaration">
      <attribute ctor="M:JetBrains.Annotations.NotNullAttribute.#ctor" />
    </parameter>
  </member>
  <member name="P:System.UriTemplate.VariablesCollection.PathSegmentVariableNames">
    <attribute ctor="M:JetBrains.Annotations.NotNullAttribute.#ctor" />
  </member>
  <member name="M:System.UriTemplate.VariablesCollection.PrepareBindInformation(System.Collections.Generic.IDictionary{System.String,System.String},System.Boolean)">
    <parameter name="parameters">
      <attribute ctor="M:JetBrains.Annotations.NotNullAttribute.#ctor" />
    </parameter>
  </member>
  <member name="M:System.UriTemplate.VariablesCollection.PrepareNormalizedParameters">
    <attribute ctor="M:JetBrains.Annotations.NotNullAttribute.#ctor" />
  </member>
  <member name="M:System.UriTemplate.VariablesCollection.ProcessBindParameter(System.String,System.String,System.String[],System.Collections.Generic.IDictionary{System.String,System.String}@)">
    <parameter name="name">
      <attribute ctor="M:JetBrains.Annotations.NotNullAttribute.#ctor" />
    </parameter>
    <parameter name="normalizedParameters">
      <attribute ctor="M:JetBrains.Annotations.NotNullAttribute.#ctor" />
    </parameter>
    <parameter name="value">
      <attribute ctor="M:JetBrains.Annotations.NotNullAttribute.#ctor" />
    </parameter>
  </member>
  <member name="M:System.UriTemplate.VariablesCollection.ProcessDefaultsAndCreateBindInfo(System.Boolean,System.String[],System.Collections.Generic.IDictionary{System.String,System.String},System.UriTemplate.BindInformation@)">
    <parameter name="normalizedParameters">
      <attribute ctor="M:JetBrains.Annotations.NotNullAttribute.#ctor" />
    </parameter>
  </member>
  <member name="P:System.UriTemplate.VariablesCollection.QueryValueVariableNames">
    <attribute ctor="M:JetBrains.Annotations.NotNullAttribute.#ctor" />
  </member>
  <member name="M:System.UriTemplate.WildcardInfo.#ctor(System.UriTemplate,System.String)">
    <parameter name="owner">
      <attribute ctor="M:JetBrains.Annotations.NotNullAttribute.#ctor" />
    </parameter>
    <parameter name="segment">
      <attribute ctor="M:JetBrains.Annotations.NotNullAttribute.#ctor" />
    </parameter>
  </member>
  <member name="M:System.UriTemplate.WildcardInfo.Bind(System.String[],System.Int32@,System.Text.StringBuilder)">
    <parameter name="values">
      <attribute ctor="M:JetBrains.Annotations.NotNullAttribute.#ctor" />
    </parameter>
    <parameter name="path">
      <attribute ctor="M:JetBrains.Annotations.NotNullAttribute.#ctor" />
    </parameter>
  </member>
  <member name="M:System.UriTemplateCompoundPathSegment.CreateFromUriTemplate(System.String,System.UriTemplate)">
    <attribute ctor="M:JetBrains.Annotations.NotNullAttribute.#ctor" />
    <parameter name="segment">
      <attribute ctor="M:JetBrains.Annotations.NotNullAttribute.#ctor" />
    </parameter>
    <parameter name="template">
      <attribute ctor="M:JetBrains.Annotations.NotNullAttribute.#ctor" />
    </parameter>
  </member>
  <member name="M:System.UriTemplateHelpers.IdentifyPartType(System.String)">
    <parameter name="part">
      <attribute ctor="M:JetBrains.Annotations.NotNullAttribute.#ctor" />
    </parameter>
  </member>
  <member name="M:System.UriTemplateHelpers.IsWildcardSegment(System.String,System.UriTemplatePartType@)">
    <parameter name="segment">
      <attribute ctor="M:JetBrains.Annotations.NotNullAttribute.#ctor" />
    </parameter>
  </member>
  <member name="M:System.UriTemplateHelpers.UriTemplateQueryKeyComparer.Equals(System.String,System.String)">
    <parameter name="y">
      <attribute ctor="M:JetBrains.Annotations.CanBeNullAttribute.#ctor" />
    </parameter>
    <parameter name="x">
      <attribute ctor="M:JetBrains.Annotations.CanBeNullAttribute.#ctor" />
    </parameter>
  </member>
  <member name="M:System.UriTemplateHelpers.UriTemplateQueryKeyComparer.GetHashCode(System.String)">
    <parameter name="obj">
      <attribute ctor="M:JetBrains.Annotations.NotNullAttribute.#ctor" />
    </parameter>
  </member>
  <member name="M:System.UriTemplateLiteralPathSegment.#ctor(System.String)">
    <parameter name="segment">
      <attribute ctor="M:JetBrains.Annotations.NotNullAttribute.#ctor" />
    </parameter>
  </member>
  <member name="M:System.UriTemplateLiteralPathSegment.Bind(System.String[],System.Int32@,System.Text.StringBuilder)">
    <parameter name="values">
      <attribute ctor="M:JetBrains.Annotations.CanBeNullAttribute.#ctor" />
    </parameter>
  </member>
  <member name="M:System.UriTemplateLiteralPathSegment.CreateFromUriTemplate(System.String,System.UriTemplate)">
    <attribute ctor="M:JetBrains.Annotations.NotNullAttribute.#ctor" />
    <parameter name="segment">
      <attribute ctor="M:JetBrains.Annotations.NotNullAttribute.#ctor" />
    </parameter>
    <parameter name="template">
      <attribute ctor="M:JetBrains.Annotations.NotNullAttribute.#ctor" />
    </parameter>
  </member>
  <member name="M:System.UriTemplateLiteralQueryValue.Bind(System.String,System.String[],System.Int32@,System.Text.StringBuilder)">
    <parameter name="values">
      <attribute ctor="M:JetBrains.Annotations.CanBeNullAttribute.#ctor" />
    </parameter>
  </member>
  <member name="M:System.UriTemplateLiteralQueryValue.CreateFromUriTemplate(System.String)">
    <attribute ctor="M:JetBrains.Annotations.NotNullAttribute.#ctor" />
  </member>
  <member name="M:System.UriTemplatePathSegment.Bind(System.String[],System.Int32@,System.Text.StringBuilder)">
    <parameter name="values">
      <attribute ctor="M:JetBrains.Annotations.NotNullAttribute.#ctor" />
    </parameter>
    <parameter name="path">
      <attribute ctor="M:JetBrains.Annotations.NotNullAttribute.#ctor" />
    </parameter>
  </member>
  <member name="M:System.UriTemplatePathSegment.CreateFromUriTemplate(System.String,System.UriTemplate)">
    <attribute ctor="M:JetBrains.Annotations.CanBeNullAttribute.#ctor" />
    <parameter name="segment">
      <attribute ctor="M:JetBrains.Annotations.NotNullAttribute.#ctor" />
    </parameter>
    <parameter name="template">
      <attribute ctor="M:JetBrains.Annotations.NotNullAttribute.#ctor" />
    </parameter>
  </member>
  <member name="M:System.UriTemplateQueryValue.Bind(System.String,System.String[],System.Int32@,System.Text.StringBuilder)">
    <parameter name="values">
      <attribute ctor="M:JetBrains.Annotations.NotNullAttribute.#ctor" />
    </parameter>
    <parameter name="query">
      <attribute ctor="M:JetBrains.Annotations.NotNullAttribute.#ctor" />
    </parameter>
  </member>
  <member name="M:System.UriTemplateQueryValue.CreateFromUriTemplate(System.String,System.UriTemplate)">
    <parameter name="template">
      <attribute ctor="M:JetBrains.Annotations.NotNullAttribute.#ctor" />
    </parameter>
  </member>
  <member name="M:System.UriTemplateQueryValue.EmptyUriTemplateQueryValue.Bind(System.String,System.String[],System.Int32@,System.Text.StringBuilder)">
    <parameter name="values">
      <attribute ctor="M:JetBrains.Annotations.CanBeNullAttribute.#ctor" />
    </parameter>
  </member>
</assembly>