﻿<?xml version="1.0" encoding="utf-8"?>
<assembly name="Microsoft.Build.Utilities">
  <member name="M:Microsoft.Build.Shared.ErrorUtilities.ThrowInternalError(System.Boolean,System.String,System.Object[])">
    <parameter name="unformattedMessage">
      <attribute ctor="M:JetBrains.Annotations.NotNullAttribute.#ctor" />
    </parameter>
  </member>
  <member name="M:Microsoft.Build.Shared.ErrorUtilities.VerifyThrow(System.Boolean,System.String)">
    <parameter name="unformattedMessage">
      <attribute ctor="M:JetBrains.Annotations.NotNullAttribute.#ctor" />
    </parameter>
  </member>
  <member name="M:Microsoft.Build.Shared.ErrorUtilities.VerifyThrow(System.Boolean,System.String,System.Object)">
    <parameter name="unformattedMessage">
      <attribute ctor="M:JetBrains.Annotations.NotNullAttribute.#ctor" />
    </parameter>
  </member>
  <member name="M:Microsoft.Build.Shared.ErrorUtilities.VerifyThrow(System.Boolean,System.String,System.Object,System.Object)">
    <parameter name="unformattedMessage">
      <attribute ctor="M:JetBrains.Annotations.NotNullAttribute.#ctor" />
    </parameter>
  </member>
  <member name="M:Microsoft.Build.Shared.ErrorUtilities.VerifyThrow(System.Boolean,System.String,System.Object,System.Object,System.Object)">
    <parameter name="unformattedMessage">
      <attribute ctor="M:JetBrains.Annotations.NotNullAttribute.#ctor" />
    </parameter>
  </member>
  <member name="M:Microsoft.Build.Shared.ErrorUtilities.VerifyThrow(System.Boolean,System.String,System.Object,System.Object,System.Object,System.Object)">
    <parameter name="unformattedMessage">
      <attribute ctor="M:JetBrains.Annotations.NotNullAttribute.#ctor" />
    </parameter>
  </member>
  <member name="M:Microsoft.Build.Shared.ErrorUtilities.VerifyThrowArgumentLength(System.String,System.String)">
    <parameter name="parameter">
      <attribute ctor="M:JetBrains.Annotations.NotNullAttribute.#ctor" />
    </parameter>
  </member>
  <member name="M:Microsoft.Build.Shared.ErrorUtilities.VerifyThrowArgumentNull(System.Object,System.String)">
    <parameter name="parameter">
      <attribute ctor="M:JetBrains.Annotations.NotNullAttribute.#ctor" />
    </parameter>
  </member>
  <member name="M:Microsoft.Build.Shared.ErrorUtilities.VerifyThrowNoAssert(System.Boolean,System.String)">
    <parameter name="unformattedMessage">
      <attribute ctor="M:JetBrains.Annotations.NotNullAttribute.#ctor" />
    </parameter>
  </member>
  <member name="M:Microsoft.Build.Shared.EscapingUtilities.ContainsEscapedWildcards(System.String)">
    <parameter name="escapedString">
      <attribute ctor="M:JetBrains.Annotations.NotNullAttribute.#ctor" />
    </parameter>
  </member>
  <member name="M:Microsoft.Build.Shared.EscapingUtilities.ContainsReservedCharacters(System.String)">
    <parameter name="unescapedString">
      <attribute ctor="M:JetBrains.Annotations.NotNullAttribute.#ctor" />
    </parameter>
  </member>
  <member name="M:Microsoft.Build.Shared.EventArgsFormatting.FormatEventMessage(Microsoft.Build.Framework.BuildErrorEventArgs)">
    <parameter name="e">
      <attribute ctor="M:JetBrains.Annotations.NotNullAttribute.#ctor" />
    </parameter>
  </member>
  <member name="M:Microsoft.Build.Shared.EventArgsFormatting.FormatEventMessage(Microsoft.Build.Framework.BuildWarningEventArgs)">
    <parameter name="e">
      <attribute ctor="M:JetBrains.Annotations.NotNullAttribute.#ctor" />
    </parameter>
  </member>
  <member name="M:Microsoft.Build.Shared.EventArgsFormatting.SplitStringOnNewLines(System.String)">
    <attribute ctor="M:JetBrains.Annotations.NotNullAttribute.#ctor" />
    <parameter name="s">
      <attribute ctor="M:JetBrains.Annotations.NotNullAttribute.#ctor" />
    </parameter>
  </member>
  <member name="M:Microsoft.Build.Shared.ExceptionHandling.RethrowUnlessFileIO()">
    <parameter name="e">
      <attribute ctor="M:JetBrains.Annotations.NotNullAttribute.#ctor" />
    </parameter>
  </member>
  <member name="M:Microsoft.Build.Shared.FileUtilities.EndsWithSlash(System.String)">
    <parameter name="fileSpec">
      <attribute ctor="M:JetBrains.Annotations.NotNullAttribute.#ctor" />
    </parameter>
  </member>
  <member name="M:Microsoft.Build.Shared.FileUtilities.EnsureTrailingSlash(System.String)">
    <parameter name="fileSpec">
      <attribute ctor="M:JetBrains.Annotations.NotNullAttribute.#ctor" />
    </parameter>
  </member>
  <member name="M:Microsoft.Build.Shared.FileUtilities.GetItemSpecModifier(System.String,System.String,@)">
    <attribute ctor="M:JetBrains.Annotations.CanBeNullAttribute.#ctor" />
  </member>
  <member name="M:Microsoft.Build.Shared.FileUtilities.HasExtension(System.String,System.String[])">
    <parameter name="allowedExtensions">
      <attribute ctor="M:JetBrains.Annotations.NotNullAttribute.#ctor" />
    </parameter>
  </member>
  <member name="M:Microsoft.Build.Shared.FileUtilities.IsDerivableItemSpecModifier(System.String)">
    <parameter name="name">
      <attribute ctor="M:JetBrains.Annotations.NotNullAttribute.#ctor" />
    </parameter>
  </member>
  <member name="M:Microsoft.Build.Shared.ResourceUtilities.ExtractMessageCode(System.Text.RegularExpressions.Regex,System.String,System.String@)">
    <parameter name="messageWithCode">
      <attribute ctor="M:JetBrains.Annotations.NotNullAttribute.#ctor" />
    </parameter>
    <attribute ctor="M:JetBrains.Annotations.NotNullAttribute.#ctor" />
  </member>
  <member name="M:Microsoft.Build.Shared.ResourceUtilities.FormatResourceString(System.String,System.Object[])">
    <attribute ctor="M:JetBrains.Annotations.NotNullAttribute.#ctor" />
  </member>
  <member name="M:Microsoft.Build.Shared.ResourceUtilities.FormatResourceString(System.String@,System.String@,System.String,System.Object[])">
    <attribute ctor="M:JetBrains.Annotations.NotNullAttribute.#ctor" />
  </member>
  <member name="M:Microsoft.Build.Shared.ResourceUtilities.FormatString(System.String,System.Object[])">
    <parameter name="unformatted">
      <attribute ctor="M:JetBrains.Annotations.NotNullAttribute.#ctor" />
    </parameter>
    <attribute ctor="M:JetBrains.Annotations.NotNullAttribute.#ctor" />
  </member>
  <member name="M:Microsoft.Build.Utilities.AppDomainIsolatedTask.InitializeLifetimeService">
    <attribute ctor="M:JetBrains.Annotations.CanBeNullAttribute.#ctor" />
  </member>
  <member name="M:Microsoft.Build.Utilities.CanonicalError.Parse(System.String)">
    <attribute ctor="M:JetBrains.Annotations.CanBeNullAttribute.#ctor" />
    <parameter name="message">
      <attribute ctor="M:JetBrains.Annotations.NotNullAttribute.#ctor" />
    </parameter>
  </member>
  <member name="M:Microsoft.Build.Utilities.CommandLineBuilder.AppendFileNamesIfNotNull(Microsoft.Build.Framework.ITaskItem[],System.String)">
    <parameter name="delimiter">
      <attribute ctor="M:JetBrains.Annotations.NotNullAttribute.#ctor" />
    </parameter>
  </member>
  <member name="M:Microsoft.Build.Utilities.CommandLineBuilder.AppendFileNamesIfNotNull(System.String[],System.String)">
    <parameter name="delimiter">
      <attribute ctor="M:JetBrains.Annotations.NotNullAttribute.#ctor" />
    </parameter>
  </member>
  <member name="M:Microsoft.Build.Utilities.CommandLineBuilder.AppendSwitch(System.String)">
    <parameter name="switchName">
      <attribute ctor="M:JetBrains.Annotations.NotNullAttribute.#ctor" />
    </parameter>
  </member>
  <member name="M:Microsoft.Build.Utilities.CommandLineBuilder.AppendSwitchIfNotNull(System.String,Microsoft.Build.Framework.ITaskItem)">
    <parameter name="switchName">
      <attribute ctor="M:JetBrains.Annotations.NotNullAttribute.#ctor" />
    </parameter>
  </member>
  <member name="M:Microsoft.Build.Utilities.CommandLineBuilder.AppendSwitchIfNotNull(System.String,Microsoft.Build.Framework.ITaskItem[],System.String)">
    <parameter name="switchName">
      <attribute ctor="M:JetBrains.Annotations.NotNullAttribute.#ctor" />
    </parameter>
    <parameter name="delimiter">
      <attribute ctor="M:JetBrains.Annotations.NotNullAttribute.#ctor" />
    </parameter>
  </member>
  <member name="M:Microsoft.Build.Utilities.CommandLineBuilder.AppendSwitchIfNotNull(System.String,System.String)">
    <parameter name="switchName">
      <attribute ctor="M:JetBrains.Annotations.NotNullAttribute.#ctor" />
    </parameter>
  </member>
  <member name="M:Microsoft.Build.Utilities.CommandLineBuilder.AppendSwitchIfNotNull(System.String,System.String[],System.String)">
    <parameter name="switchName">
      <attribute ctor="M:JetBrains.Annotations.NotNullAttribute.#ctor" />
    </parameter>
    <parameter name="delimiter">
      <attribute ctor="M:JetBrains.Annotations.NotNullAttribute.#ctor" />
    </parameter>
  </member>
  <member name="M:Microsoft.Build.Utilities.CommandLineBuilder.AppendSwitchUnquotedIfNotNull(System.String,Microsoft.Build.Framework.ITaskItem)">
    <parameter name="switchName">
      <attribute ctor="M:JetBrains.Annotations.NotNullAttribute.#ctor" />
    </parameter>
  </member>
  <member name="M:Microsoft.Build.Utilities.CommandLineBuilder.AppendSwitchUnquotedIfNotNull(System.String,Microsoft.Build.Framework.ITaskItem[],System.String)">
    <parameter name="switchName">
      <attribute ctor="M:JetBrains.Annotations.NotNullAttribute.#ctor" />
    </parameter>
    <parameter name="delimiter">
      <attribute ctor="M:JetBrains.Annotations.NotNullAttribute.#ctor" />
    </parameter>
  </member>
  <member name="M:Microsoft.Build.Utilities.CommandLineBuilder.AppendSwitchUnquotedIfNotNull(System.String,System.String)">
    <parameter name="switchName">
      <attribute ctor="M:JetBrains.Annotations.NotNullAttribute.#ctor" />
    </parameter>
  </member>
  <member name="M:Microsoft.Build.Utilities.CommandLineBuilder.AppendSwitchUnquotedIfNotNull(System.String,System.String[],System.String)">
    <parameter name="switchName">
      <attribute ctor="M:JetBrains.Annotations.NotNullAttribute.#ctor" />
    </parameter>
    <parameter name="delimiter">
      <attribute ctor="M:JetBrains.Annotations.NotNullAttribute.#ctor" />
    </parameter>
  </member>
  <member name="M:Microsoft.Build.Utilities.Logger.FormatErrorEvent(Microsoft.Build.Framework.BuildErrorEventArgs)">
    <parameter name="args">
      <attribute ctor="M:JetBrains.Annotations.NotNullAttribute.#ctor" />
    </parameter>
  </member>
  <member name="M:Microsoft.Build.Utilities.Logger.FormatWarningEvent(Microsoft.Build.Framework.BuildWarningEventArgs)">
    <parameter name="args">
      <attribute ctor="M:JetBrains.Annotations.NotNullAttribute.#ctor" />
    </parameter>
  </member>
  <member name="M:Microsoft.Build.Utilities.Logger.Initialize(Microsoft.Build.Framework.IEventSource)">
    <parameter name="eventSource">
      <attribute ctor="M:JetBrains.Annotations.CanBeNullAttribute.#ctor" />
    </parameter>
  </member>
  <member name="M:Microsoft.Build.Utilities.TaskItem.#ctor(Microsoft.Build.Framework.ITaskItem)">
    <parameter name="sourceItem">
      <attribute ctor="M:JetBrains.Annotations.NotNullAttribute.#ctor" />
    </parameter>
  </member>
  <member name="M:Microsoft.Build.Utilities.TaskItem.#ctor(System.String)">
    <parameter name="itemSpec">
      <attribute ctor="M:JetBrains.Annotations.NotNullAttribute.#ctor" />
    </parameter>
  </member>
  <member name="M:Microsoft.Build.Utilities.TaskItem.#ctor(System.String,)">
    <parameter name="itemSpec">
      <attribute ctor="M:JetBrains.Annotations.NotNullAttribute.#ctor" />
    </parameter>
    <parameter name="itemMetadata">
      <attribute ctor="M:JetBrains.Annotations.NotNullAttribute.#ctor" />
    </parameter>
  </member>
  <member name="M:Microsoft.Build.Utilities.TaskItem.CopyMetadataTo(Microsoft.Build.Framework.ITaskItem)">
    <parameter name="destinationItem">
      <attribute ctor="M:JetBrains.Annotations.NotNullAttribute.#ctor" />
    </parameter>
  </member>
  <member name="M:Microsoft.Build.Utilities.TaskItem.GetMetadata(System.String)">
    <attribute ctor="M:JetBrains.Annotations.NotNullAttribute.#ctor" />
    <parameter name="metadataName">
      <attribute ctor="M:JetBrains.Annotations.NotNullAttribute.#ctor" />
    </parameter>
  </member>
  <member name="M:Microsoft.Build.Utilities.TaskItem.InitializeLifetimeService">
    <attribute ctor="M:JetBrains.Annotations.CanBeNullAttribute.#ctor" />
  </member>
  <member name="P:Microsoft.Build.Utilities.TaskItem.MetadataNames">
    <attribute ctor="M:JetBrains.Annotations.NotNullAttribute.#ctor" />
  </member>
  <member name="M:Microsoft.Build.Utilities.TaskItem.RemoveMetadata(System.String)">
    <parameter name="metadataName">
      <attribute ctor="M:JetBrains.Annotations.NotNullAttribute.#ctor" />
    </parameter>
  </member>
  <member name="M:Microsoft.Build.Utilities.TaskItem.SetMetadata(System.String,System.String)">
    <parameter name="metadataValue">
      <attribute ctor="M:JetBrains.Annotations.NotNullAttribute.#ctor" />
    </parameter>
    <parameter name="metadataName">
      <attribute ctor="M:JetBrains.Annotations.NotNullAttribute.#ctor" />
    </parameter>
  </member>
  <member name="M:Microsoft.Build.Utilities.TaskLoggingHelper.ExtractMessageCode(System.String,System.String@)">
    <parameter name="message">
      <attribute ctor="M:JetBrains.Annotations.NotNullAttribute.#ctor" />
    </parameter>
  </member>
  <member name="M:Microsoft.Build.Utilities.TaskLoggingHelper.FormatResourceString(System.String,System.Object[])">
    <parameter name="resourceName">
      <attribute ctor="M:JetBrains.Annotations.NotNullAttribute.#ctor" />
    </parameter>
    <attribute ctor="M:JetBrains.Annotations.NotNullAttribute.#ctor" />
  </member>
  <member name="M:Microsoft.Build.Utilities.TaskLoggingHelper.FormatString(System.String,System.Object[])">
    <parameter name="unformatted">
      <attribute ctor="M:JetBrains.Annotations.NotNullAttribute.#ctor" />
    </parameter>
    <attribute ctor="M:JetBrains.Annotations.NotNullAttribute.#ctor" />
  </member>
  <member name="M:Microsoft.Build.Utilities.TaskLoggingHelper.LogCommandLine(Microsoft.Build.Framework.MessageImportance,System.String)">
    <parameter name="commandLine">
      <attribute ctor="M:JetBrains.Annotations.NotNullAttribute.#ctor" />
    </parameter>
  </member>
  <member name="M:Microsoft.Build.Utilities.TaskLoggingHelper.LogCommandLine(System.String)">
    <parameter name="commandLine">
      <attribute ctor="M:JetBrains.Annotations.NotNullAttribute.#ctor" />
    </parameter>
  </member>
  <member name="M:Microsoft.Build.Utilities.TaskLoggingHelper.LogError(System.String,System.Object[])">
    <parameter name="message">
      <attribute ctor="M:JetBrains.Annotations.NotNullAttribute.#ctor" />
    </parameter>
  </member>
  <member name="M:Microsoft.Build.Utilities.TaskLoggingHelper.LogError(System.String,System.String,System.String,System.String,System.Int32,System.Int32,System.Int32,System.Int32,System.String,System.Object[])">
    <parameter name="message">
      <attribute ctor="M:JetBrains.Annotations.NotNullAttribute.#ctor" />
    </parameter>
  </member>
  <member name="M:Microsoft.Build.Utilities.TaskLoggingHelper.LogErrorFromException()">
    <parameter name="exception">
      <attribute ctor="M:JetBrains.Annotations.NotNullAttribute.#ctor" />
    </parameter>
  </member>
  <member name="M:Microsoft.Build.Utilities.TaskLoggingHelper.LogErrorFromException(,System.Boolean)">
    <parameter name="exception">
      <attribute ctor="M:JetBrains.Annotations.NotNullAttribute.#ctor" />
    </parameter>
  </member>
  <member name="M:Microsoft.Build.Utilities.TaskLoggingHelper.LogErrorFromException(,System.Boolean,System.Boolean,System.String)">
    <parameter name="exception">
      <attribute ctor="M:JetBrains.Annotations.NotNullAttribute.#ctor" />
    </parameter>
  </member>
  <member name="M:Microsoft.Build.Utilities.TaskLoggingHelper.LogErrorFromResources(System.String,System.Object[])">
    <parameter name="messageResourceName">
      <attribute ctor="M:JetBrains.Annotations.NotNullAttribute.#ctor" />
    </parameter>
  </member>
  <member name="M:Microsoft.Build.Utilities.TaskLoggingHelper.LogErrorFromResources(System.String,System.String,System.String,System.String,System.Int32,System.Int32,System.Int32,System.Int32,System.String,System.Object[])">
    <parameter name="messageResourceName">
      <attribute ctor="M:JetBrains.Annotations.NotNullAttribute.#ctor" />
    </parameter>
  </member>
  <member name="M:Microsoft.Build.Utilities.TaskLoggingHelper.LogErrorWithCodeFromResources(System.String,System.Object[])">
    <parameter name="messageResourceName">
      <attribute ctor="M:JetBrains.Annotations.NotNullAttribute.#ctor" />
    </parameter>
  </member>
  <member name="M:Microsoft.Build.Utilities.TaskLoggingHelper.LogErrorWithCodeFromResources(System.String,System.String,System.Int32,System.Int32,System.Int32,System.Int32,System.String,System.Object[])">
    <parameter name="messageResourceName">
      <attribute ctor="M:JetBrains.Annotations.NotNullAttribute.#ctor" />
    </parameter>
  </member>
  <member name="M:Microsoft.Build.Utilities.TaskLoggingHelper.LogMessage(Microsoft.Build.Framework.MessageImportance,System.String,System.Object[])">
    <parameter name="message">
      <attribute ctor="M:JetBrains.Annotations.NotNullAttribute.#ctor" />
    </parameter>
  </member>
  <member name="M:Microsoft.Build.Utilities.TaskLoggingHelper.LogMessage(System.String,System.Object[])">
    <parameter name="message">
      <attribute ctor="M:JetBrains.Annotations.NotNullAttribute.#ctor" />
    </parameter>
  </member>
  <member name="M:Microsoft.Build.Utilities.TaskLoggingHelper.LogMessageFromResources(Microsoft.Build.Framework.MessageImportance,System.String,System.Object[])">
    <parameter name="messageResourceName">
      <attribute ctor="M:JetBrains.Annotations.NotNullAttribute.#ctor" />
    </parameter>
  </member>
  <member name="M:Microsoft.Build.Utilities.TaskLoggingHelper.LogMessageFromResources(System.String,System.Object[])">
    <parameter name="messageResourceName">
      <attribute ctor="M:JetBrains.Annotations.NotNullAttribute.#ctor" />
    </parameter>
  </member>
  <member name="M:Microsoft.Build.Utilities.TaskLoggingHelper.LogMessageFromText(System.String,Microsoft.Build.Framework.MessageImportance)">
    <parameter name="lineOfText">
      <attribute ctor="M:JetBrains.Annotations.NotNullAttribute.#ctor" />
    </parameter>
  </member>
  <member name="M:Microsoft.Build.Utilities.TaskLoggingHelper.LogMessagesFromFile(System.String)">
    <parameter name="fileName">
      <attribute ctor="M:JetBrains.Annotations.NotNullAttribute.#ctor" />
    </parameter>
  </member>
  <member name="M:Microsoft.Build.Utilities.TaskLoggingHelper.LogMessagesFromFile(System.String,Microsoft.Build.Framework.MessageImportance)">
    <parameter name="fileName">
      <attribute ctor="M:JetBrains.Annotations.NotNullAttribute.#ctor" />
    </parameter>
  </member>
  <member name="M:Microsoft.Build.Utilities.TaskLoggingHelper.LogMessagesFromStream(,Microsoft.Build.Framework.MessageImportance)">
    <parameter name="stream">
      <attribute ctor="M:JetBrains.Annotations.NotNullAttribute.#ctor" />
    </parameter>
  </member>
  <member name="M:Microsoft.Build.Utilities.TaskLoggingHelper.LogWarning(System.String,System.Object[])">
    <parameter name="message">
      <attribute ctor="M:JetBrains.Annotations.NotNullAttribute.#ctor" />
    </parameter>
  </member>
  <member name="M:Microsoft.Build.Utilities.TaskLoggingHelper.LogWarning(System.String,System.String,System.String,System.String,System.Int32,System.Int32,System.Int32,System.Int32,System.String,System.Object[])">
    <parameter name="message">
      <attribute ctor="M:JetBrains.Annotations.NotNullAttribute.#ctor" />
    </parameter>
  </member>
  <member name="M:Microsoft.Build.Utilities.TaskLoggingHelper.LogWarningFromException()">
    <parameter name="exception">
      <attribute ctor="M:JetBrains.Annotations.NotNullAttribute.#ctor" />
    </parameter>
  </member>
  <member name="M:Microsoft.Build.Utilities.TaskLoggingHelper.LogWarningFromException(,System.Boolean)">
    <parameter name="exception">
      <attribute ctor="M:JetBrains.Annotations.NotNullAttribute.#ctor" />
    </parameter>
  </member>
  <member name="M:Microsoft.Build.Utilities.TaskLoggingHelper.LogWarningFromResources(System.String,System.Object[])">
    <parameter name="messageResourceName">
      <attribute ctor="M:JetBrains.Annotations.NotNullAttribute.#ctor" />
    </parameter>
  </member>
  <member name="M:Microsoft.Build.Utilities.TaskLoggingHelper.LogWarningFromResources(System.String,System.String,System.String,System.String,System.Int32,System.Int32,System.Int32,System.Int32,System.String,System.Object[])">
    <parameter name="messageResourceName">
      <attribute ctor="M:JetBrains.Annotations.NotNullAttribute.#ctor" />
    </parameter>
  </member>
  <member name="M:Microsoft.Build.Utilities.TaskLoggingHelper.LogWarningWithCodeFromResources(System.String,System.Object[])">
    <parameter name="messageResourceName">
      <attribute ctor="M:JetBrains.Annotations.NotNullAttribute.#ctor" />
    </parameter>
  </member>
  <member name="M:Microsoft.Build.Utilities.TaskLoggingHelper.LogWarningWithCodeFromResources(System.String,System.String,System.Int32,System.Int32,System.Int32,System.Int32,System.String,System.Object[])">
    <parameter name="messageResourceName">
      <attribute ctor="M:JetBrains.Annotations.NotNullAttribute.#ctor" />
    </parameter>
  </member>
  <member name="P:Microsoft.Build.Utilities.TaskLoggingHelper.TaskNameUpperCase">
    <attribute ctor="M:JetBrains.Annotations.NotNullAttribute.#ctor" />
  </member>
  <member name="M:Microsoft.Build.Utilities.ToolLocationHelper.ConstructDotNetFrameworkPathFromRuntimeInfo(System.String)">
    <parameter name="requestedVersion">
      <attribute ctor="M:JetBrains.Annotations.NotNullAttribute.#ctor" />
    </parameter>
  </member>
  <member name="M:Microsoft.Build.Utilities.ToolLocationHelper.FindDotNetFrameworkPath(System.String,System.String,System.String,Microsoft.Build.Utilities.GetDirectories,System.Boolean)">
    <parameter name="frameworkVersion">
      <attribute ctor="M:JetBrains.Annotations.NotNullAttribute.#ctor" />
    </parameter>
    <parameter name="getDirectories">
      <attribute ctor="M:JetBrains.Annotations.NotNullAttribute.#ctor" />
    </parameter>
  </member>
  <member name="M:Microsoft.Build.Utilities.ToolLocationHelper.FindDotNetFrameworkSdkUnderKey(System.String)">
    <attribute ctor="M:JetBrains.Annotations.CanBeNullAttribute.#ctor" />
  </member>
  <member name="M:Microsoft.Build.Utilities.ToolLocationHelper.GetDotNetFrameworkRootRegistryKey(Microsoft.Build.Utilities.TargetDotNetFrameworkVersion)">
    <attribute ctor="M:JetBrains.Annotations.NotNullAttribute.#ctor" />
  </member>
  <member name="M:Microsoft.Build.Utilities.ToolLocationHelper.GetDotNetFrameworkSdkInstallKeyValue(Microsoft.Build.Utilities.TargetDotNetFrameworkVersion)">
    <attribute ctor="M:JetBrains.Annotations.CanBeNullAttribute.#ctor" />
  </member>
  <member name="M:Microsoft.Build.Utilities.ToolLocationHelper.GetDotNetFrameworkVersionFolderPrefix(Microsoft.Build.Utilities.TargetDotNetFrameworkVersion)">
    <attribute ctor="M:JetBrains.Annotations.CanBeNullAttribute.#ctor" />
  </member>
  <member name="M:Microsoft.Build.Utilities.ToolTask.ComputePathToTool">
    <attribute ctor="M:JetBrains.Annotations.CanBeNullAttribute.#ctor" />
  </member>
  <member name="M:Microsoft.Build.Utilities.ToolTask.ConfirmProcessExit(System.Diagnostics.Process)">
    <parameter name="proc">
      <attribute ctor="M:JetBrains.Annotations.NotNullAttribute.#ctor" />
    </parameter>
  </member>
  <member name="P:Microsoft.Build.Utilities.ToolTask.EnvironmentOverride">
    <attribute ctor="M:JetBrains.Annotations.CanBeNullAttribute.#ctor" />
  </member>
  <member name="M:Microsoft.Build.Utilities.ToolTask.ExecuteTool(System.String,System.String,System.String)">
    <parameter name="commandLineCommands">
      <attribute ctor="M:JetBrains.Annotations.NotNullAttribute.#ctor" />
    </parameter>
  </member>
  <member name="M:Microsoft.Build.Utilities.ToolTask.GenerateCommandLineCommands">
    <attribute ctor="M:JetBrains.Annotations.NotNullAttribute.#ctor" />
  </member>
  <member name="M:Microsoft.Build.Utilities.ToolTask.GenerateFullPathToTool">
    <attribute ctor="M:JetBrains.Annotations.CanBeNullAttribute.#ctor" />
  </member>
  <member name="M:Microsoft.Build.Utilities.ToolTask.GenerateResponseFileCommands">
    <attribute ctor="M:JetBrains.Annotations.NotNullAttribute.#ctor" />
  </member>
  <member name="M:Microsoft.Build.Utilities.ToolTask.GetProcessStartInfo(System.String,System.String,System.String)">
    <attribute ctor="M:JetBrains.Annotations.NotNullAttribute.#ctor" />
    <parameter name="commandLineCommands">
      <attribute ctor="M:JetBrains.Annotations.NotNullAttribute.#ctor" />
    </parameter>
  </member>
  <member name="M:Microsoft.Build.Utilities.ToolTask.GetWorkingDirectory">
    <attribute ctor="M:JetBrains.Annotations.CanBeNullAttribute.#ctor" />
  </member>
  <member name="M:Microsoft.Build.Utilities.ToolTask.HandleToolNotifications(System.Diagnostics.Process)">
    <parameter name="proc">
      <attribute ctor="M:JetBrains.Annotations.NotNullAttribute.#ctor" />
    </parameter>
  </member>
  <member name="M:Microsoft.Build.Utilities.ToolTask.KillToolProcessOnTimeout(System.Diagnostics.Process)">
    <parameter name="proc">
      <attribute ctor="M:JetBrains.Annotations.NotNullAttribute.#ctor" />
    </parameter>
  </member>
  <member name="M:Microsoft.Build.Utilities.ToolTask.LogEventsFromTextOutput(System.String,Microsoft.Build.Framework.MessageImportance)">
    <parameter name="singleLine">
      <attribute ctor="M:JetBrains.Annotations.NotNullAttribute.#ctor" />
    </parameter>
  </member>
  <member name="M:Microsoft.Build.Utilities.ToolTask.LogToolCommand(System.String)">
    <parameter name="message">
      <attribute ctor="M:JetBrains.Annotations.NotNullAttribute.#ctor" />
    </parameter>
  </member>
  <member name="M:Microsoft.Build.Utilities.ToolTask.ReceiveStandardErrorData(System.Object,System.Diagnostics.DataReceivedEventArgs)">
    <parameter name="e">
      <attribute ctor="M:JetBrains.Annotations.NotNullAttribute.#ctor" />
    </parameter>
  </member>
  <member name="M:Microsoft.Build.Utilities.ToolTask.ReceiveStandardErrorOrOutputData(System.Diagnostics.DataReceivedEventArgs,,)">
    <parameter name="e">
      <attribute ctor="M:JetBrains.Annotations.NotNullAttribute.#ctor" />
    </parameter>
  </member>
  <member name="M:Microsoft.Build.Utilities.ToolTask.ReceiveStandardOutputData(System.Object,System.Diagnostics.DataReceivedEventArgs)">
    <parameter name="e">
      <attribute ctor="M:JetBrains.Annotations.NotNullAttribute.#ctor" />
    </parameter>
  </member>
  <member name="P:Microsoft.Build.Utilities.ToolTask.ToolName">
    <attribute ctor="M:JetBrains.Annotations.NotNullAttribute.#ctor" />
  </member>
</assembly>