﻿<?xml version="1.0" encoding="utf-8"?>
<assembly name="System.Web.DynamicData, Version=3.5.0.0">
  <member name="M:System.Web.DynamicData.DataSourceUtil.GetMetaTableFromControlContext(System.Web.UI.Control)">
    <attribute ctor="M:JetBrains.Annotations.NotNullAttribute.#ctor" />
    <parameter name="control">
      <attribute ctor="M:JetBrains.Annotations.NotNullAttribute.#ctor" />
    </parameter>
  </member>
  <member name="M:System.Web.DynamicData.DataSourceUtil.SetParameterTypeCodeAndDbType(System.Web.UI.WebControls.Parameter,System.Web.DynamicData.MetaColumn)">
    <parameter name="parameter">
      <attribute ctor="M:JetBrains.Annotations.NotNullAttribute.#ctor" />
    </parameter>
    <parameter name="column">
      <attribute ctor="M:JetBrains.Annotations.NotNullAttribute.#ctor" />
    </parameter>
  </member>
  <member name="M:System.Web.DynamicData.DataSourceUtil.TypeCodeFromType(System.Type)">
    <parameter name="type">
      <attribute ctor="M:JetBrains.Annotations.NotNullAttribute.#ctor" />
    </parameter>
  </member>
  <member name="M:System.Web.DynamicData.DynamicControl.GetAttribute(System.String)">
    <parameter name="key">
      <attribute ctor="M:JetBrains.Annotations.NotNullAttribute.#ctor" />
    </parameter>
    <attribute ctor="M:JetBrains.Annotations.CanBeNullAttribute.#ctor" />
  </member>
  <member name="M:System.Web.DynamicData.DynamicControl.SetAttribute(System.String,System.String)">
    <parameter name="key">
      <attribute ctor="M:JetBrains.Annotations.NotNullAttribute.#ctor" />
    </parameter>
  </member>
  <member name="P:System.Web.DynamicData.DynamicControl.System#Web#DynamicData#IFieldTemplateHost#FormattingOptions">
    <attribute ctor="M:JetBrains.Annotations.NotNullAttribute.#ctor" />
  </member>
  <member name="P:System.Web.DynamicData.DynamicControl.Table">
    <attribute ctor="M:JetBrains.Annotations.NotNullAttribute.#ctor" />
  </member>
  <member name="M:System.Web.DynamicData.DynamicControlParameter.GetWhereParameters(System.Web.DynamicData.IDynamicDataSource)">
    <parameter name="dataSource">
      <attribute ctor="M:JetBrains.Annotations.NotNullAttribute.#ctor" />
    </parameter>
  </member>
  <member name="M:System.Web.DynamicData.DynamicDataExtensions.ConvertEditedValue(System.Web.DynamicData.IFieldFormattingOptions,System.String)">
    <parameter name="formattingOptions">
      <attribute ctor="M:JetBrains.Annotations.NotNullAttribute.#ctor" />
    </parameter>
  </member>
  <member name="M:System.Web.DynamicData.DynamicDataExtensions.EnablePersistedSelection(System.Web.UI.WebControls.BaseDataBoundControl)">
    <parameter name="dataBoundControl">
      <attribute ctor="M:JetBrains.Annotations.NotNullAttribute.#ctor" />
    </parameter>
  </member>
  <member name="M:System.Web.DynamicData.DynamicDataExtensions.ExpandDynamicWhereParameters(System.Web.DynamicData.IDynamicDataSource)">
    <parameter name="dataSource">
      <attribute ctor="M:JetBrains.Annotations.NotNullAttribute.#ctor" />
    </parameter>
  </member>
  <member name="M:System.Web.DynamicData.DynamicDataExtensions.ExpandWhereParameter(System.Web.DynamicData.IDynamicDataSource,System.Web.UI.WebControls.Parameter)">
    <parameter name="dataSource">
      <attribute ctor="M:JetBrains.Annotations.NotNullAttribute.#ctor" />
    </parameter>
    <parameter name="parameter">
      <attribute ctor="M:JetBrains.Annotations.NotNullAttribute.#ctor" />
    </parameter>
  </member>
  <member name="M:System.Web.DynamicData.DynamicDataExtensions.FindDataSourceControl(System.Web.UI.Control)">
    <parameter name="current">
      <attribute ctor="M:JetBrains.Annotations.NotNullAttribute.#ctor" />
    </parameter>
    <attribute ctor="M:JetBrains.Annotations.CanBeNullAttribute.#ctor" />
  </member>
  <member name="M:System.Web.DynamicData.DynamicDataExtensions.FindFieldTemplate(System.Web.UI.Control,System.String)">
    <parameter name="control">
      <attribute ctor="M:JetBrains.Annotations.NotNullAttribute.#ctor" />
    </parameter>
  </member>
  <member name="M:System.Web.DynamicData.DynamicDataExtensions.FindMetaTable(System.Web.UI.Control)">
    <parameter name="current">
      <attribute ctor="M:JetBrains.Annotations.NotNullAttribute.#ctor" />
    </parameter>
  </member>
  <member name="M:System.Web.DynamicData.DynamicDataExtensions.FormatEditValue(System.Web.DynamicData.IFieldFormattingOptions,System.Object)">
    <parameter name="formattingOptions">
      <attribute ctor="M:JetBrains.Annotations.NotNullAttribute.#ctor" />
    </parameter>
    <attribute ctor="M:JetBrains.Annotations.NotNullAttribute.#ctor" />
  </member>
  <member name="M:System.Web.DynamicData.DynamicDataExtensions.FormatValue(System.Web.DynamicData.IFieldFormattingOptions,System.Object)">
    <parameter name="formattingOptions">
      <attribute ctor="M:JetBrains.Annotations.NotNullAttribute.#ctor" />
    </parameter>
  </member>
  <member name="M:System.Web.DynamicData.DynamicDataExtensions.LoadWithForeignKeys(System.Web.UI.WebControls.LinqDataSource,System.Type)">
    <parameter name="dataSource">
      <attribute ctor="M:JetBrains.Annotations.NotNullAttribute.#ctor" />
    </parameter>
  </member>
  <member name="M:System.Web.DynamicData.DynamicDataManager.AutoFieldGenerator.GenerateFields(System.Web.UI.Control)">
    <attribute ctor="M:JetBrains.Annotations.NotNullAttribute.#ctor" />
  </member>
  <member name="P:System.Web.DynamicData.DynamicDataManager.BaseDataControlAdapter.DataKeys">
    <attribute ctor="M:JetBrains.Annotations.CanBeNullAttribute.#ctor" />
  </member>
  <member name="P:System.Web.DynamicData.DynamicDataManager.BaseDataControlAdapter.DataSourceObject">
    <attribute ctor="M:JetBrains.Annotations.CanBeNullAttribute.#ctor" />
  </member>
  <member name="P:System.Web.DynamicData.DynamicDataManager.BaseDataControlAdapter.Fields">
    <attribute ctor="M:JetBrains.Annotations.CanBeNullAttribute.#ctor" />
  </member>
  <member name="P:System.Web.DynamicData.DynamicDataManager.BaseDataControlAdapter.SelectedDataKey">
    <attribute ctor="M:JetBrains.Annotations.CanBeNullAttribute.#ctor" />
  </member>
  <member name="P:System.Web.DynamicData.DynamicDataManager.DataBoundControlParameterTargetAdapter.FilteredColumn">
    <attribute ctor="M:JetBrains.Annotations.CanBeNullAttribute.#ctor" />
  </member>
  <member name="M:System.Web.DynamicData.DynamicDataManager.DataBoundControlParameterTargetAdapter.GetPropertyNameExpression(System.String)">
    <attribute ctor="M:JetBrains.Annotations.NotNullAttribute.#ctor" />
  </member>
  <member name="P:System.Web.DynamicData.DynamicDataManager.DetailsViewAdapter.Fields">
    <attribute ctor="M:JetBrains.Annotations.NotNullAttribute.#ctor" />
  </member>
  <member name="P:System.Web.DynamicData.DynamicDataManager.DetailsViewAdapter.SelectedDataKey">
    <attribute ctor="M:JetBrains.Annotations.NotNullAttribute.#ctor" />
  </member>
  <member name="P:System.Web.DynamicData.DynamicDataManager.FormViewAdapter.SelectedDataKey">
    <attribute ctor="M:JetBrains.Annotations.NotNullAttribute.#ctor" />
  </member>
  <member name="M:System.Web.DynamicData.DynamicDataManager.GetControlAdapter(System.Web.UI.Control)">
    <attribute ctor="M:JetBrains.Annotations.CanBeNullAttribute.#ctor" />
  </member>
  <member name="M:System.Web.DynamicData.DynamicDataManager.GetControlParameterTarget(System.Web.UI.Control)">
    <attribute ctor="M:JetBrains.Annotations.CanBeNullAttribute.#ctor" />
  </member>
  <member name="M:System.Web.DynamicData.DynamicDataManager.GetDataBoundControl(System.Web.UI.Control,System.Boolean)">
    <attribute ctor="M:JetBrains.Annotations.CanBeNullAttribute.#ctor" />
    <parameter name="control">
      <attribute ctor="M:JetBrains.Annotations.NotNullAttribute.#ctor" />
    </parameter>
  </member>
  <member name="P:System.Web.DynamicData.DynamicDataManager.GridViewAdapter.DataKeys">
    <attribute ctor="M:JetBrains.Annotations.NotNullAttribute.#ctor" />
  </member>
  <member name="P:System.Web.DynamicData.DynamicDataManager.GridViewAdapter.Fields">
    <attribute ctor="M:JetBrains.Annotations.NotNullAttribute.#ctor" />
  </member>
  <member name="P:System.Web.DynamicData.DynamicDataManager.ListViewAdapter.DataKeys">
    <attribute ctor="M:JetBrains.Annotations.NotNullAttribute.#ctor" />
  </member>
  <member name="M:System.Web.DynamicData.DynamicDataManager.RegisterControl(System.Web.UI.Control)">
    <parameter name="control">
      <attribute ctor="M:JetBrains.Annotations.NotNullAttribute.#ctor" />
    </parameter>
  </member>
  <member name="M:System.Web.DynamicData.DynamicDataManager.RegisterControl(System.Web.UI.Control,System.Boolean)">
    <parameter name="control">
      <attribute ctor="M:JetBrains.Annotations.NotNullAttribute.#ctor" />
    </parameter>
  </member>
  <member name="M:System.Web.DynamicData.DynamicDataRoute.AddQueryStringParamsToRouteData(System.Web.HttpContextBase,System.Web.Routing.RouteData)">
    <parameter name="httpContext">
      <attribute ctor="M:JetBrains.Annotations.NotNullAttribute.#ctor" />
    </parameter>
    <parameter name="routeData">
      <attribute ctor="M:JetBrains.Annotations.NotNullAttribute.#ctor" />
    </parameter>
  </member>
  <member name="M:System.Web.DynamicData.DynamicDataRoute.GetActionFromRouteData(System.Web.Routing.RouteData)">
    <parameter name="routeData">
      <attribute ctor="M:JetBrains.Annotations.NotNullAttribute.#ctor" />
    </parameter>
    <attribute ctor="M:JetBrains.Annotations.NotNullAttribute.#ctor" />
  </member>
  <member name="M:System.Web.DynamicData.DynamicDataRoute.GetTableFromRouteData(System.Web.Routing.RouteData)">
    <parameter name="routeData">
      <attribute ctor="M:JetBrains.Annotations.NotNullAttribute.#ctor" />
    </parameter>
  </member>
  <member name="M:System.Web.DynamicData.DynamicDataRoute.GetVirtualPath(System.Web.Routing.RequestContext,System.Web.Routing.RouteValueDictionary)">
    <parameter name="requestContext">
      <attribute ctor="M:JetBrains.Annotations.CanBeNullAttribute.#ctor" />
    </parameter>
  </member>
  <member name="M:System.Web.DynamicData.DynamicDataRoute.VerifyRouteValues(System.Web.Routing.RouteValueDictionary)">
    <parameter name="values">
      <attribute ctor="M:JetBrains.Annotations.NotNullAttribute.#ctor" />
    </parameter>
  </member>
  <member name="M:System.Web.DynamicData.DynamicDataRouteHandler.CreateHandler(System.Web.DynamicData.DynamicDataRoute,System.Web.DynamicData.MetaTable,System.String)">
    <parameter name="route">
      <attribute ctor="M:JetBrains.Annotations.NotNullAttribute.#ctor" />
    </parameter>
    <parameter name="table">
      <attribute ctor="M:JetBrains.Annotations.NotNullAttribute.#ctor" />
    </parameter>
  </member>
  <member name="M:System.Web.DynamicData.DynamicDataRouteHandler.GetCustomPageVirtualPath(System.Web.DynamicData.MetaTable,System.String)">
    <parameter name="table">
      <attribute ctor="M:JetBrains.Annotations.NotNullAttribute.#ctor" />
    </parameter>
    <attribute ctor="M:JetBrains.Annotations.NotNullAttribute.#ctor" />
  </member>
  <member name="M:System.Web.DynamicData.DynamicDataRouteHandler.GetPageVirtualPath(System.Web.DynamicData.DynamicDataRoute,System.Web.DynamicData.MetaTable,System.String)">
    <parameter name="route">
      <attribute ctor="M:JetBrains.Annotations.NotNullAttribute.#ctor" />
    </parameter>
    <parameter name="table">
      <attribute ctor="M:JetBrains.Annotations.NotNullAttribute.#ctor" />
    </parameter>
  </member>
  <member name="M:System.Web.DynamicData.DynamicDataRouteHandler.GetPageVirtualPathNoCache(System.Web.DynamicData.DynamicDataRoute,System.Web.DynamicData.MetaTable,System.String)">
    <parameter name="route">
      <attribute ctor="M:JetBrains.Annotations.NotNullAttribute.#ctor" />
    </parameter>
    <parameter name="table">
      <attribute ctor="M:JetBrains.Annotations.NotNullAttribute.#ctor" />
    </parameter>
    <attribute ctor="M:JetBrains.Annotations.CanBeNullAttribute.#ctor" />
  </member>
  <member name="M:System.Web.DynamicData.DynamicDataRouteHandler.GetRequestContext(System.Web.HttpContext)">
    <attribute ctor="M:JetBrains.Annotations.NotNullAttribute.#ctor" />
    <parameter name="httpContext">
      <attribute ctor="M:JetBrains.Annotations.NotNullAttribute.#ctor" />
    </parameter>
  </member>
  <member name="M:System.Web.DynamicData.DynamicDataRouteHandler.GetRequestMetaTable(System.Web.HttpContext)">
    <parameter name="httpContext">
      <attribute ctor="M:JetBrains.Annotations.NotNullAttribute.#ctor" />
    </parameter>
  </member>
  <member name="M:System.Web.DynamicData.DynamicDataRouteHandler.GetScaffoldPageVirtualPath(System.Web.DynamicData.MetaTable,System.String)">
    <attribute ctor="M:JetBrains.Annotations.NotNullAttribute.#ctor" />
  </member>
  <member name="M:System.Web.DynamicData.DynamicDataRouteHandler.GetVirtualPathCache">
    <attribute ctor="M:JetBrains.Annotations.NotNullAttribute.#ctor" />
  </member>
  <member name="M:System.Web.DynamicData.DynamicDataRouteHandler.SetRequestMetaTable(System.Web.HttpContext,System.Web.DynamicData.MetaTable)">
    <parameter name="httpContext">
      <attribute ctor="M:JetBrains.Annotations.NotNullAttribute.#ctor" />
    </parameter>
  </member>
  <member name="M:System.Web.DynamicData.DynamicDataRouteHandler.System#Web#Routing#IRouteHandler#GetHttpHandler(System.Web.Routing.RequestContext)">
    <parameter name="requestContext">
      <attribute ctor="M:JetBrains.Annotations.NotNullAttribute.#ctor" />
    </parameter>
  </member>
  <member name="M:System.Web.DynamicData.DynamicField.ExtractValuesFromCell(System.Collections.Specialized.IOrderedDictionary,System.Web.UI.WebControls.DataControlFieldCell,System.Web.UI.WebControls.DataControlRowState,System.Boolean)">
    <parameter name="dictionary">
      <attribute ctor="M:JetBrains.Annotations.CanBeNullAttribute.#ctor" />
    </parameter>
  </member>
  <member name="M:System.Web.DynamicData.DynamicField.GetAttribute(System.String)">
    <parameter name="key">
      <attribute ctor="M:JetBrains.Annotations.NotNullAttribute.#ctor" />
    </parameter>
    <attribute ctor="M:JetBrains.Annotations.CanBeNullAttribute.#ctor" />
  </member>
  <member name="M:System.Web.DynamicData.DynamicField.SetAttribute(System.String,System.String)">
    <parameter name="key">
      <attribute ctor="M:JetBrains.Annotations.NotNullAttribute.#ctor" />
    </parameter>
  </member>
  <member name="P:System.Web.DynamicData.DynamicValidator.DynamicDataSource">
    <attribute ctor="M:JetBrains.Annotations.CanBeNullAttribute.#ctor" />
  </member>
  <member name="M:System.Web.DynamicData.DynamicValidator.OnException(System.Object,System.Web.DynamicData.DynamicValidatorEventArgs)">
    <parameter name="e">
      <attribute ctor="M:JetBrains.Annotations.NotNullAttribute.#ctor" />
    </parameter>
  </member>
  <member name="M:System.Web.DynamicData.FieldTemplateFactory.BuildVirtualPath(System.String,System.Web.DynamicData.MetaColumn,System.Web.UI.WebControls.DataBoundControlMode)">
    <parameter name="templateName">
      <attribute ctor="M:JetBrains.Annotations.NotNullAttribute.#ctor" />
    </parameter>
    <attribute ctor="M:JetBrains.Annotations.NotNullAttribute.#ctor" />
  </member>
  <member name="M:System.Web.DynamicData.FieldTemplateFactory.CreateFieldTemplate(System.Web.DynamicData.MetaColumn,System.Web.UI.WebControls.DataBoundControlMode,System.String)">
    <parameter name="column">
      <attribute ctor="M:JetBrains.Annotations.NotNullAttribute.#ctor" />
    </parameter>
    <parameter name="uiHint">
      <attribute ctor="M:JetBrains.Annotations.NotNullAttribute.#ctor" />
    </parameter>
  </member>
  <member name="M:System.Web.DynamicData.FieldTemplateFactory.FileExists(System.String)">
    <parameter name="virtualPath">
      <attribute ctor="M:JetBrains.Annotations.NotNullAttribute.#ctor" />
    </parameter>
  </member>
  <member name="M:System.Web.DynamicData.FieldTemplateFactory.GetFallBackType(System.Type)">
    <parameter name="t">
      <attribute ctor="M:JetBrains.Annotations.NotNullAttribute.#ctor" />
    </parameter>
  </member>
  <member name="M:System.Web.DynamicData.FieldTemplateFactory.GetFieldTemplateVirtualPath(System.Web.DynamicData.MetaColumn,System.Web.UI.WebControls.DataBoundControlMode,System.String)">
    <parameter name="uiHint">
      <attribute ctor="M:JetBrains.Annotations.NotNullAttribute.#ctor" />
    </parameter>
    <attribute ctor="M:JetBrains.Annotations.CanBeNullAttribute.#ctor" />
    <parameter name="column">
      <attribute ctor="M:JetBrains.Annotations.NotNullAttribute.#ctor" />
    </parameter>
  </member>
  <member name="M:System.Web.DynamicData.FieldTemplateFactory.GetFieldTemplateVirtualPathWithCaching(System.Web.DynamicData.MetaColumn,System.Web.UI.WebControls.DataBoundControlMode,System.String)">
    <attribute ctor="M:JetBrains.Annotations.CanBeNullAttribute.#ctor" />
    <parameter name="column">
      <attribute ctor="M:JetBrains.Annotations.NotNullAttribute.#ctor" />
    </parameter>
    <parameter name="uiHint">
      <attribute ctor="M:JetBrains.Annotations.NotNullAttribute.#ctor" />
    </parameter>
  </member>
  <member name="M:System.Web.DynamicData.FieldTemplateFactory.GetVirtualPathForMode(System.String,System.Web.DynamicData.MetaColumn,System.Web.UI.WebControls.DataBoundControlMode)">
    <parameter name="column">
      <attribute ctor="M:JetBrains.Annotations.NotNullAttribute.#ctor" />
    </parameter>
  </member>
  <member name="M:System.Web.DynamicData.FieldTemplateFactory.GetVirtualPathForTypeWithFallback(System.Type,System.Web.DynamicData.MetaColumn,System.Web.UI.WebControls.DataBoundControlMode)">
    <parameter name="fieldType">
      <attribute ctor="M:JetBrains.Annotations.NotNullAttribute.#ctor" />
    </parameter>
    <parameter name="column">
      <attribute ctor="M:JetBrains.Annotations.NotNullAttribute.#ctor" />
    </parameter>
  </member>
  <member name="M:System.Web.DynamicData.FieldTemplateFactory.GetVirtualPathIfExists(System.String,System.Web.DynamicData.MetaColumn,System.Web.UI.WebControls.DataBoundControlMode)">
    <parameter name="templateName">
      <attribute ctor="M:JetBrains.Annotations.NotNullAttribute.#ctor" />
    </parameter>
    <attribute ctor="M:JetBrains.Annotations.CanBeNullAttribute.#ctor" />
  </member>
  <member name="M:System.Web.DynamicData.FieldTemplateFactory.GetVirtualPathWithModeFallback(System.String,System.Web.DynamicData.MetaColumn,System.Web.UI.WebControls.DataBoundControlMode)">
    <attribute ctor="M:JetBrains.Annotations.CanBeNullAttribute.#ctor" />
    <parameter name="column">
      <attribute ctor="M:JetBrains.Annotations.NotNullAttribute.#ctor" />
    </parameter>
  </member>
  <member name="M:System.Web.DynamicData.FieldTemplateFactory.PreprocessMode(System.Web.DynamicData.MetaColumn,System.Web.UI.WebControls.DataBoundControlMode)">
    <parameter name="column">
      <attribute ctor="M:JetBrains.Annotations.NotNullAttribute.#ctor" />
    </parameter>
  </member>
  <member name="M:System.Web.DynamicData.FieldTemplateUserControl.BuildChildrenPath(System.String)">
    <attribute ctor="M:JetBrains.Annotations.NotNullAttribute.#ctor" />
  </member>
  <member name="M:System.Web.DynamicData.FieldTemplateUserControl.BuildForeignKeyPath(System.String)">
    <attribute ctor="M:JetBrains.Annotations.NotNullAttribute.#ctor" />
  </member>
  <member name="P:System.Web.DynamicData.FieldTemplateUserControl.ChildrenColumn">
    <attribute ctor="M:JetBrains.Annotations.NotNullAttribute.#ctor" />
  </member>
  <member name="P:System.Web.DynamicData.FieldTemplateUserControl.ChildrenPath">
    <attribute ctor="M:JetBrains.Annotations.NotNullAttribute.#ctor" />
  </member>
  <member name="P:System.Web.DynamicData.FieldTemplateUserControl.DataControl">
    <attribute ctor="M:JetBrains.Annotations.CanBeNullAttribute.#ctor" />
  </member>
  <member name="M:System.Web.DynamicData.FieldTemplateUserControl.ExtractForeignKey(System.Collections.IDictionary,System.String)">
    <parameter name="dictionary">
      <attribute ctor="M:JetBrains.Annotations.NotNullAttribute.#ctor" />
    </parameter>
  </member>
  <member name="P:System.Web.DynamicData.FieldTemplateUserControl.FieldValueEditString">
    <attribute ctor="M:JetBrains.Annotations.NotNullAttribute.#ctor" />
  </member>
  <member name="M:System.Web.DynamicData.FieldTemplateUserControl.FindOtherFieldTemplate(System.String)">
    <attribute ctor="M:JetBrains.Annotations.CanBeNullAttribute.#ctor" />
  </member>
  <member name="P:System.Web.DynamicData.FieldTemplateUserControl.ForeignKeyColumn">
    <attribute ctor="M:JetBrains.Annotations.NotNullAttribute.#ctor" />
  </member>
  <member name="P:System.Web.DynamicData.FieldTemplateUserControl.ForeignKeyPath">
    <attribute ctor="M:JetBrains.Annotations.NotNullAttribute.#ctor" />
  </member>
  <member name="M:System.Web.DynamicData.FieldTemplateUserControl.GetColumnValue(System.Web.DynamicData.MetaColumn)">
    <parameter name="column">
      <attribute ctor="M:JetBrains.Annotations.NotNullAttribute.#ctor" />
    </parameter>
  </member>
  <member name="M:System.Web.DynamicData.FieldTemplateUserControl.IgnoreModelValidationAttribute(System.Type)">
    <parameter name="attributeType">
      <attribute ctor="M:JetBrains.Annotations.NotNullAttribute.#ctor" />
    </parameter>
  </member>
  <member name="P:System.Web.DynamicData.FieldTemplateUserControl.MetadataAttributes">
    <attribute ctor="M:JetBrains.Annotations.NotNullAttribute.#ctor" />
  </member>
  <member name="M:System.Web.DynamicData.FieldTemplateUserControl.PopulateListControl(System.Web.UI.WebControls.ListControl)">
    <parameter name="listControl">
      <attribute ctor="M:JetBrains.Annotations.NotNullAttribute.#ctor" />
    </parameter>
  </member>
  <member name="M:System.Web.DynamicData.FieldTemplateUserControl.SetUpCompareValidator(System.Web.UI.WebControls.CompareValidator,System.Web.DynamicData.MetaColumn)">
    <parameter name="validator">
      <attribute ctor="M:JetBrains.Annotations.NotNullAttribute.#ctor" />
    </parameter>
    <parameter name="column">
      <attribute ctor="M:JetBrains.Annotations.NotNullAttribute.#ctor" />
    </parameter>
  </member>
  <member name="M:System.Web.DynamicData.FieldTemplateUserControl.SetUpDynamicValidator(System.Web.DynamicData.DynamicValidator,System.Web.DynamicData.MetaColumn)">
    <parameter name="validator">
      <attribute ctor="M:JetBrains.Annotations.NotNullAttribute.#ctor" />
    </parameter>
  </member>
  <member name="M:System.Web.DynamicData.FieldTemplateUserControl.SetUpRangeValidator(System.Web.UI.WebControls.RangeValidator,System.Web.DynamicData.MetaColumn)">
    <parameter name="validator">
      <attribute ctor="M:JetBrains.Annotations.NotNullAttribute.#ctor" />
    </parameter>
    <parameter name="column">
      <attribute ctor="M:JetBrains.Annotations.NotNullAttribute.#ctor" />
    </parameter>
  </member>
  <member name="M:System.Web.DynamicData.FieldTemplateUserControl.SetUpRegexValidator(System.Web.UI.WebControls.RegularExpressionValidator,System.Web.DynamicData.MetaColumn)">
    <parameter name="validator">
      <attribute ctor="M:JetBrains.Annotations.NotNullAttribute.#ctor" />
    </parameter>
    <parameter name="column">
      <attribute ctor="M:JetBrains.Annotations.NotNullAttribute.#ctor" />
    </parameter>
  </member>
  <member name="M:System.Web.DynamicData.FieldTemplateUserControl.SetUpRequiredFieldValidator(System.Web.UI.WebControls.RequiredFieldValidator,System.Web.DynamicData.MetaColumn)">
    <parameter name="validator">
      <attribute ctor="M:JetBrains.Annotations.NotNullAttribute.#ctor" />
    </parameter>
    <parameter name="column">
      <attribute ctor="M:JetBrains.Annotations.NotNullAttribute.#ctor" />
    </parameter>
  </member>
  <member name="M:System.Web.DynamicData.FieldTemplateUserControl.SetUpValidator(System.Web.UI.WebControls.BaseValidator)">
    <parameter name="validator">
      <attribute ctor="M:JetBrains.Annotations.NotNullAttribute.#ctor" />
    </parameter>
  </member>
  <member name="M:System.Web.DynamicData.FieldTemplateUserControl.SetUpValidator(System.Web.UI.WebControls.BaseValidator,System.Web.DynamicData.MetaColumn)">
    <parameter name="validator">
      <attribute ctor="M:JetBrains.Annotations.NotNullAttribute.#ctor" />
    </parameter>
    <parameter name="column">
      <attribute ctor="M:JetBrains.Annotations.NotNullAttribute.#ctor" />
    </parameter>
  </member>
  <member name="M:System.Web.DynamicData.FieldTemplateUserControl.System#Web#DynamicData#IFieldTemplate#SetHost(System.Web.DynamicData.IFieldTemplateHost)">
    <parameter name="host">
      <attribute ctor="M:JetBrains.Annotations.NotNullAttribute.#ctor" />
    </parameter>
  </member>
  <member name="M:System.Web.DynamicData.FileChangeNotifier.#ctor(System.String,System.Web.DynamicData.FileChangedCallback)">
    <parameter name="virtualPath">
      <attribute ctor="M:JetBrains.Annotations.NotNullAttribute.#ctor" />
    </parameter>
  </member>
  <member name="M:System.Web.DynamicData.FileChangeNotifier.OnCacheItemRemoved(System.String,System.Object,System.Web.Caching.CacheItemRemovedReason)">
    <parameter name="key">
      <attribute ctor="M:JetBrains.Annotations.NotNullAttribute.#ctor" />
    </parameter>
  </member>
  <member name="M:System.Web.DynamicData.FileChangeNotifier.Register(System.String,System.Web.DynamicData.FileChangedCallback)">
    <parameter name="virtualPath">
      <attribute ctor="M:JetBrains.Annotations.NotNullAttribute.#ctor" />
    </parameter>
  </member>
  <member name="M:System.Web.DynamicData.FileChangeNotifier.RegisterForNextNotification(System.String)">
    <parameter name="virtualPath">
      <attribute ctor="M:JetBrains.Annotations.NotNullAttribute.#ctor" />
    </parameter>
  </member>
  <member name="M:System.Web.DynamicData.FilterRepeater.GetFilteredColumns">
    <attribute ctor="M:JetBrains.Annotations.NotNullAttribute.#ctor" />
  </member>
  <member name="M:System.Web.DynamicData.FilterRepeater.IsFilterableColumn(System.Web.DynamicData.MetaColumn)">
    <parameter name="column">
      <attribute ctor="M:JetBrains.Annotations.NotNullAttribute.#ctor" />
    </parameter>
  </member>
  <member name="M:System.Web.DynamicData.FilterRepeater.OnFilterItemCreated(System.Web.UI.WebControls.RepeaterItem)">
    <parameter name="item">
      <attribute ctor="M:JetBrains.Annotations.NotNullAttribute.#ctor" />
    </parameter>
  </member>
  <member name="M:System.Web.DynamicData.FilterUserControlBase.FilterDelegateBase.GetInitialValueFromQueryString">
    <attribute ctor="M:JetBrains.Annotations.CanBeNullAttribute.#ctor" />
  </member>
  <member name="M:System.Web.DynamicData.FilterUserControlBase.FilterDelegateBase.GetPropertyNameExpression(System.String)">
    <attribute ctor="M:JetBrains.Annotations.NotNullAttribute.#ctor" />
  </member>
  <member name="M:System.Web.DynamicData.FilterUserControlBase.FilterDelegateBase.PopulateListControl(System.Web.UI.WebControls.ListControl)">
    <parameter name="listControl">
      <attribute ctor="M:JetBrains.Annotations.NotNullAttribute.#ctor" />
    </parameter>
  </member>
  <member name="M:System.Web.DynamicData.FilterUserControlBase.ForeignKeyFilterDelegate.#ctor(System.Web.DynamicData.FilterUserControlBase)">
    <parameter name="filterControl">
      <attribute ctor="M:JetBrains.Annotations.NotNullAttribute.#ctor" />
    </parameter>
  </member>
  <member name="M:System.Web.DynamicData.FilterUserControlBase.ForeignKeyFilterDelegate.GetInitialValueFromQueryString">
    <attribute ctor="M:JetBrains.Annotations.NotNullAttribute.#ctor" />
  </member>
  <member name="M:System.Web.DynamicData.FilterUserControlBase.PopulateListControl(System.Web.UI.WebControls.ListControl)">
    <parameter name="listControl">
      <attribute ctor="M:JetBrains.Annotations.NotNullAttribute.#ctor" />
    </parameter>
  </member>
  <member name="P:System.Web.DynamicData.FilterUserControlBase.SelectedDataKey">
    <attribute ctor="M:JetBrains.Annotations.CanBeNullAttribute.#ctor" />
  </member>
  <member name="P:System.Web.DynamicData.FilterUserControlBase.SelectedValue">
    <attribute ctor="M:JetBrains.Annotations.CanBeNullAttribute.#ctor" />
  </member>
  <member name="P:System.Web.DynamicData.FilterUserControlBase.System#Web#DynamicData#IControlParameterTarget#FilteredColumn">
    <attribute ctor="M:JetBrains.Annotations.CanBeNullAttribute.#ctor" />
  </member>
  <member name="M:System.Web.DynamicData.FilterUserControlBase.System#Web#DynamicData#IControlParameterTarget#GetPropertyNameExpression(System.String)">
    <attribute ctor="M:JetBrains.Annotations.NotNullAttribute.#ctor" />
  </member>
  <member name="M:System.Web.DynamicData.MetaChildrenColumn.GetChildrenListPath(System.Object)">
    <attribute ctor="M:JetBrains.Annotations.NotNullAttribute.#ctor" />
  </member>
  <member name="M:System.Web.DynamicData.MetaChildrenColumn.GetChildrenPath(System.String,System.Object)">
    <attribute ctor="M:JetBrains.Annotations.NotNullAttribute.#ctor" />
  </member>
  <member name="M:System.Web.DynamicData.MetaChildrenColumn.GetChildrenPath(System.String,System.Object,System.String)">
    <attribute ctor="M:JetBrains.Annotations.NotNullAttribute.#ctor" />
  </member>
  <member name="M:System.Web.DynamicData.MetaChildrenColumn.GetRouteValues(System.Object)">
    <attribute ctor="M:JetBrains.Annotations.NotNullAttribute.#ctor" />
  </member>
  <member name="P:System.Web.DynamicData.MetaChildrenColumn.SortExpressionInternal">
    <attribute ctor="M:JetBrains.Annotations.NotNullAttribute.#ctor" />
  </member>
  <member name="P:System.Web.DynamicData.MetaColumn.Attributes">
    <attribute ctor="M:JetBrains.Annotations.NotNullAttribute.#ctor" />
  </member>
  <member name="M:System.Web.DynamicData.MetaColumn.Create(System.Web.DynamicData.MetaTable,System.Web.DynamicData.ModelProviders.ColumnProvider)">
    <attribute ctor="M:JetBrains.Annotations.NotNullAttribute.#ctor" />
    <parameter name="columnProvider">
      <attribute ctor="M:JetBrains.Annotations.NotNullAttribute.#ctor" />
    </parameter>
  </member>
  <member name="P:System.Web.DynamicData.MetaColumn.EntityTypeProperty">
    <attribute ctor="M:JetBrains.Annotations.CanBeNullAttribute.#ctor" />
  </member>
  <member name="P:System.Web.DynamicData.MetaColumn.RequiredErrorMessage">
    <attribute ctor="M:JetBrains.Annotations.NotNullAttribute.#ctor" />
  </member>
  <member name="M:System.Web.DynamicData.MetadataHandlerRegistration.GetTypeDescriptor(System.Type)">
    <parameter name="type">
      <attribute ctor="M:JetBrains.Annotations.NotNullAttribute.#ctor" />
    </parameter>
    <attribute ctor="M:JetBrains.Annotations.CanBeNullAttribute.#ctor" />
  </member>
  <member name="M:System.Web.DynamicData.MetadataHandlerRegistration.RegisterSingle(System.Type,System.ComponentModel.TypeDescriptionProvider)">
    <parameter name="entityType">
      <attribute ctor="M:JetBrains.Annotations.NotNullAttribute.#ctor" />
    </parameter>
  </member>
  <member name="M:System.Web.DynamicData.MetaForeignKeyColumn.ExtractForeignKey(System.Collections.IDictionary,System.String)">
    <parameter name="dictionary">
      <attribute ctor="M:JetBrains.Annotations.NotNullAttribute.#ctor" />
    </parameter>
  </member>
  <member name="M:System.Web.DynamicData.MetaForeignKeyColumn.GetForeignKeyDetailsPath(System.Object)">
    <attribute ctor="M:JetBrains.Annotations.NotNullAttribute.#ctor" />
  </member>
  <member name="M:System.Web.DynamicData.MetaForeignKeyColumn.GetForeignKeyPath(System.String,System.Object)">
    <attribute ctor="M:JetBrains.Annotations.NotNullAttribute.#ctor" />
  </member>
  <member name="M:System.Web.DynamicData.MetaForeignKeyColumn.GetForeignKeyPath(System.String,System.Object,System.String)">
    <attribute ctor="M:JetBrains.Annotations.NotNullAttribute.#ctor" />
  </member>
  <member name="M:System.Web.DynamicData.MetaForeignKeyColumn.GetForeignKeyString(System.Object)">
    <attribute ctor="M:JetBrains.Annotations.NotNullAttribute.#ctor" />
    <parameter name="row">
      <attribute ctor="M:JetBrains.Annotations.NotNullAttribute.#ctor" />
    </parameter>
  </member>
  <member name="M:System.Web.DynamicData.MetaForeignKeyColumn.GetForeignKeyValues(System.Object)">
    <attribute ctor="M:JetBrains.Annotations.CanBeNullAttribute.#ctor" />
    <parameter name="row">
      <attribute ctor="M:JetBrains.Annotations.NotNullAttribute.#ctor" />
    </parameter>
  </member>
  <member name="P:System.Web.DynamicData.MetaForeignKeyColumn.SortExpressionInternal">
    <attribute ctor="M:JetBrains.Annotations.NotNullAttribute.#ctor" />
  </member>
  <member name="M:System.Web.DynamicData.MetaModel.AddTable(System.Web.DynamicData.MetaTable)">
    <parameter name="table">
      <attribute ctor="M:JetBrains.Annotations.NotNullAttribute.#ctor" />
    </parameter>
  </member>
  <member name="M:System.Web.DynamicData.MetaModel.CheckTableNameConflict(System.Web.DynamicData.MetaTable,System.String,System.Collections.Generic.List{System.Web.DynamicData.MetaTable})">
    <parameter name="table">
      <attribute ctor="M:JetBrains.Annotations.NotNullAttribute.#ctor" />
    </parameter>
    <parameter name="tablesToInitialize">
      <attribute ctor="M:JetBrains.Annotations.NotNullAttribute.#ctor" />
    </parameter>
  </member>
  <member name="M:System.Web.DynamicData.MetaModel.ContextTypeTableNamePair.#ctor(System.Type,System.String)">
    <parameter name="contextType">
      <attribute ctor="M:JetBrains.Annotations.NotNullAttribute.#ctor" />
    </parameter>
    <parameter name="tableName">
      <attribute ctor="M:JetBrains.Annotations.NotNullAttribute.#ctor" />
    </parameter>
  </member>
  <member name="M:System.Web.DynamicData.MetaModel.ContextTypeTableNamePair.Equals(System.Object)">
    <parameter name="obj">
      <attribute ctor="M:JetBrains.Annotations.CanBeNullAttribute.#ctor" />
    </parameter>
  </member>
  <member name="M:System.Web.DynamicData.MetaModel.ContextTypeTableNamePair.Equals(System.Web.DynamicData.MetaModel.ContextTypeTableNamePair)">
    <parameter name="other">
      <attribute ctor="M:JetBrains.Annotations.CanBeNullAttribute.#ctor" />
    </parameter>
  </member>
  <member name="M:System.Web.DynamicData.MetaModel.GetActionPath(System.String,System.String,System.Object)">
    <parameter name="tableName">
      <attribute ctor="M:JetBrains.Annotations.NotNullAttribute.#ctor" />
    </parameter>
    <attribute ctor="M:JetBrains.Annotations.NotNullAttribute.#ctor" />
  </member>
  <member name="M:System.Web.DynamicData.MetaModel.GetModel(System.Type)">
    <parameter name="contextType">
      <attribute ctor="M:JetBrains.Annotations.NotNullAttribute.#ctor" />
    </parameter>
  </member>
  <member name="M:System.Web.DynamicData.MetaModel.GetTable(System.String)">
    <parameter name="uniqueTableName">
      <attribute ctor="M:JetBrains.Annotations.NotNullAttribute.#ctor" />
    </parameter>
  </member>
  <member name="M:System.Web.DynamicData.MetaModel.GetTable(System.String,System.Type)">
    <parameter name="tableName">
      <attribute ctor="M:JetBrains.Annotations.NotNullAttribute.#ctor" />
    </parameter>
    <parameter name="contextType">
      <attribute ctor="M:JetBrains.Annotations.NotNullAttribute.#ctor" />
    </parameter>
  </member>
  <member name="M:System.Web.DynamicData.MetaModel.GetTable(System.Type)">
    <parameter name="entityType">
      <attribute ctor="M:JetBrains.Annotations.NotNullAttribute.#ctor" />
    </parameter>
  </member>
  <member name="M:System.Web.DynamicData.MetaModel.GetTableFromType(System.Type)">
    <parameter name="entityType">
      <attribute ctor="M:JetBrains.Annotations.NotNullAttribute.#ctor" />
    </parameter>
  </member>
  <member name="M:System.Web.DynamicData.MetaModel.MetaModelManager.AddModel(System.Type,System.Web.DynamicData.MetaModel)">
    <parameter name="contextType">
      <attribute ctor="M:JetBrains.Annotations.NotNullAttribute.#ctor" />
    </parameter>
  </member>
  <member name="M:System.Web.DynamicData.MetaModel.MetaModelManager.AddTable(System.Type,System.Web.DynamicData.MetaTable)">
    <parameter name="entityType">
      <attribute ctor="M:JetBrains.Annotations.NotNullAttribute.#ctor" />
    </parameter>
  </member>
  <member name="M:System.Web.DynamicData.MetaModel.MetaModelManager.TryGetModel(System.Type,System.Web.DynamicData.MetaModel@)">
    <parameter name="contextType">
      <attribute ctor="M:JetBrains.Annotations.NotNullAttribute.#ctor" />
    </parameter>
  </member>
  <member name="M:System.Web.DynamicData.MetaModel.MetaModelManager.TryGetTable(System.Type,System.Web.DynamicData.MetaTable@)">
    <parameter name="type">
      <attribute ctor="M:JetBrains.Annotations.NotNullAttribute.#ctor" />
    </parameter>
  </member>
  <member name="M:System.Web.DynamicData.MetaModel.RegisterContext(System.Func{System.Object})">
    <parameter name="contextFactory">
      <attribute ctor="M:JetBrains.Annotations.NotNullAttribute.#ctor" />
    </parameter>
  </member>
  <member name="M:System.Web.DynamicData.MetaModel.RegisterContext(System.Func{System.Object},System.Web.DynamicData.ContextConfiguration)">
    <parameter name="contextFactory">
      <attribute ctor="M:JetBrains.Annotations.NotNullAttribute.#ctor" />
    </parameter>
    <parameter name="configuration">
      <attribute ctor="M:JetBrains.Annotations.NotNullAttribute.#ctor" />
    </parameter>
  </member>
  <member name="M:System.Web.DynamicData.MetaModel.RegisterContext(System.Type)">
    <parameter name="contextType">
      <attribute ctor="M:JetBrains.Annotations.NotNullAttribute.#ctor" />
    </parameter>
  </member>
  <member name="M:System.Web.DynamicData.MetaModel.RegisterContext(System.Type,System.Web.DynamicData.ContextConfiguration)">
    <parameter name="contextType">
      <attribute ctor="M:JetBrains.Annotations.NotNullAttribute.#ctor" />
    </parameter>
    <parameter name="configuration">
      <attribute ctor="M:JetBrains.Annotations.NotNullAttribute.#ctor" />
    </parameter>
  </member>
  <member name="M:System.Web.DynamicData.MetaModel.RegisterContext(System.Web.DynamicData.ModelProviders.DataModelProvider)">
    <parameter name="dataModelProvider">
      <attribute ctor="M:JetBrains.Annotations.NotNullAttribute.#ctor" />
    </parameter>
  </member>
  <member name="M:System.Web.DynamicData.MetaModel.RegisterContext(System.Web.DynamicData.ModelProviders.DataModelProvider,System.Web.DynamicData.ContextConfiguration)">
    <parameter name="dataModelProvider">
      <attribute ctor="M:JetBrains.Annotations.NotNullAttribute.#ctor" />
    </parameter>
    <parameter name="configuration">
      <attribute ctor="M:JetBrains.Annotations.NotNullAttribute.#ctor" />
    </parameter>
  </member>
  <member name="M:System.Web.DynamicData.MetaModel.RegisterMetadataTypeDescriptionProvider(System.Web.DynamicData.ModelProviders.TableProvider,System.Func{System.Type,System.ComponentModel.TypeDescriptionProvider})">
    <parameter name="entity">
      <attribute ctor="M:JetBrains.Annotations.NotNullAttribute.#ctor" />
    </parameter>
  </member>
  <member name="M:System.Web.DynamicData.MetaModel.TryGetTable(System.String,System.Web.DynamicData.MetaTable@)">
    <parameter name="uniqueTableName">
      <attribute ctor="M:JetBrains.Annotations.NotNullAttribute.#ctor" />
    </parameter>
  </member>
  <member name="P:System.Web.DynamicData.MetaModel.VisibleTables">
    <attribute ctor="M:JetBrains.Annotations.NotNullAttribute.#ctor" />
  </member>
  <member name="M:System.Web.DynamicData.MetaTable.#ctor(System.Web.DynamicData.MetaModel,System.Web.DynamicData.ModelProviders.TableProvider,System.Boolean,System.String)">
    <parameter name="tableProvider">
      <attribute ctor="M:JetBrains.Annotations.NotNullAttribute.#ctor" />
    </parameter>
  </member>
  <member name="P:System.Web.DynamicData.MetaTable.ForeignKeyColumnsNames">
    <attribute ctor="M:JetBrains.Annotations.NotNullAttribute.#ctor" />
  </member>
  <member name="M:System.Web.DynamicData.MetaTable.GetActionPath(System.String)">
    <attribute ctor="M:JetBrains.Annotations.NotNullAttribute.#ctor" />
  </member>
  <member name="M:System.Web.DynamicData.MetaTable.GetActionPath(System.String,System.Collections.Generic.IList{System.Object})">
    <attribute ctor="M:JetBrains.Annotations.NotNullAttribute.#ctor" />
  </member>
  <member name="M:System.Web.DynamicData.MetaTable.GetActionPath(System.String,System.Collections.Generic.IList{System.Object},System.String)">
    <attribute ctor="M:JetBrains.Annotations.NotNullAttribute.#ctor" />
  </member>
  <member name="M:System.Web.DynamicData.MetaTable.GetActionPath(System.String,System.Object)">
    <attribute ctor="M:JetBrains.Annotations.NotNullAttribute.#ctor" />
  </member>
  <member name="M:System.Web.DynamicData.MetaTable.GetActionPath(System.String,System.Object,System.String)">
    <attribute ctor="M:JetBrains.Annotations.NotNullAttribute.#ctor" />
  </member>
  <member name="M:System.Web.DynamicData.MetaTable.GetActionPath(System.String,System.Web.Routing.RouteValueDictionary)">
    <parameter name="routeValues">
      <attribute ctor="M:JetBrains.Annotations.NotNullAttribute.#ctor" />
    </parameter>
    <attribute ctor="M:JetBrains.Annotations.NotNullAttribute.#ctor" />
  </member>
  <member name="M:System.Web.DynamicData.MetaTable.GetActionPathFromRoutes(System.Web.Routing.RouteValueDictionary)">
    <attribute ctor="M:JetBrains.Annotations.NotNullAttribute.#ctor" />
    <parameter name="routeValues">
      <attribute ctor="M:JetBrains.Annotations.NotNullAttribute.#ctor" />
    </parameter>
  </member>
  <member name="M:System.Web.DynamicData.MetaTable.GetColumn(System.String)">
    <parameter name="columnName">
      <attribute ctor="M:JetBrains.Annotations.NotNullAttribute.#ctor" />
    </parameter>
  </member>
  <member name="M:System.Web.DynamicData.MetaTable.GetDataKeyFromRoute">
    <attribute ctor="M:JetBrains.Annotations.CanBeNullAttribute.#ctor" />
  </member>
  <member name="M:System.Web.DynamicData.MetaTable.GetDisplayString(System.Object)">
    <attribute ctor="M:JetBrains.Annotations.NotNullAttribute.#ctor" />
  </member>
  <member name="M:System.Web.DynamicData.MetaTable.GetPrimaryKeyString(System.Collections.Generic.IList{System.Object})">
    <attribute ctor="M:JetBrains.Annotations.NotNullAttribute.#ctor" />
  </member>
  <member name="M:System.Web.DynamicData.MetaTable.GetPrimaryKeyString(System.Object)">
    <attribute ctor="M:JetBrains.Annotations.NotNullAttribute.#ctor" />
  </member>
  <member name="M:System.Web.DynamicData.MetaTable.GetPrimaryKeyValues(System.Object)">
    <attribute ctor="M:JetBrains.Annotations.CanBeNullAttribute.#ctor" />
  </member>
  <member name="M:System.Web.DynamicData.MetaTable.GetRouteValuesFromPK(System.Web.Routing.RouteValueDictionary,System.Collections.Generic.IList{System.Object})">
    <parameter name="routeValues">
      <attribute ctor="M:JetBrains.Annotations.NotNullAttribute.#ctor" />
    </parameter>
  </member>
  <member name="P:System.Web.DynamicData.MetaTable.ListActionPath">
    <attribute ctor="M:JetBrains.Annotations.NotNullAttribute.#ctor" />
  </member>
  <member name="P:System.Web.DynamicData.MetaTable.PrimaryKeyColumns">
    <attribute ctor="M:JetBrains.Annotations.NotNullAttribute.#ctor" />
  </member>
  <member name="P:System.Web.DynamicData.MetaTable.PrimaryKeyNames">
    <attribute ctor="M:JetBrains.Annotations.NotNullAttribute.#ctor" />
  </member>
  <member name="M:System.Web.DynamicData.MetaTable.TryGetColumn(System.String,System.Web.DynamicData.MetaColumn@)">
    <parameter name="columnName">
      <attribute ctor="M:JetBrains.Annotations.NotNullAttribute.#ctor" />
    </parameter>
  </member>
  <member name="M:System.Web.DynamicData.Misc.EqualDataKeys(System.Web.UI.WebControls.DataKey,System.Web.UI.WebControls.DataKey)">
    <parameter name="dataKey1">
      <attribute ctor="M:JetBrains.Annotations.NotNullAttribute.#ctor" />
    </parameter>
    <parameter name="dataKey2">
      <attribute ctor="M:JetBrains.Annotations.NotNullAttribute.#ctor" />
    </parameter>
  </member>
  <member name="M:System.Web.DynamicData.Misc.ExtractValuesFromBindableControls(System.Collections.Specialized.IOrderedDictionary,System.Web.UI.Control)">
    <parameter name="container">
      <attribute ctor="M:JetBrains.Annotations.NotNullAttribute.#ctor" />
    </parameter>
  </member>
  <member name="M:System.Web.DynamicData.Misc.FillListItemCollection(System.Web.DynamicData.MetaTable,System.Web.UI.WebControls.ListItemCollection)">
    <parameter name="table">
      <attribute ctor="M:JetBrains.Annotations.NotNullAttribute.#ctor" />
    </parameter>
    <parameter name="listItemCollection">
      <attribute ctor="M:JetBrains.Annotations.NotNullAttribute.#ctor" />
    </parameter>
  </member>
  <member name="M:System.Web.DynamicData.Misc.FindControl(System.Web.UI.Control,System.String)">
    <parameter name="control">
      <attribute ctor="M:JetBrains.Annotations.NotNullAttribute.#ctor" />
    </parameter>
    <parameter name="controlID">
      <attribute ctor="M:JetBrains.Annotations.NotNullAttribute.#ctor" />
    </parameter>
  </member>
  <member name="M:System.Web.DynamicData.Misc.GetKeyValues(System.Collections.Generic.IList{System.Web.DynamicData.MetaColumn},System.Object)">
    <attribute ctor="M:JetBrains.Annotations.NotNullAttribute.#ctor" />
    <parameter name="keyMembers">
      <attribute ctor="M:JetBrains.Annotations.NotNullAttribute.#ctor" />
    </parameter>
    <parameter name="entity">
      <attribute ctor="M:JetBrains.Annotations.NotNullAttribute.#ctor" />
    </parameter>
  </member>
  <member name="M:System.Web.DynamicData.Misc.GetRouteValue(System.String)">
    <attribute ctor="M:JetBrains.Annotations.CanBeNullAttribute.#ctor" />
    <parameter name="key">
      <attribute ctor="M:JetBrains.Annotations.NotNullAttribute.#ctor" />
    </parameter>
  </member>
  <member name="M:System.Web.DynamicData.Misc.ParseCommaSeparatedString(System.String)">
    <parameter name="stringList">
      <attribute ctor="M:JetBrains.Annotations.NotNullAttribute.#ctor" />
    </parameter>
    <attribute ctor="M:JetBrains.Annotations.NotNullAttribute.#ctor" />
  </member>
  <member name="M:System.Web.DynamicData.Misc.PersistListToCommaSeparatedString(System.Collections.Generic.IList{System.Object})">
    <attribute ctor="M:JetBrains.Annotations.NotNullAttribute.#ctor" />
  </member>
  <member name="M:System.Web.DynamicData.Misc.RemoveNullableFromType(System.Type)">
    <parameter name="type">
      <attribute ctor="M:JetBrains.Annotations.NotNullAttribute.#ctor" />
    </parameter>
  </member>
  <member name="M:System.Web.DynamicData.Misc.SanitizeQueryStringValue(System.Object)">
    <attribute ctor="M:JetBrains.Annotations.CanBeNullAttribute.#ctor" />
  </member>
  <member name="M:System.Web.DynamicData.ModelProviders.AssociationProvider.GetSortExpression(System.Web.DynamicData.ModelProviders.ColumnProvider)">
    <parameter name="sortColumn">
      <attribute ctor="M:JetBrains.Annotations.NotNullAttribute.#ctor" />
    </parameter>
    <attribute ctor="M:JetBrains.Annotations.CanBeNullAttribute.#ctor" />
  </member>
  <member name="M:System.Web.DynamicData.ModelProviders.AssociationProvider.GetSortExpression(System.Web.DynamicData.ModelProviders.ColumnProvider,System.String)">
    <parameter name="sortColumn">
      <attribute ctor="M:JetBrains.Annotations.NotNullAttribute.#ctor" />
    </parameter>
    <parameter name="format">
      <attribute ctor="M:JetBrains.Annotations.NotNullAttribute.#ctor" />
    </parameter>
    <attribute ctor="M:JetBrains.Annotations.CanBeNullAttribute.#ctor" />
  </member>
  <member name="P:System.Web.DynamicData.ModelProviders.ColumnProvider.Association">
    <attribute ctor="M:JetBrains.Annotations.CanBeNullAttribute.#ctor" />
  </member>
  <member name="P:System.Web.DynamicData.ModelProviders.ColumnProvider.EntityTypeProperty">
    <attribute ctor="M:JetBrains.Annotations.CanBeNullAttribute.#ctor" />
  </member>
  <member name="M:System.Web.DynamicData.ModelProviders.DLinqAssociationProvider.#ctor(System.Web.DynamicData.ModelProviders.DLinqColumnProvider)">
    <parameter name="column">
      <attribute ctor="M:JetBrains.Annotations.NotNullAttribute.#ctor" />
    </parameter>
  </member>
  <member name="M:System.Web.DynamicData.ModelProviders.DLinqColumnProvider.ProcessMaxLength(System.Type,System.String)">
    <parameter name="memberType">
      <attribute ctor="M:JetBrains.Annotations.NotNullAttribute.#ctor" />
    </parameter>
  </member>
  <member name="M:System.Web.DynamicData.ModelProviders.DLinqTableProvider.#ctor(System.Web.DynamicData.ModelProviders.DLinqDataModelProvider,System.Web.DynamicData.MetaTable,System.Reflection.PropertyInfo)">
    <parameter name="dataModel">
      <attribute ctor="M:JetBrains.Annotations.NotNullAttribute.#ctor" />
    </parameter>
    <parameter name="contextProperty">
      <attribute ctor="M:JetBrains.Annotations.NotNullAttribute.#ctor" />
    </parameter>
  </member>
  <member name="M:System.Web.DynamicData.ModelProviders.DLinqTableProvider.GetQuery(System.Object)">
    <parameter name="context">
      <attribute ctor="M:JetBrains.Annotations.CanBeNullAttribute.#ctor" />
    </parameter>
  </member>
  <member name="M:System.Web.DynamicData.ModelProviders.EFAssociationProvider.#ctor(System.Web.DynamicData.ModelProviders.EFColumnProvider,)">
    <parameter name="column">
      <attribute ctor="M:JetBrains.Annotations.NotNullAttribute.#ctor" />
    </parameter>
  </member>
  <member name="M:System.Web.DynamicData.ModelProviders.EFColumnProvider.#ctor(System.Web.DynamicData.ModelProviders.EFTableProvider,,System.Boolean)">
    <parameter name="table">
      <attribute ctor="M:JetBrains.Annotations.NotNullAttribute.#ctor" />
    </parameter>
  </member>
  <member name="M:System.Web.DynamicData.ModelProviders.EFDataModelProvider.GetClrType()">
    <parameter name="entityType">
      <attribute ctor="M:JetBrains.Annotations.NotNullAttribute.#ctor" />
    </parameter>
  </member>
  <member name="M:System.Web.DynamicData.ModelProviders.EFTableProvider.QuoteEntitySqlIdentifier(System.String)">
    <parameter name="identifier">
      <attribute ctor="M:JetBrains.Annotations.NotNullAttribute.#ctor" />
    </parameter>
  </member>
  <member name="M:System.Web.DynamicData.ModelProviders.SchemaCreator.CreateDataModel(System.Object,System.Func{System.Object})">
    <attribute ctor="M:JetBrains.Annotations.NotNullAttribute.#ctor" />
    <parameter name="contextInstance">
      <attribute ctor="M:JetBrains.Annotations.NotNullAttribute.#ctor" />
    </parameter>
  </member>
  <member name="M:System.Web.DynamicData.ModelProviders.TableProvider.EvaluateForeignKey(System.Object,System.String)">
    <parameter name="row">
      <attribute ctor="M:JetBrains.Annotations.NotNullAttribute.#ctor" />
    </parameter>
    <parameter name="foreignKeyName">
      <attribute ctor="M:JetBrains.Annotations.NotNullAttribute.#ctor" />
    </parameter>
    <attribute ctor="M:JetBrains.Annotations.CanBeNullAttribute.#ctor" />
  </member>
  <member name="M:System.Web.DynamicData.ModelProviders.TableProvider.GetQuery(System.Object)">
    <parameter name="context">
      <attribute ctor="M:JetBrains.Annotations.NotNullAttribute.#ctor" />
    </parameter>
  </member>
  <member name="P:System.Web.DynamicData.PageAction.Details">
    <attribute ctor="M:JetBrains.Annotations.NotNullAttribute.#ctor" />
  </member>
  <member name="P:System.Web.DynamicData.PageAction.Edit">
    <attribute ctor="M:JetBrains.Annotations.NotNullAttribute.#ctor" />
  </member>
  <member name="P:System.Web.DynamicData.PageAction.Insert">
    <attribute ctor="M:JetBrains.Annotations.NotNullAttribute.#ctor" />
  </member>
  <member name="P:System.Web.DynamicData.PageAction.List">
    <attribute ctor="M:JetBrains.Annotations.NotNullAttribute.#ctor" />
  </member>
  <member name="M:System.Web.DynamicData.QueryStringHandler.AddFiltersToPath(System.String,System.Collections.Generic.IDictionary{System.String,System.Object})">
    <attribute ctor="M:JetBrains.Annotations.NotNullAttribute.#ctor" />
    <parameter name="virtualPath">
      <attribute ctor="M:JetBrains.Annotations.NotNullAttribute.#ctor" />
    </parameter>
    <parameter name="filters">
      <attribute ctor="M:JetBrains.Annotations.NotNullAttribute.#ctor" />
    </parameter>
  </member>
  <member name="M:System.Web.DynamicData.QueryStringHandler.ConcatenateQueryStringElements(System.Collections.Generic.IDictionary{System.String,System.Object})">
    <attribute ctor="M:JetBrains.Annotations.NotNullAttribute.#ctor" />
    <parameter name="parameters">
      <attribute ctor="M:JetBrains.Annotations.NotNullAttribute.#ctor" />
    </parameter>
  </member>
  <member name="M:System.Web.DynamicData.QueryStringHandler.SanitizeParameterComponent(System.Object)">
    <attribute ctor="M:JetBrains.Annotations.NotNullAttribute.#ctor" />
  </member>
  <member name="M:System.Web.DynamicData.TableNameAttribute.#ctor(System.String)">
    <parameter name="name">
      <attribute ctor="M:JetBrains.Annotations.NotNullAttribute.#ctor" />
    </parameter>
  </member>
  <member name="P:System.Web.Resources.DynamicDataResources.AssociationProvider_DirectionDoesNotSupportSorting">
    <attribute ctor="M:JetBrains.Annotations.CanBeNullAttribute.#ctor" />
  </member>
  <member name="P:System.Web.Resources.DynamicDataResources.AssociationProvider_SortColumnDoesNotBelongToEndTable">
    <attribute ctor="M:JetBrains.Annotations.CanBeNullAttribute.#ctor" />
  </member>
  <member name="P:System.Web.Resources.DynamicDataResources.Common_PageCannotBeNull">
    <attribute ctor="M:JetBrains.Annotations.CanBeNullAttribute.#ctor" />
  </member>
  <member name="P:System.Web.Resources.DynamicDataResources.DataSourceUtil_CantDetermineTable">
    <attribute ctor="M:JetBrains.Annotations.CanBeNullAttribute.#ctor" />
  </member>
  <member name="P:System.Web.Resources.DynamicDataResources.DynamicControl_ControlMustHaveDateFieldAttribute">
    <attribute ctor="M:JetBrains.Annotations.CanBeNullAttribute.#ctor" />
  </member>
  <member name="P:System.Web.Resources.DynamicDataResources.DynamicControl_ControlNeedsToExistInADataControlUsingDynamicDataSource">
    <attribute ctor="M:JetBrains.Annotations.CanBeNullAttribute.#ctor" />
  </member>
  <member name="P:System.Web.Resources.DynamicDataResources.DynamicControlDesignRender">
    <attribute ctor="M:JetBrains.Annotations.CanBeNullAttribute.#ctor" />
  </member>
  <member name="P:System.Web.Resources.DynamicDataResources.DynamicControlParameter_DynamicDataSourceColumnNotCompatibleWithTable">
    <attribute ctor="M:JetBrains.Annotations.CanBeNullAttribute.#ctor" />
  </member>
  <member name="P:System.Web.Resources.DynamicDataResources.DynamicControlParameter_DynamicDataSourceControlCannotBeUsedAsParent">
    <attribute ctor="M:JetBrains.Annotations.CanBeNullAttribute.#ctor" />
  </member>
  <member name="P:System.Web.Resources.DynamicDataResources.DynamicControlParameter_DynamicDataSourceControlNotFound">
    <attribute ctor="M:JetBrains.Annotations.CanBeNullAttribute.#ctor" />
  </member>
  <member name="P:System.Web.Resources.DynamicDataResources.DynamicControlParameter_InvalidPK">
    <attribute ctor="M:JetBrains.Annotations.CanBeNullAttribute.#ctor" />
  </member>
  <member name="P:System.Web.Resources.DynamicDataResources.DynamicDataExtensions_ContextTypePropertyOfDynamicDataSourceMustBeSpecified">
    <attribute ctor="M:JetBrains.Annotations.CanBeNullAttribute.#ctor" />
  </member>
  <member name="P:System.Web.Resources.DynamicDataResources.DynamicDataManager_AutoLoadForeignKeys">
    <attribute ctor="M:JetBrains.Annotations.CanBeNullAttribute.#ctor" />
  </member>
  <member name="P:System.Web.Resources.DynamicDataResources.DynamicDataManager_EnableQueryStringSelection">
    <attribute ctor="M:JetBrains.Annotations.CanBeNullAttribute.#ctor" />
  </member>
  <member name="P:System.Web.Resources.DynamicDataResources.DynamicDataManager_OnlyOneDynamicDataManager">
    <attribute ctor="M:JetBrains.Annotations.CanBeNullAttribute.#ctor" />
  </member>
  <member name="P:System.Web.Resources.DynamicDataResources.DynamicDataManager_UnsupportedControl">
    <attribute ctor="M:JetBrains.Annotations.CanBeNullAttribute.#ctor" />
  </member>
  <member name="P:System.Web.Resources.DynamicDataResources.DynamicParameter_NeedExpansion">
    <attribute ctor="M:JetBrains.Annotations.CanBeNullAttribute.#ctor" />
  </member>
  <member name="P:System.Web.Resources.DynamicDataResources.DynamicValidator_ControlNotFound">
    <attribute ctor="M:JetBrains.Annotations.CanBeNullAttribute.#ctor" />
  </member>
  <member name="P:System.Web.Resources.DynamicDataResources.FieldTemplateFactory_FolderNotFound">
    <attribute ctor="M:JetBrains.Annotations.CanBeNullAttribute.#ctor" />
  </member>
  <member name="P:System.Web.Resources.DynamicDataResources.FieldTemplateUserControl_ColumnIsNotChildren">
    <attribute ctor="M:JetBrains.Annotations.CanBeNullAttribute.#ctor" />
  </member>
  <member name="P:System.Web.Resources.DynamicDataResources.FieldTemplateUserControl_ColumnIsNotFK">
    <attribute ctor="M:JetBrains.Annotations.CanBeNullAttribute.#ctor" />
  </member>
  <member name="P:System.Web.Resources.DynamicDataResources.FieldTemplateUserControl_CompareValidationError">
    <attribute ctor="M:JetBrains.Annotations.CanBeNullAttribute.#ctor" />
  </member>
  <member name="P:System.Web.Resources.DynamicDataResources.FilterRepeater_CantInferInformationFromUrl">
    <attribute ctor="M:JetBrains.Annotations.CanBeNullAttribute.#ctor" />
  </member>
  <member name="P:System.Web.Resources.DynamicDataResources.FilterRepeater_CouldNotFindControlInTemplate">
    <attribute ctor="M:JetBrains.Annotations.CanBeNullAttribute.#ctor" />
  </member>
  <member name="P:System.Web.Resources.DynamicDataResources.FilterRepeater_InvalidContextTypeName">
    <attribute ctor="M:JetBrains.Annotations.CanBeNullAttribute.#ctor" />
  </member>
  <member name="P:System.Web.Resources.DynamicDataResources.FilterRepeater_InvalidTableName">
    <attribute ctor="M:JetBrains.Annotations.CanBeNullAttribute.#ctor" />
  </member>
  <member name="P:System.Web.Resources.DynamicDataResources.FilterRepeater_MissingContextTypeName">
    <attribute ctor="M:JetBrains.Annotations.CanBeNullAttribute.#ctor" />
  </member>
  <member name="P:System.Web.Resources.DynamicDataResources.FilterRepeater_MissingTableName">
    <attribute ctor="M:JetBrains.Annotations.CanBeNullAttribute.#ctor" />
  </member>
  <member name="P:System.Web.Resources.DynamicDataResources.FilterRepeater_UnknownContextTypeName">
    <attribute ctor="M:JetBrains.Annotations.CanBeNullAttribute.#ctor" />
  </member>
  <member name="P:System.Web.Resources.DynamicDataResources.FilterUserControlBase_BooleanFilter_FalseString">
    <attribute ctor="M:JetBrains.Annotations.CanBeNullAttribute.#ctor" />
  </member>
  <member name="P:System.Web.Resources.DynamicDataResources.FilterUserControlBase_BooleanFilter_TrueString">
    <attribute ctor="M:JetBrains.Annotations.CanBeNullAttribute.#ctor" />
  </member>
  <member name="P:System.Web.Resources.DynamicDataResources.FilterUserControlBase_CantInferInformationFromRequestUrl">
    <attribute ctor="M:JetBrains.Annotations.CanBeNullAttribute.#ctor" />
  </member>
  <member name="P:System.Web.Resources.DynamicDataResources.FilterUserControlBase_InvalidContextTypeName">
    <attribute ctor="M:JetBrains.Annotations.CanBeNullAttribute.#ctor" />
  </member>
  <member name="P:System.Web.Resources.DynamicDataResources.FilterUserControlBase_InvalidDataField">
    <attribute ctor="M:JetBrains.Annotations.CanBeNullAttribute.#ctor" />
  </member>
  <member name="P:System.Web.Resources.DynamicDataResources.FilterUserControlBase_InvalidTableName">
    <attribute ctor="M:JetBrains.Annotations.CanBeNullAttribute.#ctor" />
  </member>
  <member name="P:System.Web.Resources.DynamicDataResources.FilterUserControlBase_MissingContextTypeName">
    <attribute ctor="M:JetBrains.Annotations.CanBeNullAttribute.#ctor" />
  </member>
  <member name="P:System.Web.Resources.DynamicDataResources.FilterUserControlBase_MissingDataField">
    <attribute ctor="M:JetBrains.Annotations.CanBeNullAttribute.#ctor" />
  </member>
  <member name="P:System.Web.Resources.DynamicDataResources.FilterUserControlBase_MissingTableName">
    <attribute ctor="M:JetBrains.Annotations.CanBeNullAttribute.#ctor" />
  </member>
  <member name="P:System.Web.Resources.DynamicDataResources.FilterUserControlBase_SelectedDataKeyNotSupportedForThisField">
    <attribute ctor="M:JetBrains.Annotations.CanBeNullAttribute.#ctor" />
  </member>
  <member name="P:System.Web.Resources.DynamicDataResources.FilterUserControlBase_UnknownContextType">
    <attribute ctor="M:JetBrains.Annotations.CanBeNullAttribute.#ctor" />
  </member>
  <member name="P:System.Web.Resources.DynamicDataResources.FilterUserControlBase_UnsupportedDataField">
    <attribute ctor="M:JetBrains.Annotations.CanBeNullAttribute.#ctor" />
  </member>
  <member name="P:System.Web.Resources.DynamicDataResources.MetadataHandlerRegistration_ContextAlreadyRegistered">
    <attribute ctor="M:JetBrains.Annotations.CanBeNullAttribute.#ctor" />
  </member>
  <member name="P:System.Web.Resources.DynamicDataResources.MetadataHandlerRegistration_InvalidDataContextType">
    <attribute ctor="M:JetBrains.Annotations.CanBeNullAttribute.#ctor" />
  </member>
  <member name="P:System.Web.Resources.DynamicDataResources.MetadataValidator_UnknownContextType">
    <attribute ctor="M:JetBrains.Annotations.CanBeNullAttribute.#ctor" />
  </member>
  <member name="P:System.Web.Resources.DynamicDataResources.MetaModel_ContextAlreadyRegistered">
    <attribute ctor="M:JetBrains.Annotations.CanBeNullAttribute.#ctor" />
  </member>
  <member name="P:System.Web.Resources.DynamicDataResources.MetaModel_ContextDoesNotBelongToModel">
    <attribute ctor="M:JetBrains.Annotations.CanBeNullAttribute.#ctor" />
  </member>
  <member name="P:System.Web.Resources.DynamicDataResources.MetaModel_ContextFactoryReturnsNull">
    <attribute ctor="M:JetBrains.Annotations.CanBeNullAttribute.#ctor" />
  </member>
  <member name="P:System.Web.Resources.DynamicDataResources.MetaModel_ContextTypeNotSupported">
    <attribute ctor="M:JetBrains.Annotations.CanBeNullAttribute.#ctor" />
  </member>
  <member name="P:System.Web.Resources.DynamicDataResources.MetaModel_EntityNameConflict">
    <attribute ctor="M:JetBrains.Annotations.CanBeNullAttribute.#ctor" />
  </member>
  <member name="P:System.Web.Resources.DynamicDataResources.MetaModel_EntityNameOverrideConflict">
    <attribute ctor="M:JetBrains.Annotations.CanBeNullAttribute.#ctor" />
  </member>
  <member name="P:System.Web.Resources.DynamicDataResources.MetaModel_EntityTypeDoesNotBelongToModel">
    <attribute ctor="M:JetBrains.Annotations.CanBeNullAttribute.#ctor" />
  </member>
  <member name="P:System.Web.Resources.DynamicDataResources.MetaModel_RegistrationErrorOccurred">
    <attribute ctor="M:JetBrains.Annotations.CanBeNullAttribute.#ctor" />
  </member>
  <member name="P:System.Web.Resources.DynamicDataResources.MetaModel_UnknownContextType">
    <attribute ctor="M:JetBrains.Annotations.CanBeNullAttribute.#ctor" />
  </member>
  <member name="P:System.Web.Resources.DynamicDataResources.MetaModel_UnknownEntityType">
    <attribute ctor="M:JetBrains.Annotations.CanBeNullAttribute.#ctor" />
  </member>
  <member name="P:System.Web.Resources.DynamicDataResources.MetaModel_UnknownTable">
    <attribute ctor="M:JetBrains.Annotations.CanBeNullAttribute.#ctor" />
  </member>
  <member name="P:System.Web.Resources.DynamicDataResources.MetaModel_UnknownTableInContext">
    <attribute ctor="M:JetBrains.Annotations.CanBeNullAttribute.#ctor" />
  </member>
  <member name="P:System.Web.Resources.DynamicDataResources.MetaTable_CantFindDisplayColumn">
    <attribute ctor="M:JetBrains.Annotations.CanBeNullAttribute.#ctor" />
  </member>
  <member name="P:System.Web.Resources.DynamicDataResources.MetaTable_CantFindSortColumn">
    <attribute ctor="M:JetBrains.Annotations.CanBeNullAttribute.#ctor" />
  </member>
  <member name="P:System.Web.Resources.DynamicDataResources.MetaTable_CantUseChildrenColumnAsSortColumn">
    <attribute ctor="M:JetBrains.Annotations.CanBeNullAttribute.#ctor" />
  </member>
  <member name="P:System.Web.Resources.DynamicDataResources.MetaTable_NoSuchColumn">
    <attribute ctor="M:JetBrains.Annotations.CanBeNullAttribute.#ctor" />
  </member>
  <member name="P:System.Web.Resources.DynamicDataResources.Misc_NoNamingContainer">
    <attribute ctor="M:JetBrains.Annotations.CanBeNullAttribute.#ctor" />
  </member>
  <member name="P:System.Web.Resources.DynamicDataResources.QueryStringHandler_VirtualPathCannotBeEmpty">
    <attribute ctor="M:JetBrains.Annotations.CanBeNullAttribute.#ctor" />
  </member>
  <member name="P:System.Web.Resources.DynamicDataResources.SchemaCreator_UnknownModel">
    <attribute ctor="M:JetBrains.Annotations.CanBeNullAttribute.#ctor" />
  </member>
  <member name="P:System.Web.UI.PageWrapper.System#Web#UI#IPage#Items">
    <attribute ctor="M:JetBrains.Annotations.NotNullAttribute.#ctor" />
  </member>
  <member name="P:System.Web.UI.PageWrapper.System#Web#UI#IPage#Request">
    <attribute ctor="M:JetBrains.Annotations.NotNullAttribute.#ctor" />
  </member>
  <member name="P:System.Web.UI.PageWrapper.System#Web#UI#IPage#Server">
    <attribute ctor="M:JetBrains.Annotations.NotNullAttribute.#ctor" />
  </member>
  <member name="M:System.Web.UI.PageWrapper.System#Web#UI#IPage#SetFocus(System.String)">
    <parameter name="clientID">
      <attribute ctor="M:JetBrains.Annotations.NotNullAttribute.#ctor" />
    </parameter>
  </member>
  <member name="M:System.Web.UI.PageWrapper.System#Web#UI#IPage#SetFocus(System.Web.UI.Control)">
    <parameter name="control">
      <attribute ctor="M:JetBrains.Annotations.NotNullAttribute.#ctor" />
    </parameter>
  </member>
  <member name="M:System.Web.UI.PageWrapper.System#Web#UI#IPage#VerifyRenderingInServerForm(System.Web.UI.Control)">
    <parameter name="control">
      <attribute ctor="M:JetBrains.Annotations.NotNullAttribute.#ctor" />
    </parameter>
  </member>
</assembly>