﻿<?xml version="1.0" encoding="utf-8"?>
<assembly name="System.Web.DynamicData, Version=4.0.0.0">
  <member name="M:System.Web.DynamicData.ActionConverter.GetStandardValues(System.ComponentModel.ITypeDescriptorContext)">
    <attribute ctor="M:JetBrains.Annotations.NotNullAttribute.#ctor" />
    <parameter name="context">
      <attribute ctor="M:JetBrains.Annotations.CanBeNullAttribute.#ctor" />
    </parameter>
  </member>
  <member name="M:System.Web.DynamicData.ActionConverter.GetStandardValuesSupported(System.ComponentModel.ITypeDescriptorContext)">
    <parameter name="context">
      <attribute ctor="M:JetBrains.Annotations.CanBeNullAttribute.#ctor" />
    </parameter>
  </member>
  <member name="M:System.Web.DynamicData.ControlFilterExpression.CreateColumnMapping(System.Web.DynamicData.MetaForeignKeyColumn,System.Collections.Generic.IList{})">
    <attribute ctor="M:JetBrains.Annotations.NotNullAttribute.#ctor" />
    <parameter name="column">
      <attribute ctor="M:JetBrains.Annotations.NotNullAttribute.#ctor" />
    </parameter>
    <parameter name="columns">
      <attribute ctor="M:JetBrains.Annotations.NotNullAttribute.#ctor" />
    </parameter>
  </member>
  <member name="P:System.Web.DynamicData.ControlFilterExpression.Expression">
    <attribute ctor="M:JetBrains.Annotations.NotNullAttribute.#ctor" />
  </member>
  <member name="M:System.Web.DynamicData.ControlFilterExpression.FindTargetControl">
    <attribute ctor="M:JetBrains.Annotations.NotNullAttribute.#ctor" />
  </member>
  <member name="M:System.Web.DynamicData.ControlFilterExpression.GetForeignKeyControlParameters(,System.Web.DynamicData.MetaForeignKeyColumn)">
    <parameter name="column">
      <attribute ctor="M:JetBrains.Annotations.NotNullAttribute.#ctor" />
    </parameter>
  </member>
  <member name="M:System.Web.DynamicData.ControlFilterExpression.GetQueryable(System.Linq.IQueryable)">
    <parameter name="source">
      <attribute ctor="M:JetBrains.Annotations.CanBeNullAttribute.#ctor" />
    </parameter>
  </member>
  <member name="M:System.Web.DynamicData.ControlFilterExpression.SaveViewState">
    <attribute ctor="M:JetBrains.Annotations.NotNullAttribute.#ctor" />
  </member>
  <member name="M:System.Web.DynamicData.DataBoundControlParameterTarget.#ctor()">
    <parameter name="control">
      <attribute ctor="M:JetBrains.Annotations.NotNullAttribute.#ctor" />
    </parameter>
  </member>
  <member name="P:System.Web.DynamicData.DataBoundControlParameterTarget.FilteredColumn">
    <attribute ctor="M:JetBrains.Annotations.CanBeNullAttribute.#ctor" />
  </member>
  <member name="M:System.Web.DynamicData.DataControlReferenceCollection.#ctor(System.Web.DynamicData.DynamicDataManager)">
    <parameter name="owner">
      <attribute ctor="M:JetBrains.Annotations.NotNullAttribute.#ctor" />
    </parameter>
  </member>
  <member name="M:System.Web.DynamicData.DataSourceUtil.SetParameterTypeCodeAndDbType(System.Web.UI.WebControls.Parameter,)">
    <parameter name="parameter">
      <attribute ctor="M:JetBrains.Annotations.NotNullAttribute.#ctor" />
    </parameter>
  </member>
  <member name="M:System.Web.DynamicData.DataSourceUtil.TypeCodeFromType(System.Type)">
    <parameter name="type">
      <attribute ctor="M:JetBrains.Annotations.NotNullAttribute.#ctor" />
    </parameter>
  </member>
  <member name="M:System.Web.DynamicData.DefaultAutoFieldGenerator.#ctor(System.Web.DynamicData.IMetaTable)">
    <parameter name="table">
      <attribute ctor="M:JetBrains.Annotations.NotNullAttribute.#ctor" />
    </parameter>
  </member>
  <member name="M:System.Web.DynamicData.DefaultAutoFieldGenerator.CreateField(,System.Web.DynamicData.ContainerType,System.Web.UI.WebControls.DataBoundControlMode)">
    <attribute ctor="M:JetBrains.Annotations.NotNullAttribute.#ctor" />
  </member>
  <member name="M:System.Web.DynamicData.DefaultAutoFieldGenerator.GenerateFields()">
    <attribute ctor="M:JetBrains.Annotations.NotNullAttribute.#ctor" />
  </member>
  <member name="M:System.Web.DynamicData.DynamicControl.GetAttribute(System.String)">
    <parameter name="key">
      <attribute ctor="M:JetBrains.Annotations.NotNullAttribute.#ctor" />
    </parameter>
    <attribute ctor="M:JetBrains.Annotations.CanBeNullAttribute.#ctor" />
  </member>
  <member name="M:System.Web.DynamicData.DynamicControl.Render(System.Web.UI.HtmlTextWriter)">
    <parameter name="writer">
      <attribute ctor="M:JetBrains.Annotations.NotNullAttribute.#ctor" />
    </parameter>
  </member>
  <member name="M:System.Web.DynamicData.DynamicControl.SetAttribute(System.String,System.String)">
    <parameter name="key">
      <attribute ctor="M:JetBrains.Annotations.NotNullAttribute.#ctor" />
    </parameter>
  </member>
  <member name="P:System.Web.DynamicData.DynamicControl.System#Web#DynamicData#IFieldTemplateHost#FormattingOptions">
    <attribute ctor="M:JetBrains.Annotations.NotNullAttribute.#ctor" />
  </member>
  <member name="M:System.Web.DynamicData.DynamicControlParameter.GetWhereParameters(System.Web.DynamicData.IDynamicDataSource)">
    <parameter name="dataSource">
      <attribute ctor="M:JetBrains.Annotations.NotNullAttribute.#ctor" />
    </parameter>
  </member>
  <member name="P:System.Web.DynamicData.DynamicDataManager.DataControls">
    <attribute ctor="M:JetBrains.Annotations.NotNullAttribute.#ctor" />
  </member>
  <member name="M:System.Web.DynamicData.DynamicDataManager.EnablePersistedSelection(System.Web.UI.WebControls.BaseDataBoundControl,System.Web.DynamicData.IMetaTable)">
    <parameter name="table">
      <attribute ctor="M:JetBrains.Annotations.NotNullAttribute.#ctor" />
    </parameter>
  </member>
  <member name="M:System.Web.DynamicData.DynamicDataManager.GetControlParameterTarget()">
    <attribute ctor="M:JetBrains.Annotations.NotNullAttribute.#ctor" />
    <parameter name="control">
      <attribute ctor="M:JetBrains.Annotations.NotNullAttribute.#ctor" />
    </parameter>
  </member>
  <member name="M:System.Web.DynamicData.DynamicDataManager.RegisterControlInternal(System.Web.UI.WebControls.IDataBoundControl,System.Web.DynamicData.IDynamicDataSource,System.Web.DynamicData.IMetaTable,System.Boolean,System.Boolean)">
    <parameter name="dataBoundControl">
      <attribute ctor="M:JetBrains.Annotations.NotNullAttribute.#ctor" />
    </parameter>
    <parameter name="dataSource">
      <attribute ctor="M:JetBrains.Annotations.NotNullAttribute.#ctor" />
    </parameter>
    <parameter name="table">
      <attribute ctor="M:JetBrains.Annotations.NotNullAttribute.#ctor" />
    </parameter>
  </member>
  <member name="M:System.Web.DynamicData.DynamicDataRoute.AddQueryStringParamsToRouteData(System.Web.HttpContextBase,System.Web.Routing.RouteData)">
    <parameter name="httpContext">
      <attribute ctor="M:JetBrains.Annotations.NotNullAttribute.#ctor" />
    </parameter>
    <parameter name="routeData">
      <attribute ctor="M:JetBrains.Annotations.NotNullAttribute.#ctor" />
    </parameter>
  </member>
  <member name="M:System.Web.DynamicData.DynamicDataRoute.GetActionFromRouteData(System.Web.Routing.RouteData)">
    <attribute ctor="M:JetBrains.Annotations.NotNullAttribute.#ctor" />
    <parameter name="routeData">
      <attribute ctor="M:JetBrains.Annotations.NotNullAttribute.#ctor" />
    </parameter>
  </member>
  <member name="M:System.Web.DynamicData.DynamicDataRoute.GetTableFromRouteData(System.Web.Routing.RouteData)">
    <parameter name="routeData">
      <attribute ctor="M:JetBrains.Annotations.NotNullAttribute.#ctor" />
    </parameter>
  </member>
  <member name="M:System.Web.DynamicData.DynamicDataRoute.VerifyRouteValues(System.Web.Routing.RouteValueDictionary)">
    <parameter name="values">
      <attribute ctor="M:JetBrains.Annotations.NotNullAttribute.#ctor" />
    </parameter>
  </member>
  <member name="M:System.Web.DynamicData.DynamicDataRouteHandler.CreateHandler(System.Web.DynamicData.DynamicDataRoute,,System.String)">
    <parameter name="route">
      <attribute ctor="M:JetBrains.Annotations.NotNullAttribute.#ctor" />
    </parameter>
  </member>
  <member name="M:System.Web.DynamicData.DynamicDataRouteHandler.GetCustomPageVirtualPath(,System.String)">
    <attribute ctor="M:JetBrains.Annotations.NotNullAttribute.#ctor" />
  </member>
  <member name="M:System.Web.DynamicData.DynamicDataRouteHandler.GetPageVirtualPath(System.Web.DynamicData.DynamicDataRoute,,System.String)">
    <parameter name="route">
      <attribute ctor="M:JetBrains.Annotations.NotNullAttribute.#ctor" />
    </parameter>
  </member>
  <member name="M:System.Web.DynamicData.DynamicDataRouteHandler.GetPageVirtualPathNoCache(System.Web.DynamicData.DynamicDataRoute,,System.String)">
    <parameter name="route">
      <attribute ctor="M:JetBrains.Annotations.NotNullAttribute.#ctor" />
    </parameter>
    <attribute ctor="M:JetBrains.Annotations.CanBeNullAttribute.#ctor" />
  </member>
  <member name="M:System.Web.DynamicData.DynamicDataRouteHandler.GetRequestContext(System.Web.HttpContext)">
    <parameter name="httpContext">
      <attribute ctor="M:JetBrains.Annotations.NotNullAttribute.#ctor" />
    </parameter>
    <attribute ctor="M:JetBrains.Annotations.NotNullAttribute.#ctor" />
  </member>
  <member name="M:System.Web.DynamicData.DynamicDataRouteHandler.GetRequestContext(System.Web.HttpContextBase)">
    <attribute ctor="M:JetBrains.Annotations.NotNullAttribute.#ctor" />
    <parameter name="httpContext">
      <attribute ctor="M:JetBrains.Annotations.NotNullAttribute.#ctor" />
    </parameter>
  </member>
  <member name="M:System.Web.DynamicData.DynamicDataRouteHandler.GetRequestMetaTable(System.Web.HttpContext)">
    <parameter name="httpContext">
      <attribute ctor="M:JetBrains.Annotations.NotNullAttribute.#ctor" />
    </parameter>
  </member>
  <member name="M:System.Web.DynamicData.DynamicDataRouteHandler.GetRequestMetaTable(System.Web.HttpContextBase)">
    <parameter name="httpContext">
      <attribute ctor="M:JetBrains.Annotations.NotNullAttribute.#ctor" />
    </parameter>
  </member>
  <member name="M:System.Web.DynamicData.DynamicDataRouteHandler.GetScaffoldPageVirtualPath(,System.String)">
    <attribute ctor="M:JetBrains.Annotations.NotNullAttribute.#ctor" />
  </member>
  <member name="M:System.Web.DynamicData.DynamicDataRouteHandler.GetVirtualPathCache">
    <attribute ctor="M:JetBrains.Annotations.NotNullAttribute.#ctor" />
  </member>
  <member name="M:System.Web.DynamicData.DynamicDataRouteHandler.SetRequestMetaTable(System.Web.HttpContext,)">
    <parameter name="httpContext">
      <attribute ctor="M:JetBrains.Annotations.NotNullAttribute.#ctor" />
    </parameter>
  </member>
  <member name="M:System.Web.DynamicData.DynamicDataRouteHandler.SetRequestMetaTable(System.Web.HttpContextBase,)">
    <parameter name="httpContext">
      <attribute ctor="M:JetBrains.Annotations.NotNullAttribute.#ctor" />
    </parameter>
  </member>
  <member name="M:System.Web.DynamicData.DynamicDataRouteHandler.System#Web#Routing#IRouteHandler#GetHttpHandler(System.Web.Routing.RequestContext)">
    <parameter name="requestContext">
      <attribute ctor="M:JetBrains.Annotations.NotNullAttribute.#ctor" />
    </parameter>
    <attribute ctor="M:JetBrains.Annotations.CanBeNullAttribute.#ctor" />
  </member>
  <member name="P:System.Web.DynamicData.DynamicEntity.Context">
    <attribute ctor="M:JetBrains.Annotations.NotNullAttribute.#ctor" />
  </member>
  <member name="M:System.Web.DynamicData.DynamicEntity.Render(System.Web.UI.HtmlTextWriter)">
    <parameter name="writer">
      <attribute ctor="M:JetBrains.Annotations.NotNullAttribute.#ctor" />
    </parameter>
  </member>
  <member name="M:System.Web.DynamicData.DynamicField.CreateDynamicControl">
    <attribute ctor="M:JetBrains.Annotations.NotNullAttribute.#ctor" />
  </member>
  <member name="M:System.Web.DynamicData.DynamicField.ExtractValuesFromCell(System.Collections.Specialized.IOrderedDictionary,System.Web.UI.WebControls.DataControlFieldCell,System.Web.UI.WebControls.DataControlRowState,System.Boolean)">
    <parameter name="cell">
      <attribute ctor="M:JetBrains.Annotations.CanBeNullAttribute.#ctor" />
    </parameter>
  </member>
  <member name="M:System.Web.DynamicData.DynamicField.GetAttribute(System.String)">
    <parameter name="key">
      <attribute ctor="M:JetBrains.Annotations.NotNullAttribute.#ctor" />
    </parameter>
    <attribute ctor="M:JetBrains.Annotations.CanBeNullAttribute.#ctor" />
  </member>
  <member name="M:System.Web.DynamicData.DynamicField.SetAttribute(System.String,System.String)">
    <parameter name="key">
      <attribute ctor="M:JetBrains.Annotations.NotNullAttribute.#ctor" />
    </parameter>
  </member>
  <member name="M:System.Web.DynamicData.DynamicFilter.Render(System.Web.UI.HtmlTextWriter)">
    <parameter name="writer">
      <attribute ctor="M:JetBrains.Annotations.NotNullAttribute.#ctor" />
    </parameter>
  </member>
  <member name="M:System.Web.DynamicData.DynamicFilter.System#Web#DynamicData#IFilterExpressionProvider#Initialize(System.Web.UI.WebControls.IQueryableDataSource)">
    <parameter name="dataSource">
      <attribute ctor="M:JetBrains.Annotations.NotNullAttribute.#ctor" />
    </parameter>
  </member>
  <member name="M:System.Web.DynamicData.DynamicFilterExpression.FindControl()">
    <attribute ctor="M:JetBrains.Annotations.NotNullAttribute.#ctor" />
  </member>
  <member name="M:System.Web.DynamicData.DynamicFilterExpression.GetQueryable(System.Linq.IQueryable)">
    <parameter name="source">
      <attribute ctor="M:JetBrains.Annotations.CanBeNullAttribute.#ctor" />
    </parameter>
  </member>
  <member name="M:System.Web.DynamicData.DynamicHyperLink.GetRouteValues">
    <attribute ctor="M:JetBrains.Annotations.NotNullAttribute.#ctor" />
  </member>
  <member name="M:System.Web.DynamicData.DynamicHyperLink.GetRouteValues(,System.Object)">
    <attribute ctor="M:JetBrains.Annotations.NotNullAttribute.#ctor" />
  </member>
  <member name="M:System.Web.DynamicData.DynamicHyperLink.System#Web#UI#IAttributeAccessor#GetAttribute(System.String)">
    <parameter name="key">
      <attribute ctor="M:JetBrains.Annotations.NotNullAttribute.#ctor" />
    </parameter>
    <attribute ctor="M:JetBrains.Annotations.CanBeNullAttribute.#ctor" />
  </member>
  <member name="M:System.Web.DynamicData.DynamicHyperLink.System#Web#UI#IAttributeAccessor#SetAttribute(System.String,System.String)">
    <parameter name="key">
      <attribute ctor="M:JetBrains.Annotations.NotNullAttribute.#ctor" />
    </parameter>
  </member>
  <member name="M:System.Web.DynamicData.DynamicQueryStringParameter.GetWhereParameters(System.Web.DynamicData.IDynamicDataSource)">
    <parameter name="dataSource">
      <attribute ctor="M:JetBrains.Annotations.NotNullAttribute.#ctor" />
    </parameter>
    <attribute ctor="M:JetBrains.Annotations.NotNullAttribute.#ctor" />
  </member>
  <member name="M:System.Web.DynamicData.DynamicRouteExpression.GetQueryable(System.Linq.IQueryable)">
    <parameter name="source">
      <attribute ctor="M:JetBrains.Annotations.CanBeNullAttribute.#ctor" />
    </parameter>
  </member>
  <member name="M:System.Web.DynamicData.DynamicValidator.GetValidationColumnNames()">
    <attribute ctor="M:JetBrains.Annotations.NotNullAttribute.#ctor" />
  </member>
  <member name="M:System.Web.DynamicData.DynamicValidator.HandleDynamicValidatorException(System.Web.DynamicData.IDynamicValidatorException)">
    <parameter name="e">
      <attribute ctor="M:JetBrains.Annotations.NotNullAttribute.#ctor" />
    </parameter>
  </member>
  <member name="M:System.Web.DynamicData.DynamicValidator.OnException(System.Object,System.Web.DynamicData.DynamicValidatorEventArgs)">
    <parameter name="e">
      <attribute ctor="M:JetBrains.Annotations.NotNullAttribute.#ctor" />
    </parameter>
  </member>
  <member name="M:System.Web.DynamicData.DynamicValidator.TryConvertControlValue(System.String,System.Type,System.Object@)">
    <parameter name="columnType">
      <attribute ctor="M:JetBrains.Annotations.NotNullAttribute.#ctor" />
    </parameter>
  </member>
  <member name="M:System.Web.DynamicData.EntityTemplateFactory.BuildEntityTemplateVirtualPath(System.String,System.Web.UI.WebControls.DataBoundControlMode)">
    <parameter name="templateName">
      <attribute ctor="M:JetBrains.Annotations.NotNullAttribute.#ctor" />
    </parameter>
    <attribute ctor="M:JetBrains.Annotations.NotNullAttribute.#ctor" />
  </member>
  <member name="M:System.Web.DynamicData.EntityTemplateFactory.CreateEntityTemplate(,System.Web.UI.WebControls.DataBoundControlMode,System.String)">
    <parameter name="table">
      <attribute ctor="M:JetBrains.Annotations.NotNullAttribute.#ctor" />
    </parameter>
  </member>
  <member name="M:System.Web.DynamicData.EntityTemplateFactory.GetEntityTemplateVirtualPath(,System.Web.UI.WebControls.DataBoundControlMode,System.String)">
    <parameter name="table">
      <attribute ctor="M:JetBrains.Annotations.NotNullAttribute.#ctor" />
    </parameter>
    <attribute ctor="M:JetBrains.Annotations.CanBeNullAttribute.#ctor" />
  </member>
  <member name="M:System.Web.DynamicData.EntityTemplateFactory.GetVirtualPathFallback(,System.Web.UI.WebControls.DataBoundControlMode,System.String,System.Web.UI.WebControls.DataBoundControlMode)">
    <attribute ctor="M:JetBrains.Annotations.CanBeNullAttribute.#ctor" />
  </member>
  <member name="M:System.Web.DynamicData.EntityTemplateFactory.GetVirtualPathForMode(System.String,System.Web.UI.WebControls.DataBoundControlMode)">
    <attribute ctor="M:JetBrains.Annotations.CanBeNullAttribute.#ctor" />
  </member>
  <member name="M:System.Web.DynamicData.FieldTemplateFactory.BuildVirtualPath(System.String,,System.Web.UI.WebControls.DataBoundControlMode)">
    <parameter name="templateName">
      <attribute ctor="M:JetBrains.Annotations.NotNullAttribute.#ctor" />
    </parameter>
    <attribute ctor="M:JetBrains.Annotations.NotNullAttribute.#ctor" />
  </member>
  <member name="M:System.Web.DynamicData.FieldTemplateFactory.CreateFieldTemplate(,System.Web.UI.WebControls.DataBoundControlMode,System.String)">
    <parameter name="column">
      <attribute ctor="M:JetBrains.Annotations.NotNullAttribute.#ctor" />
    </parameter>
  </member>
  <member name="M:System.Web.DynamicData.FieldTemplateFactory.GetFallBackType(System.Type)">
    <parameter name="t">
      <attribute ctor="M:JetBrains.Annotations.NotNullAttribute.#ctor" />
    </parameter>
  </member>
  <member name="M:System.Web.DynamicData.FieldTemplateFactory.GetFieldTemplateVirtualPath(,System.Web.UI.WebControls.DataBoundControlMode,System.String)">
    <attribute ctor="M:JetBrains.Annotations.CanBeNullAttribute.#ctor" />
    <parameter name="column">
      <attribute ctor="M:JetBrains.Annotations.NotNullAttribute.#ctor" />
    </parameter>
  </member>
  <member name="M:System.Web.DynamicData.FieldTemplateFactory.GetVirtualPathForTypeWithFallback(System.Type,,System.Web.UI.WebControls.DataBoundControlMode)">
    <parameter name="fieldType">
      <attribute ctor="M:JetBrains.Annotations.NotNullAttribute.#ctor" />
    </parameter>
  </member>
  <member name="M:System.Web.DynamicData.FieldTemplateFactory.GetVirtualPathIfExists(System.String,,System.Web.UI.WebControls.DataBoundControlMode)">
    <parameter name="templateName">
      <attribute ctor="M:JetBrains.Annotations.NotNullAttribute.#ctor" />
    </parameter>
    <attribute ctor="M:JetBrains.Annotations.CanBeNullAttribute.#ctor" />
  </member>
  <member name="M:System.Web.DynamicData.FieldTemplateFactory.GetVirtualPathWithModeFallback(System.String,,System.Web.UI.WebControls.DataBoundControlMode)">
    <attribute ctor="M:JetBrains.Annotations.CanBeNullAttribute.#ctor" />
  </member>
  <member name="M:System.Web.DynamicData.FieldTemplateFactory.PreprocessMode(,System.Web.UI.WebControls.DataBoundControlMode)">
    <parameter name="column">
      <attribute ctor="M:JetBrains.Annotations.NotNullAttribute.#ctor" />
    </parameter>
  </member>
  <member name="P:System.Web.DynamicData.FieldTemplateUserControl.ChildrenColumn">
    <attribute ctor="M:JetBrains.Annotations.NotNullAttribute.#ctor" />
  </member>
  <member name="P:System.Web.DynamicData.FieldTemplateUserControl.DataControl">
    <attribute ctor="M:JetBrains.Annotations.CanBeNullAttribute.#ctor" />
  </member>
  <member name="M:System.Web.DynamicData.FieldTemplateUserControl.ExtractForeignKey(System.Collections.IDictionary,System.String)">
    <parameter name="dictionary">
      <attribute ctor="M:JetBrains.Annotations.NotNullAttribute.#ctor" />
    </parameter>
  </member>
  <member name="M:System.Web.DynamicData.FieldTemplateUserControl.ExtractValues(System.Collections.Specialized.IOrderedDictionary)">
    <parameter name="dictionary">
      <attribute ctor="M:JetBrains.Annotations.NotNullAttribute.#ctor" />
    </parameter>
  </member>
  <member name="M:System.Web.DynamicData.FieldTemplateUserControl.FillEnumListControl(System.Web.UI.WebControls.ListControl,System.Type)">
    <parameter name="list">
      <attribute ctor="M:JetBrains.Annotations.NotNullAttribute.#ctor" />
    </parameter>
    <parameter name="enumType">
      <attribute ctor="M:JetBrains.Annotations.NotNullAttribute.#ctor" />
    </parameter>
  </member>
  <member name="M:System.Web.DynamicData.FieldTemplateUserControl.FindOtherFieldTemplate(System.String)">
    <attribute ctor="M:JetBrains.Annotations.CanBeNullAttribute.#ctor" />
  </member>
  <member name="P:System.Web.DynamicData.FieldTemplateUserControl.ForeignKeyColumn">
    <attribute ctor="M:JetBrains.Annotations.NotNullAttribute.#ctor" />
  </member>
  <member name="M:System.Web.DynamicData.FieldTemplateUserControl.IgnoreModelValidationAttribute(System.Type)">
    <parameter name="attributeType">
      <attribute ctor="M:JetBrains.Annotations.NotNullAttribute.#ctor" />
    </parameter>
  </member>
  <member name="M:System.Web.DynamicData.FieldTemplateUserControl.PopulateListControl(System.Web.UI.WebControls.ListControl)">
    <parameter name="listControl">
      <attribute ctor="M:JetBrains.Annotations.NotNullAttribute.#ctor" />
    </parameter>
  </member>
  <member name="M:System.Web.DynamicData.FieldTemplateUserControl.SetUpCompareValidator(System.Web.UI.WebControls.CompareValidator,)">
    <parameter name="validator">
      <attribute ctor="M:JetBrains.Annotations.NotNullAttribute.#ctor" />
    </parameter>
  </member>
  <member name="M:System.Web.DynamicData.FieldTemplateUserControl.SetUpDynamicValidator(System.Web.DynamicData.DynamicValidator,)">
    <parameter name="validator">
      <attribute ctor="M:JetBrains.Annotations.NotNullAttribute.#ctor" />
    </parameter>
  </member>
  <member name="M:System.Web.DynamicData.FieldTemplateUserControl.SetUpRangeValidator(System.Web.UI.WebControls.RangeValidator,)">
    <parameter name="validator">
      <attribute ctor="M:JetBrains.Annotations.NotNullAttribute.#ctor" />
    </parameter>
  </member>
  <member name="M:System.Web.DynamicData.FieldTemplateUserControl.SetUpRegexValidator(System.Web.UI.WebControls.RegularExpressionValidator,)">
    <parameter name="validator">
      <attribute ctor="M:JetBrains.Annotations.NotNullAttribute.#ctor" />
    </parameter>
  </member>
  <member name="M:System.Web.DynamicData.FieldTemplateUserControl.SetUpRequiredFieldValidator(System.Web.UI.WebControls.RequiredFieldValidator,)">
    <parameter name="validator">
      <attribute ctor="M:JetBrains.Annotations.NotNullAttribute.#ctor" />
    </parameter>
  </member>
  <member name="M:System.Web.DynamicData.FieldTemplateUserControl.SetUpValidator(System.Web.UI.WebControls.BaseValidator)">
    <parameter name="validator">
      <attribute ctor="M:JetBrains.Annotations.NotNullAttribute.#ctor" />
    </parameter>
  </member>
  <member name="M:System.Web.DynamicData.FieldTemplateUserControl.SetUpValidator(System.Web.UI.WebControls.BaseValidator,)">
    <parameter name="validator">
      <attribute ctor="M:JetBrains.Annotations.NotNullAttribute.#ctor" />
    </parameter>
  </member>
  <member name="M:System.Web.DynamicData.FieldTemplateUserControl.System#Web#DynamicData#IFieldTemplate#SetHost(System.Web.DynamicData.IFieldTemplateHost)">
    <parameter name="host">
      <attribute ctor="M:JetBrains.Annotations.NotNullAttribute.#ctor" />
    </parameter>
  </member>
  <member name="M:System.Web.DynamicData.FieldTemplateUserControl.System#Web#UI#IBindableControl#ExtractValues(System.Collections.Specialized.IOrderedDictionary)">
    <parameter name="dictionary">
      <attribute ctor="M:JetBrains.Annotations.NotNullAttribute.#ctor" />
    </parameter>
  </member>
  <member name="M:System.Web.DynamicData.FileChangeNotifier.#ctor(System.String,System.Web.DynamicData.FileChangedCallback)">
    <parameter name="virtualPath">
      <attribute ctor="M:JetBrains.Annotations.NotNullAttribute.#ctor" />
    </parameter>
  </member>
  <member name="M:System.Web.DynamicData.FileChangeNotifier.OnCacheItemRemoved(System.String,System.Object,System.Web.Caching.CacheItemRemovedReason)">
    <parameter name="key">
      <attribute ctor="M:JetBrains.Annotations.NotNullAttribute.#ctor" />
    </parameter>
  </member>
  <member name="M:System.Web.DynamicData.FileChangeNotifier.Register(System.String,System.Web.DynamicData.FileChangedCallback)">
    <parameter name="virtualPath">
      <attribute ctor="M:JetBrains.Annotations.NotNullAttribute.#ctor" />
    </parameter>
  </member>
  <member name="M:System.Web.DynamicData.FileChangeNotifier.RegisterForNextNotification(System.String)">
    <parameter name="virtualPath">
      <attribute ctor="M:JetBrains.Annotations.NotNullAttribute.#ctor" />
    </parameter>
  </member>
  <member name="M:System.Web.DynamicData.FilterFactory.BuildFilterVirtualPath(,System.String)">
    <attribute ctor="M:JetBrains.Annotations.NotNullAttribute.#ctor" />
  </member>
  <member name="M:System.Web.DynamicData.FilterFactory.CreateFilterControl(,System.String)">
    <parameter name="column">
      <attribute ctor="M:JetBrains.Annotations.NotNullAttribute.#ctor" />
    </parameter>
  </member>
  <member name="M:System.Web.DynamicData.FilterFactory.GetDefaultFilterControlName()">
    <attribute ctor="M:JetBrains.Annotations.NotNullAttribute.#ctor" />
  </member>
  <member name="M:System.Web.DynamicData.FilterFactory.GetFilterVirtualPath(,System.String)">
    <parameter name="column">
      <attribute ctor="M:JetBrains.Annotations.NotNullAttribute.#ctor" />
    </parameter>
  </member>
  <member name="M:System.Web.DynamicData.FilterRepeater.GetWhereParameters(System.Web.DynamicData.IDynamicDataSource)">
    <attribute ctor="M:JetBrains.Annotations.NotNullAttribute.#ctor" />
  </member>
  <member name="M:System.Web.DynamicData.FilterRepeater.OnFilterItemCreated(System.Web.UI.WebControls.RepeaterItem)">
    <parameter name="item">
      <attribute ctor="M:JetBrains.Annotations.NotNullAttribute.#ctor" />
    </parameter>
  </member>
  <member name="M:System.Web.DynamicData.FilterUserControlBase.FilterDelegateBase.GetInitialValueFromQueryString">
    <attribute ctor="M:JetBrains.Annotations.CanBeNullAttribute.#ctor" />
  </member>
  <member name="M:System.Web.DynamicData.FilterUserControlBase.FilterDelegateBase.GetPropertyNameExpression(System.String)">
    <attribute ctor="M:JetBrains.Annotations.NotNullAttribute.#ctor" />
  </member>
  <member name="M:System.Web.DynamicData.FilterUserControlBase.FilterDelegateBase.PopulateListControl(System.Web.UI.WebControls.ListControl)">
    <parameter name="listControl">
      <attribute ctor="M:JetBrains.Annotations.NotNullAttribute.#ctor" />
    </parameter>
  </member>
  <member name="M:System.Web.DynamicData.FilterUserControlBase.ForeignKeyFilterDelegate.#ctor(System.Web.DynamicData.FilterUserControlBase)">
    <parameter name="filterControl">
      <attribute ctor="M:JetBrains.Annotations.NotNullAttribute.#ctor" />
    </parameter>
  </member>
  <member name="M:System.Web.DynamicData.FilterUserControlBase.ForeignKeyFilterDelegate.GetInitialValueFromQueryString">
    <attribute ctor="M:JetBrains.Annotations.NotNullAttribute.#ctor" />
  </member>
  <member name="M:System.Web.DynamicData.FilterUserControlBase.PopulateListControl(System.Web.UI.WebControls.ListControl)">
    <parameter name="listControl">
      <attribute ctor="M:JetBrains.Annotations.NotNullAttribute.#ctor" />
    </parameter>
  </member>
  <member name="P:System.Web.DynamicData.FilterUserControlBase.SelectedDataKey">
    <attribute ctor="M:JetBrains.Annotations.CanBeNullAttribute.#ctor" />
  </member>
  <member name="P:System.Web.DynamicData.FilterUserControlBase.SelectedValue">
    <attribute ctor="M:JetBrains.Annotations.CanBeNullAttribute.#ctor" />
  </member>
  <member name="P:System.Web.DynamicData.FilterUserControlBase.System#Web#DynamicData#IControlParameterTarget#FilteredColumn">
    <attribute ctor="M:JetBrains.Annotations.CanBeNullAttribute.#ctor" />
  </member>
  <member name="M:System.Web.DynamicData.FilterUserControlBase.System#Web#DynamicData#IControlParameterTarget#GetPropertyNameExpression(System.String)">
    <attribute ctor="M:JetBrains.Annotations.NotNullAttribute.#ctor" />
  </member>
  <member name="M:System.Web.DynamicData.MetaChildrenColumn.GetRouteValues(System.Object)">
    <attribute ctor="M:JetBrains.Annotations.NotNullAttribute.#ctor" />
  </member>
  <member name="P:System.Web.DynamicData.MetaChildrenColumn.SortExpressionInternal">
    <attribute ctor="M:JetBrains.Annotations.NotNullAttribute.#ctor" />
  </member>
  <member name="M:System.Web.DynamicData.MetaForeignKeyColumn.CreateForeignKeyFilterMapping(System.Collections.Generic.IList{System.String},System.Collections.Generic.IList{System.String},System.Func{System.String,System.Boolean})">
    <parameter name="primaryKeyNames">
      <attribute ctor="M:JetBrains.Annotations.NotNullAttribute.#ctor" />
    </parameter>
    <parameter name="propertyExists">
      <attribute ctor="M:JetBrains.Annotations.NotNullAttribute.#ctor" />
    </parameter>
  </member>
  <member name="M:System.Web.DynamicData.MetaForeignKeyColumn.ExtractForeignKey(System.Collections.IDictionary,System.String)">
    <parameter name="dictionary">
      <attribute ctor="M:JetBrains.Annotations.NotNullAttribute.#ctor" />
    </parameter>
  </member>
  <member name="M:System.Web.DynamicData.MetaForeignKeyColumn.GetFilterExpression(System.String)">
    <parameter name="foreignKeyName">
      <attribute ctor="M:JetBrains.Annotations.NotNullAttribute.#ctor" />
    </parameter>
  </member>
  <member name="M:System.Web.DynamicData.MetaForeignKeyColumn.GetForeignKeyMetaTable(System.Object)">
    <parameter name="row">
      <attribute ctor="M:JetBrains.Annotations.NotNullAttribute.#ctor" />
    </parameter>
  </member>
  <member name="M:System.Web.DynamicData.MetaForeignKeyColumn.GetForeignKeyString(System.Object)">
    <attribute ctor="M:JetBrains.Annotations.NotNullAttribute.#ctor" />
  </member>
  <member name="M:System.Web.DynamicData.MetaForeignKeyColumn.GetForeignKeyValues(System.Object)">
    <attribute ctor="M:JetBrains.Annotations.CanBeNullAttribute.#ctor" />
  </member>
  <member name="P:System.Web.DynamicData.MetaForeignKeyColumn.SortExpressionInternal">
    <attribute ctor="M:JetBrains.Annotations.NotNullAttribute.#ctor" />
  </member>
  <member name="M:System.Web.DynamicData.MetaModel.CheckTableNameConflict(,System.String,System.Collections.Generic.List{})">
    <parameter name="tablesToInitialize">
      <attribute ctor="M:JetBrains.Annotations.NotNullAttribute.#ctor" />
    </parameter>
  </member>
  <member name="M:System.Web.DynamicData.MetaModel.ContextTypeTableNamePair.#ctor(System.Type,System.String)">
    <parameter name="contextType">
      <attribute ctor="M:JetBrains.Annotations.NotNullAttribute.#ctor" />
    </parameter>
    <parameter name="tableName">
      <attribute ctor="M:JetBrains.Annotations.NotNullAttribute.#ctor" />
    </parameter>
  </member>
  <member name="M:System.Web.DynamicData.MetaModel.ContextTypeTableNamePair.Equals(System.Object)">
    <parameter name="obj">
      <attribute ctor="M:JetBrains.Annotations.CanBeNullAttribute.#ctor" />
    </parameter>
  </member>
  <member name="M:System.Web.DynamicData.MetaModel.ContextTypeTableNamePair.Equals(System.Web.DynamicData.MetaModel.ContextTypeTableNamePair)">
    <parameter name="other">
      <attribute ctor="M:JetBrains.Annotations.CanBeNullAttribute.#ctor" />
    </parameter>
  </member>
  <member name="M:System.Web.DynamicData.MetaModel.CreateSimpleModel(System.ComponentModel.ICustomTypeDescriptor)">
    <attribute ctor="M:JetBrains.Annotations.NotNullAttribute.#ctor" />
    <parameter name="descriptor">
      <attribute ctor="M:JetBrains.Annotations.NotNullAttribute.#ctor" />
    </parameter>
  </member>
  <member name="M:System.Web.DynamicData.MetaModel.CreateSimpleModel(System.Type)">
    <attribute ctor="M:JetBrains.Annotations.NotNullAttribute.#ctor" />
    <parameter name="entityType">
      <attribute ctor="M:JetBrains.Annotations.NotNullAttribute.#ctor" />
    </parameter>
  </member>
  <member name="M:System.Web.DynamicData.MetaModel.CreateTable(System.Web.DynamicData.ModelProviders.TableProvider)">
    <attribute ctor="M:JetBrains.Annotations.NotNullAttribute.#ctor" />
  </member>
  <member name="M:System.Web.DynamicData.MetaModel.GetActionPath(System.String,System.String,System.Object)">
    <parameter name="tableName">
      <attribute ctor="M:JetBrains.Annotations.NotNullAttribute.#ctor" />
    </parameter>
  </member>
  <member name="M:System.Web.DynamicData.MetaModel.GetModel(System.Type)">
    <parameter name="contextType">
      <attribute ctor="M:JetBrains.Annotations.NotNullAttribute.#ctor" />
    </parameter>
  </member>
  <member name="M:System.Web.DynamicData.MetaModel.GetTable(System.String)">
    <parameter name="uniqueTableName">
      <attribute ctor="M:JetBrains.Annotations.NotNullAttribute.#ctor" />
    </parameter>
  </member>
  <member name="M:System.Web.DynamicData.MetaModel.GetTable(System.String,System.Type)">
    <parameter name="tableName">
      <attribute ctor="M:JetBrains.Annotations.NotNullAttribute.#ctor" />
    </parameter>
    <parameter name="contextType">
      <attribute ctor="M:JetBrains.Annotations.NotNullAttribute.#ctor" />
    </parameter>
  </member>
  <member name="M:System.Web.DynamicData.MetaModel.GetTable(System.Type)">
    <parameter name="entityType">
      <attribute ctor="M:JetBrains.Annotations.NotNullAttribute.#ctor" />
    </parameter>
  </member>
  <member name="M:System.Web.DynamicData.MetaModel.MetaModelManager.AddModel(System.Type,System.Web.DynamicData.MetaModel)">
    <parameter name="contextType">
      <attribute ctor="M:JetBrains.Annotations.NotNullAttribute.#ctor" />
    </parameter>
  </member>
  <member name="M:System.Web.DynamicData.MetaModel.MetaModelManager.AddTable(System.Type,)">
    <parameter name="entityType">
      <attribute ctor="M:JetBrains.Annotations.NotNullAttribute.#ctor" />
    </parameter>
  </member>
  <member name="M:System.Web.DynamicData.MetaModel.MetaModelManager.TryGetModel(System.Type,System.Web.DynamicData.MetaModel@)">
    <parameter name="contextType">
      <attribute ctor="M:JetBrains.Annotations.NotNullAttribute.#ctor" />
    </parameter>
  </member>
  <member name="M:System.Web.DynamicData.MetaModel.MetaModelManager.TryGetTable(System.Type,@)">
    <parameter name="type">
      <attribute ctor="M:JetBrains.Annotations.NotNullAttribute.#ctor" />
    </parameter>
  </member>
  <member name="M:System.Web.DynamicData.MetaModel.RegisterContext(System.Func{System.Object})">
    <parameter name="contextFactory">
      <attribute ctor="M:JetBrains.Annotations.CanBeNullAttribute.#ctor" />
    </parameter>
  </member>
  <member name="M:System.Web.DynamicData.MetaModel.RegisterContext(System.Func{System.Object},System.Web.DynamicData.ContextConfiguration)">
    <parameter name="configuration">
      <attribute ctor="M:JetBrains.Annotations.CanBeNullAttribute.#ctor" />
    </parameter>
    <parameter name="contextFactory">
      <attribute ctor="M:JetBrains.Annotations.NotNullAttribute.#ctor" />
    </parameter>
  </member>
  <member name="M:System.Web.DynamicData.MetaModel.RegisterContext(System.Type)">
    <parameter name="contextType">
      <attribute ctor="M:JetBrains.Annotations.CanBeNullAttribute.#ctor" />
    </parameter>
  </member>
  <member name="M:System.Web.DynamicData.MetaModel.RegisterContext(System.Type,System.Web.DynamicData.ContextConfiguration)">
    <parameter name="configuration">
      <attribute ctor="M:JetBrains.Annotations.CanBeNullAttribute.#ctor" />
    </parameter>
    <parameter name="contextType">
      <attribute ctor="M:JetBrains.Annotations.NotNullAttribute.#ctor" />
    </parameter>
  </member>
  <member name="M:System.Web.DynamicData.MetaModel.RegisterContext(System.Web.DynamicData.ModelProviders.DataModelProvider)">
    <parameter name="dataModelProvider">
      <attribute ctor="M:JetBrains.Annotations.CanBeNullAttribute.#ctor" />
    </parameter>
  </member>
  <member name="M:System.Web.DynamicData.MetaModel.RegisterContext(System.Web.DynamicData.ModelProviders.DataModelProvider,System.Web.DynamicData.ContextConfiguration)">
    <parameter name="configuration">
      <attribute ctor="M:JetBrains.Annotations.NotNullAttribute.#ctor" />
    </parameter>
    <parameter name="dataModelProvider">
      <attribute ctor="M:JetBrains.Annotations.NotNullAttribute.#ctor" />
    </parameter>
  </member>
  <member name="M:System.Web.DynamicData.MetaModel.RegisterMetadataTypeDescriptionProvider(System.Web.DynamicData.ModelProviders.TableProvider,System.Func{System.Type,System.ComponentModel.TypeDescriptionProvider})">
    <parameter name="entity">
      <attribute ctor="M:JetBrains.Annotations.NotNullAttribute.#ctor" />
    </parameter>
  </member>
  <member name="M:System.Web.DynamicData.MetaModel.System#Web#DynamicData#IMetaModel#GetTable(System.String)">
    <parameter name="uniqueTableName">
      <attribute ctor="M:JetBrains.Annotations.NotNullAttribute.#ctor" />
    </parameter>
  </member>
  <member name="M:System.Web.DynamicData.MetaModel.System#Web#DynamicData#IMetaModel#GetTable(System.String,System.Type)">
    <parameter name="contextType">
      <attribute ctor="M:JetBrains.Annotations.NotNullAttribute.#ctor" />
    </parameter>
    <parameter name="tableName">
      <attribute ctor="M:JetBrains.Annotations.NotNullAttribute.#ctor" />
    </parameter>
  </member>
  <member name="M:System.Web.DynamicData.MetaModel.System#Web#DynamicData#IMetaModel#GetTable(System.Type)">
    <parameter name="entityType">
      <attribute ctor="M:JetBrains.Annotations.NotNullAttribute.#ctor" />
    </parameter>
  </member>
  <member name="P:System.Web.DynamicData.MetaModel.System#Web#DynamicData#IMetaModel#Tables">
    <attribute ctor="M:JetBrains.Annotations.NotNullAttribute.#ctor" />
  </member>
  <member name="M:System.Web.DynamicData.MetaModel.System#Web#DynamicData#IMetaModel#TryGetTable(System.String,System.Web.DynamicData.IMetaTable@)">
    <parameter name="uniqueTableName">
      <attribute ctor="M:JetBrains.Annotations.NotNullAttribute.#ctor" />
    </parameter>
  </member>
  <member name="M:System.Web.DynamicData.MetaModel.System#Web#DynamicData#IMetaModel#TryGetTable(System.Type,System.Web.DynamicData.IMetaTable@)">
    <parameter name="entityType">
      <attribute ctor="M:JetBrains.Annotations.NotNullAttribute.#ctor" />
    </parameter>
  </member>
  <member name="P:System.Web.DynamicData.MetaModel.System#Web#DynamicData#IMetaModel#VisibleTables">
    <attribute ctor="M:JetBrains.Annotations.NotNullAttribute.#ctor" />
  </member>
  <member name="M:System.Web.DynamicData.MetaModel.TryGetTable(System.String,@)">
    <parameter name="uniqueTableName">
      <attribute ctor="M:JetBrains.Annotations.NotNullAttribute.#ctor" />
    </parameter>
  </member>
  <member name="M:System.Web.DynamicData.MetaModel.TryGetTable(System.Type,@)">
    <parameter name="entityType">
      <attribute ctor="M:JetBrains.Annotations.NotNullAttribute.#ctor" />
    </parameter>
  </member>
  <member name="P:System.Web.DynamicData.MetaModel.VisibleTables">
    <attribute ctor="M:JetBrains.Annotations.NotNullAttribute.#ctor" />
  </member>
  <member name="M:System.Web.DynamicData.Misc.BuildSortQueryable(System.Linq.IQueryable,System.Web.DynamicData.IMetaTable)">
    <parameter name="query">
      <attribute ctor="M:JetBrains.Annotations.NotNullAttribute.#ctor" />
    </parameter>
    <parameter name="table">
      <attribute ctor="M:JetBrains.Annotations.NotNullAttribute.#ctor" />
    </parameter>
  </member>
  <member name="M:System.Web.DynamicData.Misc.ChangeType(System.Object,System.Type)">
    <parameter name="type">
      <attribute ctor="M:JetBrains.Annotations.NotNullAttribute.#ctor" />
    </parameter>
  </member>
  <member name="M:System.Web.DynamicData.Misc.ConvertObjectToDictionary(System.Object)">
    <attribute ctor="M:JetBrains.Annotations.NotNullAttribute.#ctor" />
    <parameter name="instance">
      <attribute ctor="M:JetBrains.Annotations.NotNullAttribute.#ctor" />
    </parameter>
  </member>
  <member name="M:System.Web.DynamicData.Misc.ExtractValuesFromBindableControls(System.Collections.Specialized.IOrderedDictionary,)">
    <parameter name="dictionary">
      <attribute ctor="M:JetBrains.Annotations.NotNullAttribute.#ctor" />
    </parameter>
  </member>
  <member name="M:System.Web.DynamicData.Misc.FillListItemCollection(System.Web.DynamicData.IMetaTable,System.Web.UI.WebControls.ListItemCollection)">
    <parameter name="table">
      <attribute ctor="M:JetBrains.Annotations.NotNullAttribute.#ctor" />
    </parameter>
    <parameter name="listItemCollection">
      <attribute ctor="M:JetBrains.Annotations.NotNullAttribute.#ctor" />
    </parameter>
  </member>
  <member name="M:System.Web.DynamicData.Misc.FindContainerType()">
    <parameter name="control">
      <attribute ctor="M:JetBrains.Annotations.NotNullAttribute.#ctor" />
    </parameter>
  </member>
  <member name="M:System.Web.DynamicData.Misc.GetEnumNamesAndValues(System.Type)">
    <attribute ctor="M:JetBrains.Annotations.NotNullAttribute.#ctor" />
    <parameter name="enumType">
      <attribute ctor="M:JetBrains.Annotations.NotNullAttribute.#ctor" />
    </parameter>
  </member>
  <member name="M:System.Web.DynamicData.Misc.GetKeyValues(System.Collections.Generic.IList{},System.Object)">
    <attribute ctor="M:JetBrains.Annotations.NotNullAttribute.#ctor" />
    <parameter name="keyMembers">
      <attribute ctor="M:JetBrains.Annotations.NotNullAttribute.#ctor" />
    </parameter>
    <parameter name="entity">
      <attribute ctor="M:JetBrains.Annotations.NotNullAttribute.#ctor" />
    </parameter>
  </member>
  <member name="M:System.Web.DynamicData.Misc.GetRouteValue(System.String)">
    <attribute ctor="M:JetBrains.Annotations.CanBeNullAttribute.#ctor" />
    <parameter name="key">
      <attribute ctor="M:JetBrains.Annotations.NotNullAttribute.#ctor" />
    </parameter>
  </member>
  <member name="M:System.Web.DynamicData.Misc.GetTableFromTypeHierarchy(System.Type)">
    <parameter name="entityType">
      <attribute ctor="M:JetBrains.Annotations.NotNullAttribute.#ctor" />
    </parameter>
  </member>
  <member name="M:System.Web.DynamicData.Misc.GetUnderlyingTypeValue(System.Type,System.Object)">
    <parameter name="enumType">
      <attribute ctor="M:JetBrains.Annotations.NotNullAttribute.#ctor" />
    </parameter>
  </member>
  <member name="M:System.Web.DynamicData.Misc.GetUnderlyingTypeValueString(System.Type,System.Object)">
    <attribute ctor="M:JetBrains.Annotations.NotNullAttribute.#ctor" />
    <parameter name="enumType">
      <attribute ctor="M:JetBrains.Annotations.NotNullAttribute.#ctor" />
    </parameter>
  </member>
  <member name="M:System.Web.DynamicData.Misc.IsColumnInDictionary(System.Web.DynamicData.IMetaColumn,System.Collections.Generic.IDictionary{System.String,System.Object})">
    <parameter name="column">
      <attribute ctor="M:JetBrains.Annotations.NotNullAttribute.#ctor" />
    </parameter>
    <parameter name="values">
      <attribute ctor="M:JetBrains.Annotations.NotNullAttribute.#ctor" />
    </parameter>
  </member>
  <member name="M:System.Web.DynamicData.Misc.ParseCommaSeparatedString(System.String)">
    <parameter name="stringList">
      <attribute ctor="M:JetBrains.Annotations.NotNullAttribute.#ctor" />
    </parameter>
    <attribute ctor="M:JetBrains.Annotations.NotNullAttribute.#ctor" />
  </member>
  <member name="M:System.Web.DynamicData.Misc.PersistListToCommaSeparatedString(System.Collections.Generic.IList{System.Object})">
    <attribute ctor="M:JetBrains.Annotations.NotNullAttribute.#ctor" />
  </member>
  <member name="M:System.Web.DynamicData.Misc.RemoveNullableFromType(System.Type)">
    <parameter name="type">
      <attribute ctor="M:JetBrains.Annotations.NotNullAttribute.#ctor" />
    </parameter>
    <attribute ctor="M:JetBrains.Annotations.NotNullAttribute.#ctor" />
  </member>
  <member name="M:System.Web.DynamicData.Misc.SanitizeQueryStringValue(System.Object)">
    <attribute ctor="M:JetBrains.Annotations.CanBeNullAttribute.#ctor" />
  </member>
  <member name="M:System.Web.DynamicData.Misc.ToWrapper(System.Web.HttpContext)">
    <attribute ctor="M:JetBrains.Annotations.NotNullAttribute.#ctor" />
    <parameter name="context">
      <attribute ctor="M:JetBrains.Annotations.NotNullAttribute.#ctor" />
    </parameter>
  </member>
  <member name="M:System.Web.DynamicData.Misc.TypeAllowsNull(System.Type)">
    <parameter name="type">
      <attribute ctor="M:JetBrains.Annotations.NotNullAttribute.#ctor" />
    </parameter>
  </member>
  <member name="M:System.Web.DynamicData.ModelProviders.AssociationProvider.GetSortExpression(System.Web.DynamicData.ModelProviders.ColumnProvider)">
    <attribute ctor="M:JetBrains.Annotations.CanBeNullAttribute.#ctor" />
    <parameter name="sortColumn">
      <attribute ctor="M:JetBrains.Annotations.NotNullAttribute.#ctor" />
    </parameter>
  </member>
  <member name="M:System.Web.DynamicData.ModelProviders.AssociationProvider.GetSortExpression(System.Web.DynamicData.ModelProviders.ColumnProvider,System.String)">
    <parameter name="sortColumn">
      <attribute ctor="M:JetBrains.Annotations.NotNullAttribute.#ctor" />
    </parameter>
    <parameter name="format">
      <attribute ctor="M:JetBrains.Annotations.NotNullAttribute.#ctor" />
    </parameter>
    <attribute ctor="M:JetBrains.Annotations.CanBeNullAttribute.#ctor" />
  </member>
  <member name="M:System.Web.DynamicData.ModelProviders.ColumnProvider.#ctor(System.Web.DynamicData.ModelProviders.TableProvider)">
    <parameter name="table">
      <attribute ctor="M:JetBrains.Annotations.NotNullAttribute.#ctor" />
    </parameter>
  </member>
  <member name="M:System.Web.DynamicData.ModelProviders.ColumnProvider.AddDefaultAttributes(System.Web.DynamicData.ModelProviders.ColumnProvider,System.ComponentModel.AttributeCollection)">
    <parameter name="columnProvider">
      <attribute ctor="M:JetBrains.Annotations.NotNullAttribute.#ctor" />
    </parameter>
    <parameter name="attributes">
      <attribute ctor="M:JetBrains.Annotations.NotNullAttribute.#ctor" />
    </parameter>
    <attribute ctor="M:JetBrains.Annotations.NotNullAttribute.#ctor" />
  </member>
  <member name="P:System.Web.DynamicData.ModelProviders.ColumnProvider.Association">
    <attribute ctor="M:JetBrains.Annotations.CanBeNullAttribute.#ctor" />
  </member>
  <member name="P:System.Web.DynamicData.ModelProviders.ColumnProvider.Attributes">
    <attribute ctor="M:JetBrains.Annotations.NotNullAttribute.#ctor" />
  </member>
  <member name="P:System.Web.DynamicData.ModelProviders.ColumnProvider.EntityTypeProperty">
    <attribute ctor="M:JetBrains.Annotations.CanBeNullAttribute.#ctor" />
  </member>
  <member name="M:System.Web.DynamicData.ModelProviders.DLinqAssociationProvider.#ctor(System.Web.DynamicData.ModelProviders.DLinqColumnProvider)">
    <parameter name="column">
      <attribute ctor="M:JetBrains.Annotations.NotNullAttribute.#ctor" />
    </parameter>
  </member>
  <member name="M:System.Web.DynamicData.ModelProviders.DLinqAssociationProvider.FindColumn(System.Web.DynamicData.ModelProviders.TableProvider,System.String)">
    <parameter name="table">
      <attribute ctor="M:JetBrains.Annotations.NotNullAttribute.#ctor" />
    </parameter>
  </member>
  <member name="M:System.Web.DynamicData.ModelProviders.DLinqAssociationProvider.SetAssociationKeyInfo(System.Data.Linq.Mapping.MetaAssociation)">
    <parameter name="association">
      <attribute ctor="M:JetBrains.Annotations.NotNullAttribute.#ctor" />
    </parameter>
  </member>
  <member name="M:System.Web.DynamicData.ModelProviders.DLinqAssociationProvider.SetDirection(System.Data.Linq.Mapping.MetaAssociation)">
    <parameter name="association">
      <attribute ctor="M:JetBrains.Annotations.NotNullAttribute.#ctor" />
    </parameter>
  </member>
  <member name="M:System.Web.DynamicData.ModelProviders.DLinqAssociationProvider.SetOtherEndOfAssociation(System.Data.Linq.Mapping.MetaAssociation)">
    <parameter name="association">
      <attribute ctor="M:JetBrains.Annotations.NotNullAttribute.#ctor" />
    </parameter>
  </member>
  <member name="M:System.Web.DynamicData.ModelProviders.DLinqAssociationProvider.ShouldRemoveThisAssociation(System.Data.Linq.Mapping.MetaAssociation)">
    <parameter name="association">
      <attribute ctor="M:JetBrains.Annotations.NotNullAttribute.#ctor" />
    </parameter>
  </member>
  <member name="M:System.Web.DynamicData.ModelProviders.DLinqColumnProvider.#ctor(System.Web.DynamicData.ModelProviders.DLinqTableProvider,System.Data.Linq.Mapping.MetaDataMember)">
    <parameter name="table">
      <attribute ctor="M:JetBrains.Annotations.NotNullAttribute.#ctor" />
    </parameter>
    <parameter name="member">
      <attribute ctor="M:JetBrains.Annotations.NotNullAttribute.#ctor" />
    </parameter>
  </member>
  <member name="M:System.Web.DynamicData.ModelProviders.DLinqColumnProvider.GetMemberType(System.Data.Linq.Mapping.MetaDataMember)">
    <parameter name="member">
      <attribute ctor="M:JetBrains.Annotations.NotNullAttribute.#ctor" />
    </parameter>
  </member>
  <member name="M:System.Web.DynamicData.ModelProviders.DLinqColumnProvider.ProcessMaxLength(System.Type,System.String)">
    <parameter name="memberType">
      <attribute ctor="M:JetBrains.Annotations.NotNullAttribute.#ctor" />
    </parameter>
  </member>
  <member name="M:System.Web.DynamicData.ModelProviders.DLinqDataModelProvider.GetEntityType(System.Reflection.PropertyInfo)">
    <parameter name="prop">
      <attribute ctor="M:JetBrains.Annotations.NotNullAttribute.#ctor" />
    </parameter>
  </member>
  <member name="M:System.Web.DynamicData.ModelProviders.DLinqDataModelProvider.GetLinqTable(System.Data.Linq.DataContext,System.Type)">
    <parameter name="context">
      <attribute ctor="M:JetBrains.Annotations.NotNullAttribute.#ctor" />
    </parameter>
  </member>
  <member name="M:System.Web.DynamicData.ModelProviders.DLinqDataModelProvider.ProcessTable(System.Data.Linq.Mapping.MetaTable,System.Data.Linq.Mapping.MetaType,System.String,System.Reflection.PropertyInfo)">
    <parameter name="rowType">
      <attribute ctor="M:JetBrains.Annotations.NotNullAttribute.#ctor" />
    </parameter>
    <parameter name="prop">
      <attribute ctor="M:JetBrains.Annotations.NotNullAttribute.#ctor" />
    </parameter>
  </member>
  <member name="M:System.Web.DynamicData.ModelProviders.DLinqTableProvider.#ctor(System.Web.DynamicData.ModelProviders.DLinqDataModelProvider,System.Data.Linq.Mapping.MetaType,System.String,System.Reflection.PropertyInfo)">
    <parameter name="dataModel">
      <attribute ctor="M:JetBrains.Annotations.NotNullAttribute.#ctor" />
    </parameter>
    <parameter name="rowType">
      <attribute ctor="M:JetBrains.Annotations.NotNullAttribute.#ctor" />
    </parameter>
    <parameter name="prop">
      <attribute ctor="M:JetBrains.Annotations.NotNullAttribute.#ctor" />
    </parameter>
  </member>
  <member name="M:System.Web.DynamicData.ModelProviders.DLinqTableProvider.AddColumn(System.Web.DynamicData.ModelProviders.DLinqDataModelProvider,System.Data.Linq.Mapping.MetaDataMember,System.Reflection.PropertyInfo)">
    <parameter name="dataModel">
      <attribute ctor="M:JetBrains.Annotations.NotNullAttribute.#ctor" />
    </parameter>
    <parameter name="member">
      <attribute ctor="M:JetBrains.Annotations.NotNullAttribute.#ctor" />
    </parameter>
    <parameter name="propInfo">
      <attribute ctor="M:JetBrains.Annotations.NotNullAttribute.#ctor" />
    </parameter>
  </member>
  <member name="M:System.Web.DynamicData.ModelProviders.DLinqTableProvider.GetQuery(System.Object)">
    <parameter name="context">
      <attribute ctor="M:JetBrains.Annotations.CanBeNullAttribute.#ctor" />
    </parameter>
  </member>
  <member name="M:System.Web.DynamicData.ModelProviders.EFAssociationProvider.#ctor(System.Web.DynamicData.ModelProviders.EFColumnProvider,System.Data.Metadata.Edm.NavigationProperty)">
    <parameter name="column">
      <attribute ctor="M:JetBrains.Annotations.NotNullAttribute.#ctor" />
    </parameter>
    <parameter name="navigationProperty">
      <attribute ctor="M:JetBrains.Annotations.NotNullAttribute.#ctor" />
    </parameter>
  </member>
  <member name="M:System.Web.DynamicData.ModelProviders.EFAssociationProvider.BuildRelationshipKey(System.Data.Metadata.Edm.EntityType,System.Data.Metadata.Edm.RelationshipEndMember)">
    <parameter name="entityType">
      <attribute ctor="M:JetBrains.Annotations.NotNullAttribute.#ctor" />
    </parameter>
    <parameter name="member">
      <attribute ctor="M:JetBrains.Annotations.NotNullAttribute.#ctor" />
    </parameter>
  </member>
  <member name="M:System.Web.DynamicData.ModelProviders.EFAssociationProvider.GetDependentPropertyNames(System.Data.Metadata.Edm.NavigationProperty)">
    <parameter name="navigationProperty">
      <attribute ctor="M:JetBrains.Annotations.NotNullAttribute.#ctor" />
    </parameter>
    <attribute ctor="M:JetBrains.Annotations.NotNullAttribute.#ctor" />
  </member>
  <member name="M:System.Web.DynamicData.ModelProviders.EFAssociationProvider.GetDependentPropertyNames(System.Data.Metadata.Edm.NavigationProperty,System.Boolean)">
    <parameter name="navigationProperty">
      <attribute ctor="M:JetBrains.Annotations.NotNullAttribute.#ctor" />
    </parameter>
    <attribute ctor="M:JetBrains.Annotations.NotNullAttribute.#ctor" />
  </member>
  <member name="M:System.Web.DynamicData.ModelProviders.EFAssociationProvider.IsZeroOrOne(System.Data.Metadata.Edm.NavigationProperty)">
    <parameter name="navigationProperty">
      <attribute ctor="M:JetBrains.Annotations.NotNullAttribute.#ctor" />
    </parameter>
  </member>
  <member name="M:System.Web.DynamicData.ModelProviders.EFColumnProvider.#ctor(System.Data.Metadata.Edm.EntityType,System.Web.DynamicData.ModelProviders.EFTableProvider,System.Data.Metadata.Edm.EdmMember,System.Boolean)">
    <parameter name="entityType">
      <attribute ctor="M:JetBrains.Annotations.NotNullAttribute.#ctor" />
    </parameter>
    <parameter name="table">
      <attribute ctor="M:JetBrains.Annotations.NotNullAttribute.#ctor" />
    </parameter>
    <parameter name="m">
      <attribute ctor="M:JetBrains.Annotations.NotNullAttribute.#ctor" />
    </parameter>
  </member>
  <member name="M:System.Web.DynamicData.ModelProviders.EFColumnProvider.DetermineIsForeignKeyComponent(System.Data.Metadata.Edm.EdmProperty)">
    <parameter name="property">
      <attribute ctor="M:JetBrains.Annotations.NotNullAttribute.#ctor" />
    </parameter>
  </member>
  <member name="M:System.Web.DynamicData.ModelProviders.EFColumnProvider.IsServerGenerated(System.Data.Metadata.Edm.EdmProperty)">
    <parameter name="property">
      <attribute ctor="M:JetBrains.Annotations.NotNullAttribute.#ctor" />
    </parameter>
  </member>
  <member name="M:System.Web.DynamicData.ModelProviders.EFColumnProvider.IsSupportedEdmMemberType(System.Data.Metadata.Edm.EdmMember)">
    <parameter name="member">
      <attribute ctor="M:JetBrains.Annotations.NotNullAttribute.#ctor" />
    </parameter>
  </member>
  <member name="M:System.Web.DynamicData.ModelProviders.EFDataModelProvider.CreateTableProvider(System.Data.Metadata.Edm.EntitySet,System.Data.Metadata.Edm.EntityType)">
    <attribute ctor="M:JetBrains.Annotations.NotNullAttribute.#ctor" />
    <parameter name="entitySet">
      <attribute ctor="M:JetBrains.Annotations.NotNullAttribute.#ctor" />
    </parameter>
    <parameter name="entityType">
      <attribute ctor="M:JetBrains.Annotations.NotNullAttribute.#ctor" />
    </parameter>
  </member>
  <member name="M:System.Web.DynamicData.ModelProviders.EFDataModelProvider.GetClrType(System.Data.Metadata.Edm.EdmType)">
    <parameter name="entityType">
      <attribute ctor="M:JetBrains.Annotations.NotNullAttribute.#ctor" />
    </parameter>
  </member>
  <member name="M:System.Web.DynamicData.ModelProviders.EFDataModelProvider.GetClrType(System.Data.Metadata.Edm.EntityType)">
    <parameter name="entityType">
      <attribute ctor="M:JetBrains.Annotations.NotNullAttribute.#ctor" />
    </parameter>
  </member>
  <member name="M:System.Web.DynamicData.ModelProviders.EFTableProvider.#ctor(System.Web.DynamicData.ModelProviders.EFDataModelProvider,System.Data.Metadata.Edm.EntitySet,System.Data.Metadata.Edm.EntityType,System.Type,System.Type,System.Type,System.String)">
    <parameter name="entitySet">
      <attribute ctor="M:JetBrains.Annotations.NotNullAttribute.#ctor" />
    </parameter>
    <parameter name="entityType">
      <attribute ctor="M:JetBrains.Annotations.NotNullAttribute.#ctor" />
    </parameter>
    <parameter name="entityClrType">
      <attribute ctor="M:JetBrains.Annotations.NotNullAttribute.#ctor" />
    </parameter>
    <parameter name="dataModel">
      <attribute ctor="M:JetBrains.Annotations.NotNullAttribute.#ctor" />
    </parameter>
  </member>
  <member name="M:System.Web.DynamicData.ModelProviders.EFTableProvider.CreateEntitySqlQueryString(System.Data.Metadata.Edm.EntitySet)">
    <parameter name="entitySet">
      <attribute ctor="M:JetBrains.Annotations.NotNullAttribute.#ctor" />
    </parameter>
  </member>
  <member name="M:System.Web.DynamicData.ModelProviders.EFTableProvider.IsPublicProperty(System.Type,System.String)">
    <parameter name="entityClrType">
      <attribute ctor="M:JetBrains.Annotations.NotNullAttribute.#ctor" />
    </parameter>
    <parameter name="propertyName">
      <attribute ctor="M:JetBrains.Annotations.NotNullAttribute.#ctor" />
    </parameter>
  </member>
  <member name="M:System.Web.DynamicData.ModelProviders.EFTableProvider.QuoteEntitySqlIdentifier(System.String)">
    <parameter name="identifier">
      <attribute ctor="M:JetBrains.Annotations.NotNullAttribute.#ctor" />
    </parameter>
  </member>
  <member name="M:System.Web.DynamicData.ModelProviders.SchemaCreator.CreateDataModel(System.Object,System.Func{System.Object})">
    <attribute ctor="M:JetBrains.Annotations.NotNullAttribute.#ctor" />
    <parameter name="contextInstance">
      <attribute ctor="M:JetBrains.Annotations.NotNullAttribute.#ctor" />
    </parameter>
  </member>
  <member name="M:System.Web.DynamicData.ModelProviders.SimpleColumnProvider.#ctor(System.Web.DynamicData.ModelProviders.TableProvider,System.ComponentModel.PropertyDescriptor)">
    <parameter name="tableProvider">
      <attribute ctor="M:JetBrains.Annotations.NotNullAttribute.#ctor" />
    </parameter>
    <parameter name="propertyDescriptor">
      <attribute ctor="M:JetBrains.Annotations.NotNullAttribute.#ctor" />
    </parameter>
  </member>
  <member name="M:System.Web.DynamicData.ModelProviders.SimpleDataModelProvider.#ctor(System.ComponentModel.ICustomTypeDescriptor)">
    <parameter name="typeDescriptor">
      <attribute ctor="M:JetBrains.Annotations.NotNullAttribute.#ctor" />
    </parameter>
  </member>
  <member name="M:System.Web.DynamicData.ModelProviders.SimpleDataModelProvider.#ctor(System.Type)">
    <parameter name="entityType">
      <attribute ctor="M:JetBrains.Annotations.NotNullAttribute.#ctor" />
    </parameter>
  </member>
  <member name="P:System.Web.DynamicData.ModelProviders.SimpleDataModelProvider.Tables">
    <attribute ctor="M:JetBrains.Annotations.NotNullAttribute.#ctor" />
  </member>
  <member name="M:System.Web.DynamicData.ModelProviders.SimpleTableProvider.#ctor(System.Web.DynamicData.ModelProviders.DataModelProvider,System.ComponentModel.ICustomTypeDescriptor)">
    <parameter name="descriptor">
      <attribute ctor="M:JetBrains.Annotations.NotNullAttribute.#ctor" />
    </parameter>
    <parameter name="modelProvider">
      <attribute ctor="M:JetBrains.Annotations.NotNullAttribute.#ctor" />
    </parameter>
  </member>
  <member name="M:System.Web.DynamicData.ModelProviders.SimpleTableProvider.#ctor(System.Web.DynamicData.ModelProviders.DataModelProvider,System.Type)">
    <parameter name="entityType">
      <attribute ctor="M:JetBrains.Annotations.NotNullAttribute.#ctor" />
    </parameter>
    <parameter name="modelProvider">
      <attribute ctor="M:JetBrains.Annotations.NotNullAttribute.#ctor" />
    </parameter>
  </member>
  <member name="P:System.Web.DynamicData.ModelProviders.SimpleTableProvider.Columns">
    <attribute ctor="M:JetBrains.Annotations.NotNullAttribute.#ctor" />
  </member>
  <member name="M:System.Web.DynamicData.ModelProviders.SimpleTableProvider.GetQuery(System.Object)">
    <parameter name="context">
      <attribute ctor="M:JetBrains.Annotations.CanBeNullAttribute.#ctor" />
    </parameter>
  </member>
  <member name="M:System.Web.DynamicData.ModelProviders.SimpleTableProvider.InitializeColumns(System.ComponentModel.PropertyDescriptorCollection)">
    <parameter name="columnDescriptors">
      <attribute ctor="M:JetBrains.Annotations.NotNullAttribute.#ctor" />
    </parameter>
  </member>
  <member name="M:System.Web.DynamicData.ModelProviders.TableProvider.#ctor(System.Web.DynamicData.ModelProviders.DataModelProvider)">
    <parameter name="model">
      <attribute ctor="M:JetBrains.Annotations.NotNullAttribute.#ctor" />
    </parameter>
  </member>
  <member name="M:System.Web.DynamicData.ModelProviders.TableProvider.CanDelete(System.Security.Principal.IPrincipal)">
    <parameter name="principal">
      <attribute ctor="M:JetBrains.Annotations.NotNullAttribute.#ctor" />
    </parameter>
  </member>
  <member name="M:System.Web.DynamicData.ModelProviders.TableProvider.CanInsert(System.Security.Principal.IPrincipal)">
    <parameter name="principal">
      <attribute ctor="M:JetBrains.Annotations.NotNullAttribute.#ctor" />
    </parameter>
  </member>
  <member name="M:System.Web.DynamicData.ModelProviders.TableProvider.CanRead(System.Security.Principal.IPrincipal)">
    <parameter name="principal">
      <attribute ctor="M:JetBrains.Annotations.NotNullAttribute.#ctor" />
    </parameter>
  </member>
  <member name="M:System.Web.DynamicData.ModelProviders.TableProvider.CanUpdate(System.Security.Principal.IPrincipal)">
    <parameter name="principal">
      <attribute ctor="M:JetBrains.Annotations.NotNullAttribute.#ctor" />
    </parameter>
  </member>
  <member name="M:System.Web.DynamicData.ModelProviders.TableProvider.EvaluateForeignKey(System.Object,System.String)">
    <parameter name="row">
      <attribute ctor="M:JetBrains.Annotations.NotNullAttribute.#ctor" />
    </parameter>
    <parameter name="foreignKeyName">
      <attribute ctor="M:JetBrains.Annotations.NotNullAttribute.#ctor" />
    </parameter>
    <attribute ctor="M:JetBrains.Annotations.CanBeNullAttribute.#ctor" />
  </member>
  <member name="M:System.Web.DynamicData.ModelProviders.TableProvider.GetQuery(System.Object)">
    <parameter name="context">
      <attribute ctor="M:JetBrains.Annotations.NotNullAttribute.#ctor" />
    </parameter>
  </member>
  <member name="M:System.Web.DynamicData.ModelProviders.TableProvider.GetTypeDescriptor">
    <attribute ctor="M:JetBrains.Annotations.CanBeNullAttribute.#ctor" />
  </member>
  <member name="P:System.Web.DynamicData.PageAction.Details">
    <attribute ctor="M:JetBrains.Annotations.NotNullAttribute.#ctor" />
  </member>
  <member name="P:System.Web.DynamicData.PageAction.Edit">
    <attribute ctor="M:JetBrains.Annotations.NotNullAttribute.#ctor" />
  </member>
  <member name="P:System.Web.DynamicData.PageAction.Insert">
    <attribute ctor="M:JetBrains.Annotations.NotNullAttribute.#ctor" />
  </member>
  <member name="P:System.Web.DynamicData.PageAction.List">
    <attribute ctor="M:JetBrains.Annotations.NotNullAttribute.#ctor" />
  </member>
  <member name="P:System.Web.DynamicData.QueryableFilterRepeater.Context">
    <attribute ctor="M:JetBrains.Annotations.NotNullAttribute.#ctor" />
  </member>
  <member name="M:System.Web.DynamicData.QueryableFilterRepeater.System#Web#DynamicData#IFilterExpressionProvider#Initialize(System.Web.UI.WebControls.IQueryableDataSource)">
    <parameter name="dataSource">
      <attribute ctor="M:JetBrains.Annotations.NotNullAttribute.#ctor" />
    </parameter>
  </member>
  <member name="M:System.Web.DynamicData.QueryableFilterUserControl.ApplyEqualityFilter(System.Linq.IQueryable,System.String,System.Object)">
    <parameter name="source">
      <attribute ctor="M:JetBrains.Annotations.NotNullAttribute.#ctor" />
    </parameter>
    <parameter name="propertyName">
      <attribute ctor="M:JetBrains.Annotations.NotNullAttribute.#ctor" />
    </parameter>
  </member>
  <member name="M:System.Web.DynamicData.QueryableFilterUserControl.CreatePropertyExpression(System.Linq.Expressions.Expression,System.String)">
    <parameter name="parameterExpression">
      <attribute ctor="M:JetBrains.Annotations.NotNullAttribute.#ctor" />
    </parameter>
    <parameter name="propertyName">
      <attribute ctor="M:JetBrains.Annotations.NotNullAttribute.#ctor" />
    </parameter>
    <attribute ctor="M:JetBrains.Annotations.CanBeNullAttribute.#ctor" />
  </member>
  <member name="M:System.Web.DynamicData.QueryableFilterUserControl.FillEnumListControl(System.Web.UI.WebControls.ListControl,System.Type)">
    <parameter name="list">
      <attribute ctor="M:JetBrains.Annotations.NotNullAttribute.#ctor" />
    </parameter>
    <parameter name="enumType">
      <attribute ctor="M:JetBrains.Annotations.NotNullAttribute.#ctor" />
    </parameter>
  </member>
  <member name="P:System.Web.DynamicData.QueryableFilterUserControl.FilterControl">
    <attribute ctor="M:JetBrains.Annotations.CanBeNullAttribute.#ctor" />
  </member>
  <member name="M:System.Web.DynamicData.QueryableFilterUserControl.PopulateListControl(System.Web.UI.WebControls.ListControl)">
    <parameter name="listControl">
      <attribute ctor="M:JetBrains.Annotations.NotNullAttribute.#ctor" />
    </parameter>
  </member>
  <member name="M:System.Web.DynamicData.QueryStringHandler.AddFiltersToPath(System.String,System.Collections.Generic.IDictionary{System.String,System.Object})">
    <attribute ctor="M:JetBrains.Annotations.NotNullAttribute.#ctor" />
    <parameter name="virtualPath">
      <attribute ctor="M:JetBrains.Annotations.NotNullAttribute.#ctor" />
    </parameter>
    <parameter name="filters">
      <attribute ctor="M:JetBrains.Annotations.NotNullAttribute.#ctor" />
    </parameter>
  </member>
  <member name="M:System.Web.DynamicData.QueryStringHandler.ConcatenateQueryStringElements(System.Collections.Generic.IDictionary{System.String,System.Object})">
    <attribute ctor="M:JetBrains.Annotations.NotNullAttribute.#ctor" />
    <parameter name="parameters">
      <attribute ctor="M:JetBrains.Annotations.NotNullAttribute.#ctor" />
    </parameter>
  </member>
  <member name="M:System.Web.DynamicData.QueryStringHandler.SanitizeParameterComponent(System.Object)">
    <attribute ctor="M:JetBrains.Annotations.NotNullAttribute.#ctor" />
  </member>
  <member name="P:System.Web.DynamicData.RepeaterDataBoundAdapter.DataSourceObject">
    <attribute ctor="M:JetBrains.Annotations.CanBeNullAttribute.#ctor" />
  </member>
  <member name="M:System.Web.DynamicData.SimpleFieldTemplateFactory.CreateFieldTemplate(System.Boolean,)">
    <attribute ctor="M:JetBrains.Annotations.NotNullAttribute.#ctor" />
  </member>
  <member name="M:System.Web.DynamicData.SimpleFieldTemplateUserControl.CreateBooleanTemplate(System.Boolean)">
    <attribute ctor="M:JetBrains.Annotations.NotNullAttribute.#ctor" />
  </member>
  <member name="M:System.Web.DynamicData.SimpleFieldTemplateUserControl.CreateTextTemplate(,System.Boolean)">
    <attribute ctor="M:JetBrains.Annotations.NotNullAttribute.#ctor" />
  </member>
  <member name="M:System.Web.DynamicData.TableNameAttribute.#ctor(System.String)">
    <parameter name="name">
      <attribute ctor="M:JetBrains.Annotations.NotNullAttribute.#ctor" />
    </parameter>
  </member>
  <member name="M:System.Web.DynamicData.TemplateFactory.FileExists(System.String)">
    <parameter name="virtualPath">
      <attribute ctor="M:JetBrains.Annotations.NotNullAttribute.#ctor" />
    </parameter>
  </member>
  <member name="M:System.Web.DynamicData.TemplateFactory.GetTemplatePath(System.Int64,System.Func{System.String})">
    <parameter name="templatePathFactoryFunction">
      <attribute ctor="M:JetBrains.Annotations.NotNullAttribute.#ctor" />
    </parameter>
  </member>
  <member name="M:System.Web.DynamicData.Util.AttributeExtensions.FirstOrDefault``1(System.ComponentModel.AttributeCollection)">
    <parameter name="attributes">
      <attribute ctor="M:JetBrains.Annotations.NotNullAttribute.#ctor" />
    </parameter>
  </member>
  <member name="M:System.Web.DynamicData.Util.AttributeExtensions.GetAttributePropertyValue``2(System.ComponentModel.AttributeCollection,System.Func{``0,``1})">
    <parameter name="attributes">
      <attribute ctor="M:JetBrains.Annotations.NotNullAttribute.#ctor" />
    </parameter>
    <parameter name="propertyGetter">
      <attribute ctor="M:JetBrains.Annotations.NotNullAttribute.#ctor" />
    </parameter>
  </member>
  <member name="M:System.Web.DynamicData.Util.AttributeExtensions.GetAttributePropertyValue``2(System.ComponentModel.AttributeCollection,System.Func{``0,``1},``1)">
    <parameter name="attributes">
      <attribute ctor="M:JetBrains.Annotations.NotNullAttribute.#ctor" />
    </parameter>
    <parameter name="propertyGetter">
      <attribute ctor="M:JetBrains.Annotations.NotNullAttribute.#ctor" />
    </parameter>
  </member>
  <member name="M:System.Web.DynamicData.Util.AttributeExtensions.GetPropertyValue``2(``0,System.Func{``0,``1})">
    <parameter name="propertyGetter">
      <attribute ctor="M:JetBrains.Annotations.NotNullAttribute.#ctor" />
    </parameter>
  </member>
  <member name="M:System.Web.DynamicData.Util.AttributeExtensions.GetPropertyValue``2(``0,System.Func{``0,``1},``1)">
    <parameter name="propertyGetter">
      <attribute ctor="M:JetBrains.Annotations.NotNullAttribute.#ctor" />
    </parameter>
  </member>
  <member name="M:System.Web.DynamicData.Util.DataControlHelper.FindDataSourceControl()">
    <attribute ctor="M:JetBrains.Annotations.CanBeNullAttribute.#ctor" />
  </member>
  <member name="M:System.Web.DynamicData.Util.DataControlHelper.GetControlAdapter()">
    <attribute ctor="M:JetBrains.Annotations.CanBeNullAttribute.#ctor" />
  </member>
  <member name="M:System.Web.DynamicData.Util.DataControlHelper.GetDataBoundControl(,System.Boolean)">
    <attribute ctor="M:JetBrains.Annotations.CanBeNullAttribute.#ctor" />
  </member>
  <member name="M:System.Web.DynamicData.Util.DefaultValueMapping.#ctor(System.Collections.Generic.IDictionary{System.String,System.Object})">
    <parameter name="defaultValues">
      <attribute ctor="M:JetBrains.Annotations.NotNullAttribute.#ctor" />
    </parameter>
  </member>
  <member name="M:System.Web.DynamicData.Util.DefaultValueMapping.Contains()">
    <parameter name="column">
      <attribute ctor="M:JetBrains.Annotations.NotNullAttribute.#ctor" />
    </parameter>
  </member>
  <member name="M:System.Web.DynamicData.Util.DictionaryCustomTypeDescriptor.#ctor(System.Collections.Generic.IDictionary{System.String,System.Object})">
    <parameter name="values">
      <attribute ctor="M:JetBrains.Annotations.NotNullAttribute.#ctor" />
    </parameter>
  </member>
  <member name="M:System.Web.DynamicData.Util.DictionaryCustomTypeDescriptor.GetProperties">
    <attribute ctor="M:JetBrains.Annotations.NotNullAttribute.#ctor" />
  </member>
  <member name="M:System.Web.DynamicData.Util.DictionaryCustomTypeDescriptor.GetValue(System.String)">
    <parameter name="name">
      <attribute ctor="M:JetBrains.Annotations.NotNullAttribute.#ctor" />
    </parameter>
  </member>
  <member name="M:System.Web.DynamicData.Util.DictionaryPropertyDescriptor.#ctor(System.String)">
    <parameter name="name">
      <attribute ctor="M:JetBrains.Annotations.NotNullAttribute.#ctor" />
    </parameter>
  </member>
  <member name="M:System.Web.DynamicData.Util.DictionaryPropertyDescriptor.CanResetValue(System.Object)">
    <parameter name="component">
      <attribute ctor="M:JetBrains.Annotations.CanBeNullAttribute.#ctor" />
    </parameter>
  </member>
  <member name="M:System.Web.DynamicData.Util.DictionaryPropertyDescriptor.GetValue(System.Object)">
    <parameter name="component">
      <attribute ctor="M:JetBrains.Annotations.CanBeNullAttribute.#ctor" />
    </parameter>
  </member>
  <member name="M:System.Web.DynamicData.Util.DictionaryPropertyDescriptor.ResetValue(System.Object)">
    <parameter name="component">
      <attribute ctor="M:JetBrains.Annotations.CanBeNullAttribute.#ctor" />
    </parameter>
  </member>
  <member name="M:System.Web.DynamicData.Util.DictionaryPropertyDescriptor.SetValue(System.Object,System.Object)">
    <parameter name="value">
      <attribute ctor="M:JetBrains.Annotations.CanBeNullAttribute.#ctor" />
    </parameter>
    <parameter name="component">
      <attribute ctor="M:JetBrains.Annotations.CanBeNullAttribute.#ctor" />
    </parameter>
  </member>
  <member name="M:System.Web.DynamicData.Util.DictionaryPropertyDescriptor.ShouldSerializeValue(System.Object)">
    <parameter name="component">
      <attribute ctor="M:JetBrains.Annotations.CanBeNullAttribute.#ctor" />
    </parameter>
  </member>
  <member name="M:System.Web.DynamicData.Util.MetaTableHelper.FindMetaTable()">
    <attribute ctor="M:JetBrains.Annotations.CanBeNullAttribute.#ctor" />
  </member>
  <member name="M:System.Web.DynamicData.Util.MetaTableHelper.FindMetaTable(,System.Web.HttpContextBase)">
    <parameter name="context">
      <attribute ctor="M:JetBrains.Annotations.NotNullAttribute.#ctor" />
    </parameter>
    <attribute ctor="M:JetBrains.Annotations.CanBeNullAttribute.#ctor" />
  </member>
  <member name="M:System.Web.DynamicData.Util.MetaTableHelper.GetDefaultValueMapping(,System.Web.HttpContextBase)">
    <parameter name="context">
      <attribute ctor="M:JetBrains.Annotations.NotNullAttribute.#ctor" />
    </parameter>
  </member>
  <member name="M:System.Web.DynamicData.Util.MetaTableHelper.GetMapping(System.Web.HttpContextBase)">
    <attribute ctor="M:JetBrains.Annotations.NotNullAttribute.#ctor" />
    <parameter name="httpContext">
      <attribute ctor="M:JetBrains.Annotations.NotNullAttribute.#ctor" />
    </parameter>
  </member>
  <member name="M:System.Web.DynamicData.Util.MetaTableHelper.GetMappingInfo(System.Object,System.Web.HttpContextBase)">
    <parameter name="httpContext">
      <attribute ctor="M:JetBrains.Annotations.NotNullAttribute.#ctor" />
    </parameter>
    <parameter name="control">
      <attribute ctor="M:JetBrains.Annotations.NotNullAttribute.#ctor" />
    </parameter>
  </member>
  <member name="M:System.Web.DynamicData.Util.MetaTableHelper.GetTableFromDynamicDataSource(System.Web.DynamicData.IDynamicDataSource)">
    <parameter name="dynamicDataSource">
      <attribute ctor="M:JetBrains.Annotations.NotNullAttribute.#ctor" />
    </parameter>
  </member>
  <member name="M:System.Web.DynamicData.Util.MetaTableHelper.GetTableFromMapping(System.Web.HttpContextBase,System.Object)">
    <parameter name="httpContext">
      <attribute ctor="M:JetBrains.Annotations.NotNullAttribute.#ctor" />
    </parameter>
    <parameter name="control">
      <attribute ctor="M:JetBrains.Annotations.NotNullAttribute.#ctor" />
    </parameter>
  </member>
  <member name="M:System.Web.DynamicData.Util.MetaTableHelper.GetTableWithFullFallback(System.Web.UI.IDataSource,System.Web.HttpContextBase)">
    <attribute ctor="M:JetBrains.Annotations.NotNullAttribute.#ctor" />
    <parameter name="dataSource">
      <attribute ctor="M:JetBrains.Annotations.NotNullAttribute.#ctor" />
    </parameter>
    <parameter name="context">
      <attribute ctor="M:JetBrains.Annotations.NotNullAttribute.#ctor" />
    </parameter>
  </member>
  <member name="M:System.Web.DynamicData.Util.MetaTableHelper.SetTableInMapping(System.Web.HttpContextBase,System.Object,,System.Collections.Generic.IDictionary{System.String,System.Object})">
    <parameter name="httpContext">
      <attribute ctor="M:JetBrains.Annotations.NotNullAttribute.#ctor" />
    </parameter>
    <parameter name="control">
      <attribute ctor="M:JetBrains.Annotations.NotNullAttribute.#ctor" />
    </parameter>
  </member>
  <member name="M:System.Web.DynamicData.Util.RouteParametersHelper.CreateParameter(System.String,System.String,)">
    <attribute ctor="M:JetBrains.Annotations.NotNullAttribute.#ctor" />
  </member>
  <member name="M:System.Web.DynamicData.Util.RouteParametersHelper.GetColumnParameters(,System.String)">
    <attribute ctor="M:JetBrains.Annotations.NotNullAttribute.#ctor" />
  </member>
  <member name="M:System.Web.DynamicData.Util.RouteParametersHelper.GetForeignKeyParameters(System.Web.DynamicData.MetaForeignKeyColumn)">
    <attribute ctor="M:JetBrains.Annotations.NotNullAttribute.#ctor" />
    <parameter name="fkColumn">
      <attribute ctor="M:JetBrains.Annotations.NotNullAttribute.#ctor" />
    </parameter>
  </member>
  <member name="M:System.Web.DynamicData.Util.RouteParametersHelper.GetPrimaryKeyParameters()">
    <attribute ctor="M:JetBrains.Annotations.NotNullAttribute.#ctor" />
  </member>
  <member name="M:System.Web.DynamicData.Util.RouteParametersHelper.GetRegularColumnParameters()">
    <attribute ctor="M:JetBrains.Annotations.NotNullAttribute.#ctor" />
  </member>
  <member name="P:System.Web.Resources.DynamicDataResources.AssociationProvider_DirectionDoesNotSupportSorting">
    <attribute ctor="M:JetBrains.Annotations.CanBeNullAttribute.#ctor" />
  </member>
  <member name="P:System.Web.Resources.DynamicDataResources.AssociationProvider_SortColumnDoesNotBelongToEndTable">
    <attribute ctor="M:JetBrains.Annotations.CanBeNullAttribute.#ctor" />
  </member>
  <member name="P:System.Web.Resources.DynamicDataResources.Common_PageCannotBeNull">
    <attribute ctor="M:JetBrains.Annotations.CanBeNullAttribute.#ctor" />
  </member>
  <member name="P:System.Web.Resources.DynamicDataResources.ControlFilterExpression_CouldNotFindControlID">
    <attribute ctor="M:JetBrains.Annotations.CanBeNullAttribute.#ctor" />
  </member>
  <member name="P:System.Web.Resources.DynamicDataResources.DataControlReference_ControlID">
    <attribute ctor="M:JetBrains.Annotations.CanBeNullAttribute.#ctor" />
  </member>
  <member name="P:System.Web.Resources.DynamicDataResources.DataSourceUtil_CantDetermineTable">
    <attribute ctor="M:JetBrains.Annotations.CanBeNullAttribute.#ctor" />
  </member>
  <member name="P:System.Web.Resources.DynamicDataResources.DynamicControl_ControlMustHaveDateFieldAttribute">
    <attribute ctor="M:JetBrains.Annotations.CanBeNullAttribute.#ctor" />
  </member>
  <member name="P:System.Web.Resources.DynamicDataResources.DynamicControl_ControlNeedsToExistInADataControlUsingDynamicDataSource">
    <attribute ctor="M:JetBrains.Annotations.CanBeNullAttribute.#ctor" />
  </member>
  <member name="P:System.Web.Resources.DynamicDataResources.DynamicControl_Mode">
    <attribute ctor="M:JetBrains.Annotations.CanBeNullAttribute.#ctor" />
  </member>
  <member name="P:System.Web.Resources.DynamicDataResources.DynamicControlDesignRender">
    <attribute ctor="M:JetBrains.Annotations.CanBeNullAttribute.#ctor" />
  </member>
  <member name="P:System.Web.Resources.DynamicDataResources.DynamicControlFieldCommon_ApplyFormatInEditMode">
    <attribute ctor="M:JetBrains.Annotations.CanBeNullAttribute.#ctor" />
  </member>
  <member name="P:System.Web.Resources.DynamicDataResources.DynamicControlFieldCommon_ConvertEmptyStringToNull">
    <attribute ctor="M:JetBrains.Annotations.CanBeNullAttribute.#ctor" />
  </member>
  <member name="P:System.Web.Resources.DynamicDataResources.DynamicControlFieldCommon_DataField">
    <attribute ctor="M:JetBrains.Annotations.CanBeNullAttribute.#ctor" />
  </member>
  <member name="P:System.Web.Resources.DynamicDataResources.DynamicControlFieldCommon_DataFormatString">
    <attribute ctor="M:JetBrains.Annotations.CanBeNullAttribute.#ctor" />
  </member>
  <member name="P:System.Web.Resources.DynamicDataResources.DynamicControlFieldCommon_HtmlEncode">
    <attribute ctor="M:JetBrains.Annotations.CanBeNullAttribute.#ctor" />
  </member>
  <member name="P:System.Web.Resources.DynamicDataResources.DynamicControlFieldCommon_NullDisplayText">
    <attribute ctor="M:JetBrains.Annotations.CanBeNullAttribute.#ctor" />
  </member>
  <member name="P:System.Web.Resources.DynamicDataResources.DynamicControlFieldCommon_UIHint">
    <attribute ctor="M:JetBrains.Annotations.CanBeNullAttribute.#ctor" />
  </member>
  <member name="P:System.Web.Resources.DynamicDataResources.DynamicControlFieldCommon_ValidationGroup">
    <attribute ctor="M:JetBrains.Annotations.CanBeNullAttribute.#ctor" />
  </member>
  <member name="P:System.Web.Resources.DynamicDataResources.DynamicControlParameter_DynamicDataSourceColumnNotCompatibleWithTable">
    <attribute ctor="M:JetBrains.Annotations.CanBeNullAttribute.#ctor" />
  </member>
  <member name="P:System.Web.Resources.DynamicDataResources.DynamicControlParameter_DynamicDataSourceControlCannotBeUsedAsParent">
    <attribute ctor="M:JetBrains.Annotations.CanBeNullAttribute.#ctor" />
  </member>
  <member name="P:System.Web.Resources.DynamicDataResources.DynamicControlParameter_DynamicDataSourceControlNotFound">
    <attribute ctor="M:JetBrains.Annotations.CanBeNullAttribute.#ctor" />
  </member>
  <member name="P:System.Web.Resources.DynamicDataResources.DynamicControlParameter_InvalidPK">
    <attribute ctor="M:JetBrains.Annotations.CanBeNullAttribute.#ctor" />
  </member>
  <member name="P:System.Web.Resources.DynamicDataResources.DynamicDataExtensions_ContextTypePropertyOfDynamicDataSourceMustBeSpecified">
    <attribute ctor="M:JetBrains.Annotations.CanBeNullAttribute.#ctor" />
  </member>
  <member name="P:System.Web.Resources.DynamicDataResources.DynamicDataManager_AutoLoadForeignKeys">
    <attribute ctor="M:JetBrains.Annotations.CanBeNullAttribute.#ctor" />
  </member>
  <member name="P:System.Web.Resources.DynamicDataResources.DynamicDataManager_ControlNotFound">
    <attribute ctor="M:JetBrains.Annotations.CanBeNullAttribute.#ctor" />
  </member>
  <member name="P:System.Web.Resources.DynamicDataResources.DynamicDataManager_EnableQueryStringSelection">
    <attribute ctor="M:JetBrains.Annotations.CanBeNullAttribute.#ctor" />
  </member>
  <member name="P:System.Web.Resources.DynamicDataResources.DynamicDataManager_OnlyOneDynamicDataManager">
    <attribute ctor="M:JetBrains.Annotations.CanBeNullAttribute.#ctor" />
  </member>
  <member name="P:System.Web.Resources.DynamicDataResources.DynamicDataManager_UnsupportedControl">
    <attribute ctor="M:JetBrains.Annotations.CanBeNullAttribute.#ctor" />
  </member>
  <member name="P:System.Web.Resources.DynamicDataResources.DynamicEntity_CantFindTemplate">
    <attribute ctor="M:JetBrains.Annotations.CanBeNullAttribute.#ctor" />
  </member>
  <member name="P:System.Web.Resources.DynamicDataResources.DynamicEntity_ControlNeedsToExistInAContextSupportingDynamicData">
    <attribute ctor="M:JetBrains.Annotations.CanBeNullAttribute.#ctor" />
  </member>
  <member name="P:System.Web.Resources.DynamicDataResources.DynamicEntity_Mode">
    <attribute ctor="M:JetBrains.Annotations.CanBeNullAttribute.#ctor" />
  </member>
  <member name="P:System.Web.Resources.DynamicDataResources.DynamicField_ReadOnly">
    <attribute ctor="M:JetBrains.Annotations.CanBeNullAttribute.#ctor" />
  </member>
  <member name="P:System.Web.Resources.DynamicDataResources.DynamicFilter_DataField">
    <attribute ctor="M:JetBrains.Annotations.CanBeNullAttribute.#ctor" />
  </member>
  <member name="P:System.Web.Resources.DynamicDataResources.DynamicFilter_FilterUIHint">
    <attribute ctor="M:JetBrains.Annotations.CanBeNullAttribute.#ctor" />
  </member>
  <member name="P:System.Web.Resources.DynamicDataResources.DynamicHyperLink_Action">
    <attribute ctor="M:JetBrains.Annotations.CanBeNullAttribute.#ctor" />
  </member>
  <member name="P:System.Web.Resources.DynamicDataResources.DynamicHyperLink_CannotBindToNull">
    <attribute ctor="M:JetBrains.Annotations.CanBeNullAttribute.#ctor" />
  </member>
  <member name="P:System.Web.Resources.DynamicDataResources.DynamicHyperLink_CannotDetermineTable">
    <attribute ctor="M:JetBrains.Annotations.CanBeNullAttribute.#ctor" />
  </member>
  <member name="P:System.Web.Resources.DynamicDataResources.DynamicHyperLink_CannotSetTableAndContextWhenDatabinding">
    <attribute ctor="M:JetBrains.Annotations.CanBeNullAttribute.#ctor" />
  </member>
  <member name="P:System.Web.Resources.DynamicDataResources.DynamicHyperLink_ContextTypeName">
    <attribute ctor="M:JetBrains.Annotations.CanBeNullAttribute.#ctor" />
  </member>
  <member name="P:System.Web.Resources.DynamicDataResources.DynamicHyperLink_DataField">
    <attribute ctor="M:JetBrains.Annotations.CanBeNullAttribute.#ctor" />
  </member>
  <member name="P:System.Web.Resources.DynamicDataResources.DynamicHyperLink_TableName">
    <attribute ctor="M:JetBrains.Annotations.CanBeNullAttribute.#ctor" />
  </member>
  <member name="P:System.Web.Resources.DynamicDataResources.DynamicParameter_NeedExpansion">
    <attribute ctor="M:JetBrains.Annotations.CanBeNullAttribute.#ctor" />
  </member>
  <member name="P:System.Web.Resources.DynamicDataResources.DynamicValidator_CannotConvertValue">
    <attribute ctor="M:JetBrains.Annotations.CanBeNullAttribute.#ctor" />
  </member>
  <member name="P:System.Web.Resources.DynamicDataResources.DynamicValidator_ControlNotFound">
    <attribute ctor="M:JetBrains.Annotations.CanBeNullAttribute.#ctor" />
  </member>
  <member name="P:System.Web.Resources.DynamicDataResources.FieldTemplateFactory_FolderNotFound">
    <attribute ctor="M:JetBrains.Annotations.CanBeNullAttribute.#ctor" />
  </member>
  <member name="P:System.Web.Resources.DynamicDataResources.FieldTemplateUserControl_ColumnIsNotChildren">
    <attribute ctor="M:JetBrains.Annotations.CanBeNullAttribute.#ctor" />
  </member>
  <member name="P:System.Web.Resources.DynamicDataResources.FieldTemplateUserControl_ColumnIsNotFK">
    <attribute ctor="M:JetBrains.Annotations.CanBeNullAttribute.#ctor" />
  </member>
  <member name="P:System.Web.Resources.DynamicDataResources.FieldTemplateUserControl_CompareValidationError_Date">
    <attribute ctor="M:JetBrains.Annotations.CanBeNullAttribute.#ctor" />
  </member>
  <member name="P:System.Web.Resources.DynamicDataResources.FieldTemplateUserControl_CompareValidationError_Decimal">
    <attribute ctor="M:JetBrains.Annotations.CanBeNullAttribute.#ctor" />
  </member>
  <member name="P:System.Web.Resources.DynamicDataResources.FieldTemplateUserControl_CompareValidationError_Integer">
    <attribute ctor="M:JetBrains.Annotations.CanBeNullAttribute.#ctor" />
  </member>
  <member name="P:System.Web.Resources.DynamicDataResources.FilterFactory_ColumnHasNoDefaultFilter">
    <attribute ctor="M:JetBrains.Annotations.CanBeNullAttribute.#ctor" />
  </member>
  <member name="P:System.Web.Resources.DynamicDataResources.FilterRepeater_CantInferInformationFromUrl">
    <attribute ctor="M:JetBrains.Annotations.CanBeNullAttribute.#ctor" />
  </member>
  <member name="P:System.Web.Resources.DynamicDataResources.FilterRepeater_CouldNotFindControlInTemplate">
    <attribute ctor="M:JetBrains.Annotations.CanBeNullAttribute.#ctor" />
  </member>
  <member name="P:System.Web.Resources.DynamicDataResources.FilterRepeater_InvalidContextTypeName">
    <attribute ctor="M:JetBrains.Annotations.CanBeNullAttribute.#ctor" />
  </member>
  <member name="P:System.Web.Resources.DynamicDataResources.FilterRepeater_InvalidTableName">
    <attribute ctor="M:JetBrains.Annotations.CanBeNullAttribute.#ctor" />
  </member>
  <member name="P:System.Web.Resources.DynamicDataResources.FilterRepeater_MissingContextTypeName">
    <attribute ctor="M:JetBrains.Annotations.CanBeNullAttribute.#ctor" />
  </member>
  <member name="P:System.Web.Resources.DynamicDataResources.FilterRepeater_MissingTableName">
    <attribute ctor="M:JetBrains.Annotations.CanBeNullAttribute.#ctor" />
  </member>
  <member name="P:System.Web.Resources.DynamicDataResources.FilterRepeater_UnknownContextTypeName">
    <attribute ctor="M:JetBrains.Annotations.CanBeNullAttribute.#ctor" />
  </member>
  <member name="P:System.Web.Resources.DynamicDataResources.FilterUserControlBase_BooleanFilter_FalseString">
    <attribute ctor="M:JetBrains.Annotations.CanBeNullAttribute.#ctor" />
  </member>
  <member name="P:System.Web.Resources.DynamicDataResources.FilterUserControlBase_BooleanFilter_TrueString">
    <attribute ctor="M:JetBrains.Annotations.CanBeNullAttribute.#ctor" />
  </member>
  <member name="P:System.Web.Resources.DynamicDataResources.FilterUserControlBase_CantInferInformationFromRequestUrl">
    <attribute ctor="M:JetBrains.Annotations.CanBeNullAttribute.#ctor" />
  </member>
  <member name="P:System.Web.Resources.DynamicDataResources.FilterUserControlBase_InvalidContextTypeName">
    <attribute ctor="M:JetBrains.Annotations.CanBeNullAttribute.#ctor" />
  </member>
  <member name="P:System.Web.Resources.DynamicDataResources.FilterUserControlBase_InvalidDataField">
    <attribute ctor="M:JetBrains.Annotations.CanBeNullAttribute.#ctor" />
  </member>
  <member name="P:System.Web.Resources.DynamicDataResources.FilterUserControlBase_InvalidTableName">
    <attribute ctor="M:JetBrains.Annotations.CanBeNullAttribute.#ctor" />
  </member>
  <member name="P:System.Web.Resources.DynamicDataResources.FilterUserControlBase_MissingContextTypeName">
    <attribute ctor="M:JetBrains.Annotations.CanBeNullAttribute.#ctor" />
  </member>
  <member name="P:System.Web.Resources.DynamicDataResources.FilterUserControlBase_MissingDataField">
    <attribute ctor="M:JetBrains.Annotations.CanBeNullAttribute.#ctor" />
  </member>
  <member name="P:System.Web.Resources.DynamicDataResources.FilterUserControlBase_MissingTableName">
    <attribute ctor="M:JetBrains.Annotations.CanBeNullAttribute.#ctor" />
  </member>
  <member name="P:System.Web.Resources.DynamicDataResources.FilterUserControlBase_SelectedDataKeyNotSupportedForThisField">
    <attribute ctor="M:JetBrains.Annotations.CanBeNullAttribute.#ctor" />
  </member>
  <member name="P:System.Web.Resources.DynamicDataResources.FilterUserControlBase_UnknownContextType">
    <attribute ctor="M:JetBrains.Annotations.CanBeNullAttribute.#ctor" />
  </member>
  <member name="P:System.Web.Resources.DynamicDataResources.FilterUserControlBase_UnsupportedDataField">
    <attribute ctor="M:JetBrains.Annotations.CanBeNullAttribute.#ctor" />
  </member>
  <member name="P:System.Web.Resources.DynamicDataResources.MetadataHandlerRegistration_ContextAlreadyRegistered">
    <attribute ctor="M:JetBrains.Annotations.CanBeNullAttribute.#ctor" />
  </member>
  <member name="P:System.Web.Resources.DynamicDataResources.MetadataHandlerRegistration_InvalidDataContextType">
    <attribute ctor="M:JetBrains.Annotations.CanBeNullAttribute.#ctor" />
  </member>
  <member name="P:System.Web.Resources.DynamicDataResources.MetadataValidator_UnknownContextType">
    <attribute ctor="M:JetBrains.Annotations.CanBeNullAttribute.#ctor" />
  </member>
  <member name="P:System.Web.Resources.DynamicDataResources.MetaModel_ContextAlreadyRegistered">
    <attribute ctor="M:JetBrains.Annotations.CanBeNullAttribute.#ctor" />
  </member>
  <member name="P:System.Web.Resources.DynamicDataResources.MetaModel_ContextDoesNotBelongToModel">
    <attribute ctor="M:JetBrains.Annotations.CanBeNullAttribute.#ctor" />
  </member>
  <member name="P:System.Web.Resources.DynamicDataResources.MetaModel_ContextFactoryReturnsNull">
    <attribute ctor="M:JetBrains.Annotations.CanBeNullAttribute.#ctor" />
  </member>
  <member name="P:System.Web.Resources.DynamicDataResources.MetaModel_ContextTypeNotSupported">
    <attribute ctor="M:JetBrains.Annotations.CanBeNullAttribute.#ctor" />
  </member>
  <member name="P:System.Web.Resources.DynamicDataResources.MetaModel_EntityNameConflict">
    <attribute ctor="M:JetBrains.Annotations.CanBeNullAttribute.#ctor" />
  </member>
  <member name="P:System.Web.Resources.DynamicDataResources.MetaModel_EntityNameOverrideConflict">
    <attribute ctor="M:JetBrains.Annotations.CanBeNullAttribute.#ctor" />
  </member>
  <member name="P:System.Web.Resources.DynamicDataResources.MetaModel_EntityTypeDoesNotBelongToModel">
    <attribute ctor="M:JetBrains.Annotations.CanBeNullAttribute.#ctor" />
  </member>
  <member name="P:System.Web.Resources.DynamicDataResources.MetaModel_RegistrationErrorOccurred">
    <attribute ctor="M:JetBrains.Annotations.CanBeNullAttribute.#ctor" />
  </member>
  <member name="P:System.Web.Resources.DynamicDataResources.MetaModel_UnknownContextType">
    <attribute ctor="M:JetBrains.Annotations.CanBeNullAttribute.#ctor" />
  </member>
  <member name="P:System.Web.Resources.DynamicDataResources.MetaModel_UnknownEntityType">
    <attribute ctor="M:JetBrains.Annotations.CanBeNullAttribute.#ctor" />
  </member>
  <member name="P:System.Web.Resources.DynamicDataResources.MetaModel_UnknownTable">
    <attribute ctor="M:JetBrains.Annotations.CanBeNullAttribute.#ctor" />
  </member>
  <member name="P:System.Web.Resources.DynamicDataResources.MetaModel_UnknownTableInContext">
    <attribute ctor="M:JetBrains.Annotations.CanBeNullAttribute.#ctor" />
  </member>
  <member name="P:System.Web.Resources.DynamicDataResources.MetaTable_CannotGetTableFromControl">
    <attribute ctor="M:JetBrains.Annotations.CanBeNullAttribute.#ctor" />
  </member>
  <member name="P:System.Web.Resources.DynamicDataResources.MetaTable_CannotGetTableFromDataSource">
    <attribute ctor="M:JetBrains.Annotations.CanBeNullAttribute.#ctor" />
  </member>
  <member name="P:System.Web.Resources.DynamicDataResources.MetaTable_CannotGetTableFromRoute">
    <attribute ctor="M:JetBrains.Annotations.CanBeNullAttribute.#ctor" />
  </member>
  <member name="P:System.Web.Resources.DynamicDataResources.MetaTable_CantFindDisplayColumn">
    <attribute ctor="M:JetBrains.Annotations.CanBeNullAttribute.#ctor" />
  </member>
  <member name="P:System.Web.Resources.DynamicDataResources.MetaTable_CantFindSortColumn">
    <attribute ctor="M:JetBrains.Annotations.CanBeNullAttribute.#ctor" />
  </member>
  <member name="P:System.Web.Resources.DynamicDataResources.MetaTable_CantUseChildrenColumnAsSortColumn">
    <attribute ctor="M:JetBrains.Annotations.CanBeNullAttribute.#ctor" />
  </member>
  <member name="P:System.Web.Resources.DynamicDataResources.MetaTable_NamingContainerIsNotControl">
    <attribute ctor="M:JetBrains.Annotations.CanBeNullAttribute.#ctor" />
  </member>
  <member name="P:System.Web.Resources.DynamicDataResources.MetaTable_NoSuchColumn">
    <attribute ctor="M:JetBrains.Annotations.CanBeNullAttribute.#ctor" />
  </member>
  <member name="P:System.Web.Resources.DynamicDataResources.Misc_CannotConvertType">
    <attribute ctor="M:JetBrains.Annotations.CanBeNullAttribute.#ctor" />
  </member>
  <member name="P:System.Web.Resources.DynamicDataResources.Misc_NoNamingContainer">
    <attribute ctor="M:JetBrains.Annotations.CanBeNullAttribute.#ctor" />
  </member>
  <member name="P:System.Web.Resources.DynamicDataResources.QueryStringHandler_VirtualPathCannotBeEmpty">
    <attribute ctor="M:JetBrains.Annotations.CanBeNullAttribute.#ctor" />
  </member>
  <member name="P:System.Web.Resources.DynamicDataResources.SchemaCreator_UnknownModel">
    <attribute ctor="M:JetBrains.Annotations.CanBeNullAttribute.#ctor" />
  </member>
  <member name="P:System.Web.Resources.DynamicDataResources.SimpleColumnProvider_ColumnTypeRequired">
    <attribute ctor="M:JetBrains.Annotations.CanBeNullAttribute.#ctor" />
  </member>
  <member name="M:System.Web.UI.DataControlExtensions.EnableDynamicData(System.Web.UI.INamingContainer,System.Type)">
    <parameter name="entityType">
      <attribute ctor="M:JetBrains.Annotations.NotNullAttribute.#ctor" />
    </parameter>
  </member>
  <member name="M:System.Web.UI.DataControlExtensions.EnableDynamicData(System.Web.UI.INamingContainer,System.Type,System.Collections.Generic.IDictionary{System.String,System.Object})">
    <parameter name="entityType">
      <attribute ctor="M:JetBrains.Annotations.NotNullAttribute.#ctor" />
    </parameter>
  </member>
  <member name="M:System.Web.UI.DataControlExtensions.EnableDynamicData(System.Web.UI.INamingContainer,System.Type,System.Object)">
    <parameter name="entityType">
      <attribute ctor="M:JetBrains.Annotations.NotNullAttribute.#ctor" />
    </parameter>
  </member>
  <member name="M:System.Web.UI.DataControlExtensions.GetTableFromCache(System.Type)">
    <parameter name="entityType">
      <attribute ctor="M:JetBrains.Annotations.NotNullAttribute.#ctor" />
    </parameter>
  </member>
</assembly>