﻿<?xml version="1.0" encoding="utf-8"?>
<assembly name="System.Configuration.Install, Version=4.0.0.0">
  <member name="M:System.Configuration.Install.AssemblyInstaller.#ctor(System.String,System.String[])">
    <parameter name="fileName">
      <attribute ctor="M:JetBrains.Annotations.NotNullAttribute.#ctor" />
    </parameter>
  </member>
  <member name="M:System.Configuration.Install.AssemblyInstaller.Commit(System.Collections.IDictionary)">
    <parameter name="savedState">
      <attribute ctor="M:JetBrains.Annotations.CanBeNullAttribute.#ctor" />
    </parameter>
  </member>
  <member name="M:System.Configuration.Install.AssemblyInstaller.Install(System.Collections.IDictionary)">
    <parameter name="savedState">
      <attribute ctor="M:JetBrains.Annotations.CanBeNullAttribute.#ctor" />
    </parameter>
  </member>
  <member name="M:System.Configuration.Install.AssemblyInstaller.Rollback(System.Collections.IDictionary)">
    <parameter name="savedState">
      <attribute ctor="M:JetBrains.Annotations.CanBeNullAttribute.#ctor" />
    </parameter>
  </member>
  <member name="M:System.Configuration.Install.AssemblyInstaller.Uninstall(System.Collections.IDictionary)">
    <parameter name="savedState">
      <attribute ctor="M:JetBrains.Annotations.CanBeNullAttribute.#ctor" />
    </parameter>
  </member>
  <member name="M:System.Configuration.Install.ComponentInstaller.CopyFromComponent(System.ComponentModel.IComponent)">
    <parameter name="component">
      <attribute ctor="M:JetBrains.Annotations.NotNullAttribute.#ctor" />
    </parameter>
  </member>
  <member name="M:System.Configuration.Install.IManagedInstaller.ManagedInstall(System.String,System.Int32)">
    <parameter name="commandLine">
      <attribute ctor="M:JetBrains.Annotations.NotNullAttribute.#ctor" />
    </parameter>
  </member>
  <member name="M:System.Configuration.Install.InstallContext.IsParameterTrue(System.String)">
    <parameter name="paramName">
      <attribute ctor="M:JetBrains.Annotations.NotNullAttribute.#ctor" />
    </parameter>
  </member>
  <member name="M:System.Configuration.Install.InstallContext.LogMessage(System.String)">
    <parameter name="message">
      <attribute ctor="M:JetBrains.Annotations.NotNullAttribute.#ctor" />
    </parameter>
  </member>
  <member name="M:System.Configuration.Install.InstallContext.ParseCommandLine(System.String[])">
    <attribute ctor="M:JetBrains.Annotations.NotNullAttribute.#ctor" />
  </member>
  <member name="M:System.Configuration.Install.Installer.Commit(System.Collections.IDictionary)">
    <parameter name="savedState">
      <attribute ctor="M:JetBrains.Annotations.NotNullAttribute.#ctor" />
    </parameter>
  </member>
  <member name="P:System.Configuration.Install.Installer.HelpText">
    <attribute ctor="M:JetBrains.Annotations.NotNullAttribute.#ctor" />
  </member>
  <member name="M:System.Configuration.Install.Installer.Install(System.Collections.IDictionary)">
    <parameter name="stateSaver">
      <attribute ctor="M:JetBrains.Annotations.NotNullAttribute.#ctor" />
    </parameter>
  </member>
  <member name="M:System.Configuration.Install.Installer.Rollback(System.Collections.IDictionary)">
    <parameter name="savedState">
      <attribute ctor="M:JetBrains.Annotations.NotNullAttribute.#ctor" />
    </parameter>
  </member>
  <member name="M:System.Configuration.Install.Installer.Uninstall(System.Collections.IDictionary)">
    <parameter name="savedState">
      <attribute ctor="M:JetBrains.Annotations.NotNullAttribute.#ctor" />
    </parameter>
  </member>
  <member name="M:System.Configuration.Install.InstallerCollection.Add(System.Configuration.Install.Installer)">
    <parameter name="value">
      <attribute ctor="M:JetBrains.Annotations.NotNullAttribute.#ctor" />
    </parameter>
  </member>
  <member name="M:System.Configuration.Install.InstallerCollection.AddRange(System.Configuration.Install.Installer[])">
    <parameter name="value">
      <attribute ctor="M:JetBrains.Annotations.NotNullAttribute.#ctor" />
    </parameter>
  </member>
  <member name="M:System.Configuration.Install.InstallerCollection.AddRange(System.Configuration.Install.InstallerCollection)">
    <parameter name="value">
      <attribute ctor="M:JetBrains.Annotations.NotNullAttribute.#ctor" />
    </parameter>
  </member>
  <member name="M:System.Configuration.Install.InstallerCollection.Contains(System.Configuration.Install.Installer)">
    <parameter name="value">
      <attribute ctor="M:JetBrains.Annotations.NotNullAttribute.#ctor" />
    </parameter>
  </member>
  <member name="M:System.Configuration.Install.InstallerCollection.CopyTo(System.Configuration.Install.Installer[],System.Int32)">
    <parameter name="array">
      <attribute ctor="M:JetBrains.Annotations.NotNullAttribute.#ctor" />
    </parameter>
  </member>
  <member name="M:System.Configuration.Install.InstallerCollection.IndexOf(System.Configuration.Install.Installer)">
    <parameter name="value">
      <attribute ctor="M:JetBrains.Annotations.NotNullAttribute.#ctor" />
    </parameter>
  </member>
  <member name="M:System.Configuration.Install.InstallerCollection.Insert(System.Int32,System.Configuration.Install.Installer)">
    <parameter name="value">
      <attribute ctor="M:JetBrains.Annotations.NotNullAttribute.#ctor" />
    </parameter>
  </member>
  <member name="M:System.Configuration.Install.InstallerCollection.Remove(System.Configuration.Install.Installer)">
    <parameter name="value">
      <attribute ctor="M:JetBrains.Annotations.NotNullAttribute.#ctor" />
    </parameter>
  </member>
  <member name="M:System.Configuration.Install.InstallException.#ctor(System.Runtime.Serialization.SerializationInfo,System.Runtime.Serialization.StreamingContext)">
    <parameter name="info">
      <attribute ctor="M:JetBrains.Annotations.NotNullAttribute.#ctor" />
    </parameter>
  </member>
  <member name="M:System.Configuration.Install.ManagedInstallerClass.InstallHelper(System.String[])">
    <parameter name="args">
      <attribute ctor="M:JetBrains.Annotations.NotNullAttribute.#ctor" />
    </parameter>
  </member>
</assembly>