﻿<?xml version="1.0" encoding="utf-8"?>
<assembly name="System.Web.Entity.Design, Version=3.5.0.0">
  <member name="M:System.Web.UI.Design.WebControls.EntityConnectionStringBuilderItem.System#IComparable{System#Web#UI#Design#WebControls#EntityConnectionStringBuilderItem}#CompareTo(System.Web.UI.Design.WebControls.EntityConnectionStringBuilderItem)">
    <parameter name="other">
      <attribute ctor="M:JetBrains.Annotations.NotNullAttribute.#ctor" />
    </parameter>
  </member>
  <member name="M:System.Web.UI.Design.WebControls.EntityDataSourceConfigureObjectContext.#ctor(System.Web.UI.Design.WebControls.EntityDataSourceConfigureObjectContextPanel,System.Web.UI.Design.WebControls.EntityDataSourceWizardForm,System.Web.UI.Design.WebControls.EntityDataSourceDesignerHelper,System.Web.UI.Design.WebControls.EntityDataSourceState)">
    <parameter name="panel">
      <attribute ctor="M:JetBrains.Annotations.NotNullAttribute.#ctor" />
    </parameter>
    <parameter name="helper">
      <attribute ctor="M:JetBrains.Annotations.NotNullAttribute.#ctor" />
    </parameter>
  </member>
  <member name="M:System.Web.UI.Design.WebControls.EntityDataSourceConfigureObjectContext.FindContainerName(System.String,System.Boolean)">
    <attribute ctor="M:JetBrains.Annotations.CanBeNullAttribute.#ctor" />
  </member>
  <member name="M:System.Web.UI.Design.WebControls.EntityDataSourceConfigureObjectContext.FindCurrentNamedConnection(System.Web.UI.Design.WebControls.EntityConnectionStringBuilderItem)">
    <parameter name="newBuilderItem">
      <attribute ctor="M:JetBrains.Annotations.NotNullAttribute.#ctor" />
    </parameter>
  </member>
  <member name="M:System.Web.UI.Design.WebControls.EntityDataSourceConfigureObjectContext.GetEntityConnectionStringBuilderItem(System.String)">
    <attribute ctor="M:JetBrains.Annotations.NotNullAttribute.#ctor" />
  </member>
  <member name="M:System.Web.UI.Design.WebControls.EntityDataSourceConfigureObjectContext.SelectConnectionStringBuilder(System.Web.UI.Design.WebControls.EntityConnectionStringBuilderItem,System.Boolean)">
    <parameter name="selectedConnection">
      <attribute ctor="M:JetBrains.Annotations.NotNullAttribute.#ctor" />
    </parameter>
  </member>
  <member name="M:System.Web.UI.Design.WebControls.EntityDataSourceConfigureObjectContextPanel.SetConnectionString(System.Web.UI.Design.WebControls.EntityConnectionStringBuilderItem)">
    <parameter name="connStrBuilderItem">
      <attribute ctor="M:JetBrains.Annotations.NotNullAttribute.#ctor" />
    </parameter>
  </member>
  <member name="M:System.Web.UI.Design.WebControls.EntityDataSourceConfigureObjectContextPanel.SetContainerNames(System.Collections.Generic.List{System.Web.UI.Design.WebControls.EntityDataSourceContainerNameItem})">
    <parameter name="containerNames">
      <attribute ctor="M:JetBrains.Annotations.NotNullAttribute.#ctor" />
    </parameter>
  </member>
  <member name="M:System.Web.UI.Design.WebControls.EntityDataSourceConfigureObjectContextPanel.SetNamedConnections(System.Collections.Generic.List{System.Web.UI.Design.WebControls.EntityConnectionStringBuilderItem})">
    <parameter name="namedConnections">
      <attribute ctor="M:JetBrains.Annotations.NotNullAttribute.#ctor" />
    </parameter>
  </member>
  <member name="M:System.Web.UI.Design.WebControls.EntityDataSourceContainerNameConverter.GetStandardValuesSupported(System.ComponentModel.ITypeDescriptorContext)">
    <parameter name="context">
      <attribute ctor="M:JetBrains.Annotations.CanBeNullAttribute.#ctor" />
    </parameter>
  </member>
  <member name="M:System.Web.UI.Design.WebControls.EntityDataSourceContainerNameItem.System#IComparable{System#Web#UI#Design#WebControls#EntityDataSourceContainerNameItem}#CompareTo(System.Web.UI.Design.WebControls.EntityDataSourceContainerNameItem)">
    <parameter name="other">
      <attribute ctor="M:JetBrains.Annotations.NotNullAttribute.#ctor" />
    </parameter>
  </member>
  <member name="M:System.Web.UI.Design.WebControls.EntityDataSourceDataSelection.#ctor(System.Web.UI.Design.WebControls.EntityDataSourceDataSelectionPanel,System.Web.UI.Design.WebControls.EntityDataSourceWizardForm,System.Web.UI.Design.WebControls.EntityDataSourceDesignerHelper,System.Web.UI.Design.WebControls.EntityDataSourceState)">
    <parameter name="panel">
      <attribute ctor="M:JetBrains.Annotations.NotNullAttribute.#ctor" />
    </parameter>
  </member>
  <member name="M:System.Web.UI.Design.WebControls.EntityDataSourceDataSelection.BuildSelect">
    <attribute ctor="M:JetBrains.Annotations.NotNullAttribute.#ctor" />
  </member>
  <member name="M:System.Web.UI.Design.WebControls.EntityDataSourceDataSelection.EscapePropertyName(System.String)">
    <parameter name="propertyName">
      <attribute ctor="M:JetBrains.Annotations.NotNullAttribute.#ctor" />
    </parameter>
  </member>
  <member name="M:System.Web.UI.Design.WebControls.EntityDataSourceDataSelection.FindEntitySetName(System.String)">
    <attribute ctor="M:JetBrains.Annotations.CanBeNullAttribute.#ctor" />
  </member>
  <member name="M:System.Web.UI.Design.WebControls.EntityDataSourceDataSelection.ReadItKeyword(System.String)">
    <parameter name="propertyName">
      <attribute ctor="M:JetBrains.Annotations.NotNullAttribute.#ctor" />
    </parameter>
  </member>
  <member name="M:System.Web.UI.Design.WebControls.EntityDataSourceDataSelection.ReadPropertyName(System.String)">
    <parameter name="propertyName">
      <attribute ctor="M:JetBrains.Annotations.NotNullAttribute.#ctor" />
    </parameter>
  </member>
  <member name="M:System.Web.UI.Design.WebControls.EntityDataSourceDataSelection.UnescapePropertyName(System.String)">
    <parameter name="name">
      <attribute ctor="M:JetBrains.Annotations.NotNullAttribute.#ctor" />
    </parameter>
  </member>
  <member name="M:System.Web.UI.Design.WebControls.EntityDataSourceDataSelectionPanel.OnSelectSimpleCheckedListBox_ItemCheck(System.Object,System.Windows.Forms.ItemCheckEventArgs)">
    <parameter name="e">
      <attribute ctor="M:JetBrains.Annotations.NotNullAttribute.#ctor" />
    </parameter>
  </member>
  <member name="M:System.Web.UI.Design.WebControls.EntityDataSourceDataSelectionPanel.SetEntitySetNames(System.Collections.Generic.List{System.Web.UI.Design.WebControls.EntityDataSourceEntitySetNameItem})">
    <parameter name="entitySetNames">
      <attribute ctor="M:JetBrains.Annotations.NotNullAttribute.#ctor" />
    </parameter>
  </member>
  <member name="M:System.Web.UI.Design.WebControls.EntityDataSourceDataSelectionPanel.SetEntityTypeFilters(System.Collections.Generic.List{System.Web.UI.Design.WebControls.EntityDataSourceEntityTypeFilterItem})">
    <parameter name="entityTypeFilters">
      <attribute ctor="M:JetBrains.Annotations.NotNullAttribute.#ctor" />
    </parameter>
  </member>
  <member name="M:System.Web.UI.Design.WebControls.EntityDataSourceDataSelectionPanel.SetEntityTypeProperties(System.Collections.Generic.List{System.String},System.Collections.Generic.List{System.Int32})">
    <parameter name="entityTypeProperties">
      <attribute ctor="M:JetBrains.Annotations.NotNullAttribute.#ctor" />
    </parameter>
    <parameter name="selectedEntityTypeProperties">
      <attribute ctor="M:JetBrains.Annotations.NotNullAttribute.#ctor" />
    </parameter>
  </member>
  <member name="M:System.Web.UI.Design.WebControls.EntityDataSourceDesigner.CloneCommandParameters">
    <attribute ctor="M:JetBrains.Annotations.NotNullAttribute.#ctor" />
  </member>
  <member name="M:System.Web.UI.Design.WebControls.EntityDataSourceDesigner.CloneOrderByParameters">
    <attribute ctor="M:JetBrains.Annotations.NotNullAttribute.#ctor" />
  </member>
  <member name="M:System.Web.UI.Design.WebControls.EntityDataSourceDesigner.CloneParameterCollection(System.Web.UI.WebControls.ParameterCollection)">
    <attribute ctor="M:JetBrains.Annotations.NotNullAttribute.#ctor" />
    <parameter name="original">
      <attribute ctor="M:JetBrains.Annotations.NotNullAttribute.#ctor" />
    </parameter>
  </member>
  <member name="M:System.Web.UI.Design.WebControls.EntityDataSourceDesigner.CloneParameters(System.Web.UI.WebControls.ParameterCollection,System.Web.UI.WebControls.ParameterCollection)">
    <parameter name="originalParameters">
      <attribute ctor="M:JetBrains.Annotations.NotNullAttribute.#ctor" />
    </parameter>
    <parameter name="newParameters">
      <attribute ctor="M:JetBrains.Annotations.NotNullAttribute.#ctor" />
    </parameter>
  </member>
  <member name="M:System.Web.UI.Design.WebControls.EntityDataSourceDesigner.CloneSelectParameters">
    <attribute ctor="M:JetBrains.Annotations.NotNullAttribute.#ctor" />
  </member>
  <member name="M:System.Web.UI.Design.WebControls.EntityDataSourceDesigner.CloneWhereParameters">
    <attribute ctor="M:JetBrains.Annotations.NotNullAttribute.#ctor" />
  </member>
  <member name="M:System.Web.UI.Design.WebControls.EntityDataSourceDesigner.LoadFromDesignerState(System.String)">
    <parameter name="key">
      <attribute ctor="M:JetBrains.Annotations.NotNullAttribute.#ctor" />
    </parameter>
  </member>
  <member name="M:System.Web.UI.Design.WebControls.EntityDataSourceDesigner.SaveDesignerState(System.String,System.Object)">
    <parameter name="key">
      <attribute ctor="M:JetBrains.Annotations.NotNullAttribute.#ctor" />
    </parameter>
  </member>
  <member name="M:System.Web.UI.Design.WebControls.EntityDataSourceDesigner.SetCommandParameterContents(System.Web.UI.WebControls.ParameterCollection)">
    <parameter name="newParams">
      <attribute ctor="M:JetBrains.Annotations.NotNullAttribute.#ctor" />
    </parameter>
  </member>
  <member name="M:System.Web.UI.Design.WebControls.EntityDataSourceDesigner.SetOrderByParameterContents(System.Web.UI.WebControls.ParameterCollection)">
    <parameter name="newParams">
      <attribute ctor="M:JetBrains.Annotations.NotNullAttribute.#ctor" />
    </parameter>
  </member>
  <member name="M:System.Web.UI.Design.WebControls.EntityDataSourceDesigner.SetParameters(System.Web.UI.WebControls.ParameterCollection,System.Web.UI.WebControls.ParameterCollection)">
    <parameter name="original">
      <attribute ctor="M:JetBrains.Annotations.NotNullAttribute.#ctor" />
    </parameter>
    <parameter name="newParams">
      <attribute ctor="M:JetBrains.Annotations.NotNullAttribute.#ctor" />
    </parameter>
  </member>
  <member name="M:System.Web.UI.Design.WebControls.EntityDataSourceDesigner.SetSelectParameterContents(System.Web.UI.WebControls.ParameterCollection)">
    <parameter name="newParams">
      <attribute ctor="M:JetBrains.Annotations.NotNullAttribute.#ctor" />
    </parameter>
  </member>
  <member name="M:System.Web.UI.Design.WebControls.EntityDataSourceDesigner.SetWhereParameterContents(System.Web.UI.WebControls.ParameterCollection)">
    <parameter name="newParams">
      <attribute ctor="M:JetBrains.Annotations.NotNullAttribute.#ctor" />
    </parameter>
  </member>
  <member name="M:System.Web.UI.Design.WebControls.EntityDataSourceDesignerHelper.#ctor(System.Web.UI.WebControls.EntityDataSource,System.Boolean)">
    <parameter name="entityDataSource">
      <attribute ctor="M:JetBrains.Annotations.NotNullAttribute.#ctor" />
    </parameter>
  </member>
  <member name="M:System.Web.UI.Design.WebControls.EntityDataSourceDesignerHelper.BuildWarningMessage(System.String,System.Collections.Generic.List{System.String})">
    <attribute ctor="M:JetBrains.Annotations.NotNullAttribute.#ctor" />
    <parameter name="warnings">
      <attribute ctor="M:JetBrains.Annotations.NotNullAttribute.#ctor" />
    </parameter>
  </member>
  <member name="P:System.Web.UI.Design.WebControls.EntityDataSourceDesignerHelper.CommandParameters">
    <attribute ctor="M:JetBrains.Annotations.NotNullAttribute.#ctor" />
  </member>
  <member name="M:System.Web.UI.Design.WebControls.EntityDataSourceDesignerHelper.CopyParameters(System.Web.UI.WebControls.ParameterCollection,System.Web.UI.WebControls.ParameterCollection)">
    <parameter name="originalParameters">
      <attribute ctor="M:JetBrains.Annotations.NotNullAttribute.#ctor" />
    </parameter>
    <parameter name="newParameters">
      <attribute ctor="M:JetBrains.Annotations.NotNullAttribute.#ctor" />
    </parameter>
  </member>
  <member name="M:System.Web.UI.Design.WebControls.EntityDataSourceDesignerHelper.ExpandDataDirectory(System.String,System.Collections.Generic.List{System.String})">
    <parameter name="pathWithMacro">
      <attribute ctor="M:JetBrains.Annotations.NotNullAttribute.#ctor" />
    </parameter>
    <parameter name="warnings">
      <attribute ctor="M:JetBrains.Annotations.NotNullAttribute.#ctor" />
    </parameter>
  </member>
  <member name="M:System.Web.UI.Design.WebControls.EntityDataSourceDesignerHelper.GetBuilderForNamedConnection()">
    <attribute ctor="M:JetBrains.Annotations.CanBeNullAttribute.#ctor" />
  </member>
  <member name="M:System.Web.UI.Design.WebControls.EntityDataSourceDesignerHelper.GetContainerNames(System.Boolean)">
    <attribute ctor="M:JetBrains.Annotations.NotNullAttribute.#ctor" />
  </member>
  <member name="M:System.Web.UI.Design.WebControls.EntityDataSourceDesignerHelper.GetCurrentSchema(System.Boolean)">
    <attribute ctor="M:JetBrains.Annotations.CanBeNullAttribute.#ctor" />
  </member>
  <member name="M:System.Web.UI.Design.WebControls.EntityDataSourceDesignerHelper.GetDbConnection()">
    <attribute ctor="M:JetBrains.Annotations.CanBeNullAttribute.#ctor" />
  </member>
  <member name="M:System.Web.UI.Design.WebControls.EntityDataSourceDesignerHelper.GetEntityConnectionStringBuilderItem(System.String)">
    <attribute ctor="M:JetBrains.Annotations.NotNullAttribute.#ctor" />
  </member>
  <member name="M:System.Web.UI.Design.WebControls.EntityDataSourceDesignerHelper.GetEntityContainerItem(System.String)">
    <attribute ctor="M:JetBrains.Annotations.CanBeNullAttribute.#ctor" />
  </member>
  <member name="M:System.Web.UI.Design.WebControls.EntityDataSourceDesignerHelper.GetEntitySets(,System.Boolean)">
    <attribute ctor="M:JetBrains.Annotations.NotNullAttribute.#ctor" />
  </member>
  <member name="M:System.Web.UI.Design.WebControls.EntityDataSourceDesignerHelper.GetEntitySets(System.String)">
    <attribute ctor="M:JetBrains.Annotations.NotNullAttribute.#ctor" />
  </member>
  <member name="M:System.Web.UI.Design.WebControls.EntityDataSourceDesignerHelper.GetEntityTypeFilters(,System.Boolean)">
    <attribute ctor="M:JetBrains.Annotations.NotNullAttribute.#ctor" />
  </member>
  <member name="M:System.Web.UI.Design.WebControls.EntityDataSourceDesignerHelper.GetEntityTypeFilters(System.String,System.String)">
    <attribute ctor="M:JetBrains.Annotations.NotNullAttribute.#ctor" />
  </member>
  <member name="M:System.Web.UI.Design.WebControls.EntityDataSourceDesignerHelper.GetEntityTypeProperties()">
    <attribute ctor="M:JetBrains.Annotations.NotNullAttribute.#ctor" />
  </member>
  <member name="M:System.Web.UI.Design.WebControls.EntityDataSourceDesignerHelper.GetNamedEntityClientConnections(System.Boolean)">
    <attribute ctor="M:JetBrains.Annotations.NotNullAttribute.#ctor" />
  </member>
  <member name="M:System.Web.UI.Design.WebControls.EntityDataSourceDesignerHelper.GetView(System.String)">
    <attribute ctor="M:JetBrains.Annotations.CanBeNullAttribute.#ctor" />
  </member>
  <member name="M:System.Web.UI.Design.WebControls.EntityDataSourceDesignerHelper.GetViewNames">
    <attribute ctor="M:JetBrains.Annotations.NotNullAttribute.#ctor" />
  </member>
  <member name="M:System.Web.UI.Design.WebControls.EntityDataSourceDesignerHelper.IsSystemAssembly(System.String)">
    <parameter name="fullName">
      <attribute ctor="M:JetBrains.Annotations.NotNullAttribute.#ctor" />
    </parameter>
  </member>
  <member name="M:System.Web.UI.Design.WebControls.EntityDataSourceDesignerHelper.LoadEntityDataSourceState">
    <attribute ctor="M:JetBrains.Annotations.NotNullAttribute.#ctor" />
  </member>
  <member name="M:System.Web.UI.Design.WebControls.EntityDataSourceDesignerHelper.LoadSchema">
    <attribute ctor="M:JetBrains.Annotations.CanBeNullAttribute.#ctor" />
  </member>
  <member name="P:System.Web.UI.Design.WebControls.EntityDataSourceDesignerHelper.OrderByParameters">
    <attribute ctor="M:JetBrains.Annotations.NotNullAttribute.#ctor" />
  </member>
  <member name="M:System.Web.UI.Design.WebControls.EntityDataSourceDesignerHelper.ResolveDataDirectory(System.String,System.Collections.Generic.List{System.String},System.Collections.Generic.List{System.String})">
    <parameter name="metadataPaths">
      <attribute ctor="M:JetBrains.Annotations.NotNullAttribute.#ctor" />
    </parameter>
    <parameter name="dataDirectoryPaths">
      <attribute ctor="M:JetBrains.Annotations.NotNullAttribute.#ctor" />
    </parameter>
    <parameter name="warnings">
      <attribute ctor="M:JetBrains.Annotations.NotNullAttribute.#ctor" />
    </parameter>
    <attribute ctor="M:JetBrains.Annotations.NotNullAttribute.#ctor" />
  </member>
  <member name="M:System.Web.UI.Design.WebControls.EntityDataSourceDesignerHelper.ResolveRelativePath(System.String,System.Collections.Generic.List{System.String},System.Collections.Generic.List{System.String})">
    <parameter name="metadataPaths">
      <attribute ctor="M:JetBrains.Annotations.NotNullAttribute.#ctor" />
    </parameter>
    <parameter name="warnings">
      <attribute ctor="M:JetBrains.Annotations.NotNullAttribute.#ctor" />
    </parameter>
  </member>
  <member name="M:System.Web.UI.Design.WebControls.EntityDataSourceDesignerHelper.ResolveVirtualRootPath(System.String,System.Collections.Generic.List{System.String},System.Collections.Generic.List{System.String})">
    <parameter name="resourcePath">
      <attribute ctor="M:JetBrains.Annotations.NotNullAttribute.#ctor" />
    </parameter>
    <parameter name="metadataPaths">
      <attribute ctor="M:JetBrains.Annotations.NotNullAttribute.#ctor" />
    </parameter>
    <parameter name="warnings">
      <attribute ctor="M:JetBrains.Annotations.NotNullAttribute.#ctor" />
    </parameter>
  </member>
  <member name="M:System.Web.UI.Design.WebControls.EntityDataSourceDesignerHelper.SaveEntityDataSourceProperties(System.Web.UI.Design.WebControls.EntityDataSourceState)">
    <parameter name="state">
      <attribute ctor="M:JetBrains.Annotations.NotNullAttribute.#ctor" />
    </parameter>
  </member>
  <member name="P:System.Web.UI.Design.WebControls.EntityDataSourceDesignerHelper.SelectParameters">
    <attribute ctor="M:JetBrains.Annotations.NotNullAttribute.#ctor" />
  </member>
  <member name="M:System.Web.UI.Design.WebControls.EntityDataSourceDesignerHelper.SetEntityConnection(System.Collections.Generic.List{System.String},)">
    <parameter name="metadataPaths">
      <attribute ctor="M:JetBrains.Annotations.NotNullAttribute.#ctor" />
    </parameter>
  </member>
  <member name="M:System.Web.UI.Design.WebControls.EntityDataSourceDesignerHelper.VerifyConnectionString(System.String,System.Boolean)">
    <attribute ctor="M:JetBrains.Annotations.CanBeNullAttribute.#ctor" />
  </member>
  <member name="P:System.Web.UI.Design.WebControls.EntityDataSourceDesignerHelper.WhereParameters">
    <attribute ctor="M:JetBrains.Annotations.NotNullAttribute.#ctor" />
  </member>
  <member name="M:System.Web.UI.Design.WebControls.EntityDataSourceEntitySetNameConverter.GetStandardValuesSupported(System.ComponentModel.ITypeDescriptorContext)">
    <parameter name="context">
      <attribute ctor="M:JetBrains.Annotations.CanBeNullAttribute.#ctor" />
    </parameter>
  </member>
  <member name="M:System.Web.UI.Design.WebControls.EntityDataSourceEntitySetNameItem.System#IComparable{System#Web#UI#Design#WebControls#EntityDataSourceEntitySetNameItem}#CompareTo(System.Web.UI.Design.WebControls.EntityDataSourceEntitySetNameItem)">
    <parameter name="other">
      <attribute ctor="M:JetBrains.Annotations.NotNullAttribute.#ctor" />
    </parameter>
  </member>
  <member name="M:System.Web.UI.Design.WebControls.EntityDataSourceEntityTypeFilterConverter.GetStandardValuesSupported(System.ComponentModel.ITypeDescriptorContext)">
    <parameter name="context">
      <attribute ctor="M:JetBrains.Annotations.CanBeNullAttribute.#ctor" />
    </parameter>
  </member>
  <member name="M:System.Web.UI.Design.WebControls.EntityDataSourceEntityTypeFilterItem.System#IComparable{System#Web#UI#Design#WebControls#EntityDataSourceEntityTypeFilterItem}#CompareTo(System.Web.UI.Design.WebControls.EntityDataSourceEntityTypeFilterItem)">
    <parameter name="other">
      <attribute ctor="M:JetBrains.Annotations.NotNullAttribute.#ctor" />
    </parameter>
  </member>
  <member name="M:System.Web.UI.Design.WebControls.EntityDataSourceStatementEditor.EditQueryChangeCallback(System.Object)">
    <parameter name="pair">
      <attribute ctor="M:JetBrains.Annotations.NotNullAttribute.#ctor" />
    </parameter>
  </member>
  <member name="M:System.Web.UI.Design.WebControls.EntityDataSourceStatementEditor.EditValue(System.ComponentModel.ITypeDescriptorContext,System.IServiceProvider,System.Object)">
    <parameter name="value">
      <attribute ctor="M:JetBrains.Annotations.CanBeNullAttribute.#ctor" />
    </parameter>
    <parameter name="provider">
      <attribute ctor="M:JetBrains.Annotations.CanBeNullAttribute.#ctor" />
    </parameter>
  </member>
  <member name="M:System.Web.UI.Design.WebControls.EntityDataSourceStatementEditor.GetAutoGen(System.String,System.Web.UI.Design.WebControls.EntityDataSourceDesigner)">
    <parameter name="entityDataSourceDesigner">
      <attribute ctor="M:JetBrains.Annotations.NotNullAttribute.#ctor" />
    </parameter>
  </member>
  <member name="M:System.Web.UI.Design.WebControls.EntityDataSourceStatementEditor.GetEditStyle(System.ComponentModel.ITypeDescriptorContext)">
    <parameter name="context">
      <attribute ctor="M:JetBrains.Annotations.CanBeNullAttribute.#ctor" />
    </parameter>
  </member>
  <member name="M:System.Web.UI.Design.WebControls.EntityDataSourceStatementEditor.GetHelpTopic(System.String)">
    <attribute ctor="M:JetBrains.Annotations.NotNullAttribute.#ctor" />
  </member>
  <member name="M:System.Web.UI.Design.WebControls.EntityDataSourceStatementEditor.GetOperationAutoGenerateProperty(System.String)">
    <attribute ctor="M:JetBrains.Annotations.CanBeNullAttribute.#ctor" />
  </member>
  <member name="M:System.Web.UI.Design.WebControls.EntityDataSourceStatementEditor.GetOperationParameterProperty(System.String)">
    <attribute ctor="M:JetBrains.Annotations.CanBeNullAttribute.#ctor" />
  </member>
  <member name="M:System.Web.UI.Design.WebControls.EntityDataSourceStatementEditor.GetParameters(System.String,System.Web.UI.Design.WebControls.EntityDataSourceDesigner)">
    <parameter name="designer">
      <attribute ctor="M:JetBrains.Annotations.NotNullAttribute.#ctor" />
    </parameter>
    <attribute ctor="M:JetBrains.Annotations.CanBeNullAttribute.#ctor" />
  </member>
  <member name="M:System.Web.UI.Design.WebControls.EntityDataSourceStatementEditor.GetStatementLabel(System.String)">
    <attribute ctor="M:JetBrains.Annotations.CanBeNullAttribute.#ctor" />
  </member>
  <member name="M:System.Web.UI.Design.WebControls.EntityDataSourceStatementEditor.Initialize(System.Web.UI.Design.WebControls.EntityDataSourceDesigner,System.Web.UI.WebControls.EntityDataSource,System.String,System.IServiceProvider,System.String)">
    <parameter name="designer">
      <attribute ctor="M:JetBrains.Annotations.NotNullAttribute.#ctor" />
    </parameter>
    <parameter name="entityDataSource">
      <attribute ctor="M:JetBrains.Annotations.NotNullAttribute.#ctor" />
    </parameter>
  </member>
  <member name="M:System.Web.UI.Design.WebControls.EntityDataSourceStatementEditor.SetParameters(System.String,System.Web.UI.Design.WebControls.EntityDataSourceDesigner,System.Web.UI.WebControls.ParameterCollection)">
    <parameter name="designer">
      <attribute ctor="M:JetBrains.Annotations.NotNullAttribute.#ctor" />
    </parameter>
    <parameter name="parameters">
      <attribute ctor="M:JetBrains.Annotations.NotNullAttribute.#ctor" />
    </parameter>
  </member>
  <member name="M:System.Web.UI.Design.WebControls.EntityDataSourceStatementEditorForm.#ctor(System.Web.UI.Control,System.IServiceProvider,System.Boolean,System.Boolean,System.String,System.String,System.String,System.String,System.Web.UI.WebControls.ParameterCollection)">
    <parameter name="parameters">
      <attribute ctor="M:JetBrains.Annotations.NotNullAttribute.#ctor" />
    </parameter>
  </member>
  <member name="M:System.Web.UI.Design.WebControls.EntityDataSourceWizardForm.#ctor(System.IServiceProvider,System.Web.UI.Design.WebControls.EntityDataSourceState,System.Web.UI.Design.WebControls.EntityDataSourceDesigner)">
    <parameter name="entityDataSourceDesigner">
      <attribute ctor="M:JetBrains.Annotations.NotNullAttribute.#ctor" />
    </parameter>
  </member>
  <member name="P:System.Web.UI.Design.WebControls.EntityDataSourceWizardForm.HelpTopic">
    <attribute ctor="M:JetBrains.Annotations.NotNullAttribute.#ctor" />
  </member>
  <member name="M:System.Web.UI.Design.WebControls.EntityDesignerDataSourceView.#ctor(System.Web.UI.Design.WebControls.EntityDataSourceDesigner)">
    <parameter name="owner">
      <attribute ctor="M:JetBrains.Annotations.NotNullAttribute.#ctor" />
    </parameter>
  </member>
  <member name="M:System.Web.UI.Design.WebControls.EntityDesignerDataSourceView.GetDesignTimeData(System.Int32,System.Boolean@)">
    <attribute ctor="M:JetBrains.Annotations.NotNullAttribute.#ctor" />
  </member>
  <member name="M:System.Web.UI.Design.WebControls.Error.ArgumentNull(System.String)">
    <attribute ctor="M:JetBrains.Annotations.NotNullAttribute.#ctor" />
  </member>
  <member name="M:System.Web.UI.Design.WebControls.Error.ArgumentOutOfRange(System.String)">
    <attribute ctor="M:JetBrains.Annotations.NotNullAttribute.#ctor" />
  </member>
  <member name="M:System.Web.UI.Design.WebControls.Error.NotImplemented">
    <attribute ctor="M:JetBrains.Annotations.NotNullAttribute.#ctor" />
  </member>
  <member name="M:System.Web.UI.Design.WebControls.Error.NotSupported">
    <attribute ctor="M:JetBrains.Annotations.NotNullAttribute.#ctor" />
  </member>
  <member name="P:System.Web.UI.Design.WebControls.Properties.Resources.EntityDataSourceWizard">
    <attribute ctor="M:JetBrains.Annotations.CanBeNullAttribute.#ctor" />
  </member>
  <member name="P:System.Web.UI.Design.WebControls.Strings.CancelButton">
    <attribute ctor="M:JetBrains.Annotations.CanBeNullAttribute.#ctor" />
  </member>
  <member name="M:System.Web.UI.Design.WebControls.Strings.Error_CannotCreateDbProviderFactory(System.Object)">
    <attribute ctor="M:JetBrains.Annotations.CanBeNullAttribute.#ctor" />
  </member>
  <member name="P:System.Web.UI.Design.WebControls.Strings.Error_CannotOpenWebConfig_SpecificConnection">
    <attribute ctor="M:JetBrains.Annotations.CanBeNullAttribute.#ctor" />
  </member>
  <member name="P:System.Web.UI.Design.WebControls.Strings.Error_CannotRefreshSchema_MissingProperties">
    <attribute ctor="M:JetBrains.Annotations.CanBeNullAttribute.#ctor" />
  </member>
  <member name="M:System.Web.UI.Design.WebControls.Strings.Error_CannotRefreshSchema_RuntimeException(System.Object)">
    <attribute ctor="M:JetBrains.Annotations.CanBeNullAttribute.#ctor" />
  </member>
  <member name="M:System.Web.UI.Design.WebControls.Strings.Error_CannotRefreshSchema_RuntimeException_InnerException(System.Object)">
    <attribute ctor="M:JetBrains.Annotations.CanBeNullAttribute.#ctor" />
  </member>
  <member name="M:System.Web.UI.Design.WebControls.Strings.Error_CreatingConnectionStringBuilder(System.Object)">
    <attribute ctor="M:JetBrains.Annotations.CanBeNullAttribute.#ctor" />
  </member>
  <member name="P:System.Web.UI.Design.WebControls.Strings.Error_MetadataLoadError">
    <attribute ctor="M:JetBrains.Annotations.CanBeNullAttribute.#ctor" />
  </member>
  <member name="P:System.Web.UI.Design.WebControls.Strings.Error_MissingMetadataKeyword">
    <attribute ctor="M:JetBrains.Annotations.CanBeNullAttribute.#ctor" />
  </member>
  <member name="P:System.Web.UI.Design.WebControls.Strings.Error_MissingProviderKeyword">
    <attribute ctor="M:JetBrains.Annotations.CanBeNullAttribute.#ctor" />
  </member>
  <member name="P:System.Web.UI.Design.WebControls.Strings.Error_NamedConnectionNotFound">
    <attribute ctor="M:JetBrains.Annotations.CanBeNullAttribute.#ctor" />
  </member>
  <member name="P:System.Web.UI.Design.WebControls.Strings.Error_NestedNamedConnection">
    <attribute ctor="M:JetBrains.Annotations.CanBeNullAttribute.#ctor" />
  </member>
  <member name="M:System.Web.UI.Design.WebControls.Strings.Error_ReturnedNullOnProviderMethod(System.Object)">
    <attribute ctor="M:JetBrains.Annotations.CanBeNullAttribute.#ctor" />
  </member>
  <member name="P:System.Web.UI.Design.WebControls.Strings.ExpressionEditor_AutoGenerateOrderByCheckBox">
    <attribute ctor="M:JetBrains.Annotations.CanBeNullAttribute.#ctor" />
  </member>
  <member name="P:System.Web.UI.Design.WebControls.Strings.ExpressionEditor_AutoGenerateWhereCheckBox">
    <attribute ctor="M:JetBrains.Annotations.CanBeNullAttribute.#ctor" />
  </member>
  <member name="P:System.Web.UI.Design.WebControls.Strings.ExpressionEditor_Caption">
    <attribute ctor="M:JetBrains.Annotations.CanBeNullAttribute.#ctor" />
  </member>
  <member name="P:System.Web.UI.Design.WebControls.Strings.ExpressionEditor_CommandTextLabel">
    <attribute ctor="M:JetBrains.Annotations.CanBeNullAttribute.#ctor" />
  </member>
  <member name="M:System.Web.UI.Design.WebControls.Strings.ExpressionEditor_ExpressionStatementLabel(System.Object)">
    <attribute ctor="M:JetBrains.Annotations.CanBeNullAttribute.#ctor" />
  </member>
  <member name="P:System.Web.UI.Design.WebControls.Strings.ExpressionEditorTransactionDescription">
    <attribute ctor="M:JetBrains.Annotations.CanBeNullAttribute.#ctor" />
  </member>
  <member name="P:System.Web.UI.Design.WebControls.Strings.OKButton">
    <attribute ctor="M:JetBrains.Annotations.CanBeNullAttribute.#ctor" />
  </member>
  <member name="P:System.Web.UI.Design.WebControls.Strings.PropertyDescription_CommandText">
    <attribute ctor="M:JetBrains.Annotations.CanBeNullAttribute.#ctor" />
  </member>
  <member name="P:System.Web.UI.Design.WebControls.Strings.PropertyDescription_ConnectionString">
    <attribute ctor="M:JetBrains.Annotations.CanBeNullAttribute.#ctor" />
  </member>
  <member name="P:System.Web.UI.Design.WebControls.Strings.PropertyDescription_DefaultContainerName">
    <attribute ctor="M:JetBrains.Annotations.CanBeNullAttribute.#ctor" />
  </member>
  <member name="P:System.Web.UI.Design.WebControls.Strings.PropertyDescription_EntitySetName">
    <attribute ctor="M:JetBrains.Annotations.CanBeNullAttribute.#ctor" />
  </member>
  <member name="P:System.Web.UI.Design.WebControls.Strings.PropertyDescription_EntityTypeFilter">
    <attribute ctor="M:JetBrains.Annotations.CanBeNullAttribute.#ctor" />
  </member>
  <member name="P:System.Web.UI.Design.WebControls.Strings.PropertyDescription_OrderBy">
    <attribute ctor="M:JetBrains.Annotations.CanBeNullAttribute.#ctor" />
  </member>
  <member name="P:System.Web.UI.Design.WebControls.Strings.PropertyDescription_Select">
    <attribute ctor="M:JetBrains.Annotations.CanBeNullAttribute.#ctor" />
  </member>
  <member name="P:System.Web.UI.Design.WebControls.Strings.PropertyDescription_Where">
    <attribute ctor="M:JetBrains.Annotations.CanBeNullAttribute.#ctor" />
  </member>
  <member name="P:System.Web.UI.Design.WebControls.Strings.RTL">
    <attribute ctor="M:JetBrains.Annotations.CanBeNullAttribute.#ctor" />
  </member>
  <member name="P:System.Web.UI.Design.WebControls.Strings.UIHelper_ErrorCaption">
    <attribute ctor="M:JetBrains.Annotations.CanBeNullAttribute.#ctor" />
  </member>
  <member name="P:System.Web.UI.Design.WebControls.Strings.UIHelper_WarningCaption">
    <attribute ctor="M:JetBrains.Annotations.CanBeNullAttribute.#ctor" />
  </member>
  <member name="P:System.Web.UI.Design.WebControls.Strings.Warning_CannotOpenWebConfig_AllConnections">
    <attribute ctor="M:JetBrains.Annotations.CanBeNullAttribute.#ctor" />
  </member>
  <member name="P:System.Web.UI.Design.WebControls.Strings.Warning_ConnectionStringMessageHeader">
    <attribute ctor="M:JetBrains.Annotations.CanBeNullAttribute.#ctor" />
  </member>
  <member name="M:System.Web.UI.Design.WebControls.Strings.Warning_DataDirectoryNotFound(System.Object)">
    <attribute ctor="M:JetBrains.Annotations.CanBeNullAttribute.#ctor" />
  </member>
  <member name="M:System.Web.UI.Design.WebControls.Strings.Warning_VirtualRootNotFound(System.Object)">
    <attribute ctor="M:JetBrains.Annotations.CanBeNullAttribute.#ctor" />
  </member>
  <member name="M:System.Web.UI.Design.WebControls.Strings.Wizard_Caption(System.Object)">
    <attribute ctor="M:JetBrains.Annotations.CanBeNullAttribute.#ctor" />
  </member>
  <member name="P:System.Web.UI.Design.WebControls.Strings.Wizard_DataSelectionPanel_Caption">
    <attribute ctor="M:JetBrains.Annotations.CanBeNullAttribute.#ctor" />
  </member>
  <member name="P:System.Web.UI.Design.WebControls.Strings.Wizard_DataSelectionPanel_Delete">
    <attribute ctor="M:JetBrains.Annotations.CanBeNullAttribute.#ctor" />
  </member>
  <member name="P:System.Web.UI.Design.WebControls.Strings.Wizard_DataSelectionPanel_EntitySetName">
    <attribute ctor="M:JetBrains.Annotations.CanBeNullAttribute.#ctor" />
  </member>
  <member name="P:System.Web.UI.Design.WebControls.Strings.Wizard_DataSelectionPanel_EntityTypeFilter">
    <attribute ctor="M:JetBrains.Annotations.CanBeNullAttribute.#ctor" />
  </member>
  <member name="P:System.Web.UI.Design.WebControls.Strings.Wizard_DataSelectionPanel_Insert">
    <attribute ctor="M:JetBrains.Annotations.CanBeNullAttribute.#ctor" />
  </member>
  <member name="P:System.Web.UI.Design.WebControls.Strings.Wizard_DataSelectionPanel_NoEntityTypeFilter">
    <attribute ctor="M:JetBrains.Annotations.CanBeNullAttribute.#ctor" />
  </member>
  <member name="P:System.Web.UI.Design.WebControls.Strings.Wizard_DataSelectionPanel_Select">
    <attribute ctor="M:JetBrains.Annotations.CanBeNullAttribute.#ctor" />
  </member>
  <member name="P:System.Web.UI.Design.WebControls.Strings.Wizard_DataSelectionPanel_SelectAllProperties">
    <attribute ctor="M:JetBrains.Annotations.CanBeNullAttribute.#ctor" />
  </member>
  <member name="P:System.Web.UI.Design.WebControls.Strings.Wizard_DataSelectionPanel_Update">
    <attribute ctor="M:JetBrains.Annotations.CanBeNullAttribute.#ctor" />
  </member>
  <member name="P:System.Web.UI.Design.WebControls.Strings.Wizard_FinishButton">
    <attribute ctor="M:JetBrains.Annotations.CanBeNullAttribute.#ctor" />
  </member>
  <member name="P:System.Web.UI.Design.WebControls.Strings.Wizard_NextButton">
    <attribute ctor="M:JetBrains.Annotations.CanBeNullAttribute.#ctor" />
  </member>
  <member name="P:System.Web.UI.Design.WebControls.Strings.Wizard_ObjectContextPanel_Caption">
    <attribute ctor="M:JetBrains.Annotations.CanBeNullAttribute.#ctor" />
  </member>
  <member name="P:System.Web.UI.Design.WebControls.Strings.Wizard_ObjectContextPanel_ConnectionStringGroupDescription">
    <attribute ctor="M:JetBrains.Annotations.CanBeNullAttribute.#ctor" />
  </member>
  <member name="P:System.Web.UI.Design.WebControls.Strings.Wizard_ObjectContextPanel_ConnectionStringRadioButton">
    <attribute ctor="M:JetBrains.Annotations.CanBeNullAttribute.#ctor" />
  </member>
  <member name="P:System.Web.UI.Design.WebControls.Strings.Wizard_ObjectContextPanel_DefaultContainerName">
    <attribute ctor="M:JetBrains.Annotations.CanBeNullAttribute.#ctor" />
  </member>
  <member name="P:System.Web.UI.Design.WebControls.Strings.Wizard_ObjectContextPanel_NamedConnectionRadioButton">
    <attribute ctor="M:JetBrains.Annotations.CanBeNullAttribute.#ctor" />
  </member>
  <member name="P:System.Web.UI.Design.WebControls.Strings.Wizard_PreviousButton">
    <attribute ctor="M:JetBrains.Annotations.CanBeNullAttribute.#ctor" />
  </member>
  <member name="P:System.Web.UI.Design.WebControls.Strings.WizardTransactionDescription">
    <attribute ctor="M:JetBrains.Annotations.CanBeNullAttribute.#ctor" />
  </member>
  <member name="M:System.Web.UI.Design.WebControls.Util.DesignerForm.OnHelpRequested(System.Windows.Forms.HelpEventArgs)">
    <parameter name="hevent">
      <attribute ctor="M:JetBrains.Annotations.NotNullAttribute.#ctor" />
    </parameter>
  </member>
  <member name="M:System.Web.UI.Design.WebControls.Util.UIHelper.ShowDialog(System.IServiceProvider,System.Windows.Forms.Form)">
    <parameter name="form">
      <attribute ctor="M:JetBrains.Annotations.NotNullAttribute.#ctor" />
    </parameter>
  </member>
  <member name="M:System.Web.UI.Design.WebControls.Util.WizardForm.RegisterPanel(System.Web.UI.Design.WebControls.Util.WizardPanel)">
    <parameter name="panel">
      <attribute ctor="M:JetBrains.Annotations.NotNullAttribute.#ctor" />
    </parameter>
  </member>
  <member name="M:System.Web.UI.Design.WebControls.Util.WizardForm.ShowPanel(System.Web.UI.Design.WebControls.Util.WizardPanel)">
    <parameter name="panel">
      <attribute ctor="M:JetBrains.Annotations.NotNullAttribute.#ctor" />
    </parameter>
  </member>
  <member name="P:System.Web.UI.Design.WebControlsRes.Culture">
    <attribute ctor="M:JetBrains.Annotations.CanBeNullAttribute.#ctor" />
  </member>
  <member name="M:System.Web.UI.Design.WebControlsRes.GetObject(System.String)">
    <attribute ctor="M:JetBrains.Annotations.CanBeNullAttribute.#ctor" />
    <parameter name="name">
      <attribute ctor="M:JetBrains.Annotations.NotNullAttribute.#ctor" />
    </parameter>
  </member>
  <member name="M:System.Web.UI.Design.WebControlsRes.GetString(System.String)">
    <attribute ctor="M:JetBrains.Annotations.CanBeNullAttribute.#ctor" />
    <parameter name="name">
      <attribute ctor="M:JetBrains.Annotations.NotNullAttribute.#ctor" />
    </parameter>
  </member>
  <member name="M:System.Web.UI.Design.WebControlsRes.GetString(System.String,System.Object[])">
    <parameter name="name">
      <attribute ctor="M:JetBrains.Annotations.NotNullAttribute.#ctor" />
    </parameter>
    <attribute ctor="M:JetBrains.Annotations.CanBeNullAttribute.#ctor" />
  </member>
</assembly>