<assembly name="System.Reactive.Windows.Forms">
  <member name="M:System.Reactive.Linq.ControlObservable.SubscribeOn``1(System.IObservable{``0},System.Windows.Forms.Control)">
    <attribute ctor="M:JetBrains.Annotations.NotNullAttribute.#ctor" />
    <parameter name="source">
      <attribute ctor="M:JetBrains.Annotations.NotNullAttribute.#ctor" />
    </parameter>
    <parameter name="control">
      <attribute ctor="M:JetBrains.Annotations.NotNullAttribute.#ctor" />
    </parameter>
  </member>
  <member name="M:System.Reactive.Linq.ControlObservable.ObserveOn``1(System.IObservable{``0},System.Windows.Forms.Control)">
    <parameter name="source">
      <attribute ctor="M:JetBrains.Annotations.NotNullAttribute.#ctor" />
    </parameter>
    <parameter name="control">
      <attribute ctor="M:JetBrains.Annotations.NotNullAttribute.#ctor" />
    </parameter>
    <attribute ctor="M:JetBrains.Annotations.NotNullAttribute.#ctor" />
  </member>
  <member name="M:System.Reactive.Concurrency.ControlScheduler.#ctor(System.Windows.Forms.Control)">
    <parameter name="control">
      <attribute ctor="M:JetBrains.Annotations.NotNullAttribute.#ctor" />
    </parameter>
  </member>
  <member name="M:System.Reactive.Concurrency.ControlScheduler.Schedule``1(``0,System.DateTimeOffset,System.Func{System.Reactive.Concurrency.IScheduler,``0,System.IDisposable})">
    <parameter name="action">
      <attribute ctor="M:JetBrains.Annotations.NotNullAttribute.#ctor" />
    </parameter>
  </member>
  <member name="M:System.Reactive.Concurrency.ControlScheduler.Schedule``1(``0,System.Func{System.Reactive.Concurrency.IScheduler,``0,System.IDisposable})">
    <attribute ctor="M:JetBrains.Annotations.NotNullAttribute.#ctor" />
    <parameter name="action">
      <attribute ctor="M:JetBrains.Annotations.NotNullAttribute.#ctor" />
    </parameter>
  </member>
  <member name="M:System.Reactive.Concurrency.ControlScheduler.Schedule``1(``0,System.TimeSpan,System.Func{System.Reactive.Concurrency.IScheduler,``0,System.IDisposable})">
    <parameter name="action">
      <attribute ctor="M:JetBrains.Annotations.NotNullAttribute.#ctor" />
    </parameter>
  </member>
</assembly>