﻿<?xml version="1.0" encoding="utf-8"?>
<assembly name="System.Runtime.Serialization.Json, Version=2.0.5.0">
  <member name="M:System.Runtime.Serialization.DiagnosticUtility.ExceptionUtility.ThrowHelperArgument(System.String,System.String)">
    <attribute ctor="M:JetBrains.Annotations.NotNullAttribute.#ctor" />
  </member>
  <member name="M:System.Runtime.Serialization.DiagnosticUtility.ExceptionUtility.ThrowHelperArgumentNull(System.String)">
    <attribute ctor="M:JetBrains.Annotations.NotNullAttribute.#ctor" />
  </member>
  <member name="M:System.Runtime.Serialization.Json.JsonEncodingStreamWrapper.GetEncodingName(System.Runtime.Serialization.Json.JsonEncodingStreamWrapper.SupportedEncoding)">
    <attribute ctor="M:JetBrains.Annotations.NotNullAttribute.#ctor" />
  </member>
  <member name="M:System.Runtime.Serialization.Json.JsonEncodingStreamWrapper.ProcessBuffer(System.Byte[],System.Int32,System.Int32,System.Text.Encoding)">
    <parameter name="buffer">
      <attribute ctor="M:JetBrains.Annotations.NotNullAttribute.#ctor" />
    </parameter>
  </member>
  <member name="M:System.Runtime.Serialization.Json.JsonReaderWriterFactory.CreateJsonReader(System.Byte[],)">
    <parameter name="buffer">
      <attribute ctor="M:JetBrains.Annotations.NotNullAttribute.#ctor" />
    </parameter>
    <attribute ctor="M:JetBrains.Annotations.NotNullAttribute.#ctor" />
    <parameter name="quotas">
      <attribute ctor="M:JetBrains.Annotations.NotNullAttribute.#ctor" />
    </parameter>
  </member>
  <member name="M:System.Runtime.Serialization.Json.JsonReaderWriterFactory.CreateJsonReader(System.Byte[],System.Int32,System.Int32,)">
    <attribute ctor="M:JetBrains.Annotations.NotNullAttribute.#ctor" />
    <parameter name="buffer">
      <attribute ctor="M:JetBrains.Annotations.NotNullAttribute.#ctor" />
    </parameter>
    <parameter name="quotas">
      <attribute ctor="M:JetBrains.Annotations.NotNullAttribute.#ctor" />
    </parameter>
  </member>
  <member name="M:System.Runtime.Serialization.Json.JsonReaderWriterFactory.CreateJsonReader(System.Byte[],System.Int32,System.Int32,System.Text.Encoding,,System.Object)">
    <attribute ctor="M:JetBrains.Annotations.NotNullAttribute.#ctor" />
    <parameter name="buffer">
      <attribute ctor="M:JetBrains.Annotations.NotNullAttribute.#ctor" />
    </parameter>
    <parameter name="quotas">
      <attribute ctor="M:JetBrains.Annotations.NotNullAttribute.#ctor" />
    </parameter>
  </member>
  <member name="M:System.Runtime.Serialization.Json.JsonReaderWriterFactory.CreateJsonReader(System.IO.Stream,)">
    <attribute ctor="M:JetBrains.Annotations.NotNullAttribute.#ctor" />
    <parameter name="stream">
      <attribute ctor="M:JetBrains.Annotations.NotNullAttribute.#ctor" />
    </parameter>
    <parameter name="quotas">
      <attribute ctor="M:JetBrains.Annotations.NotNullAttribute.#ctor" />
    </parameter>
  </member>
  <member name="M:System.Runtime.Serialization.Json.JsonReaderWriterFactory.CreateJsonReader(System.IO.Stream,System.Text.Encoding,,System.Object)">
    <attribute ctor="M:JetBrains.Annotations.NotNullAttribute.#ctor" />
    <parameter name="stream">
      <attribute ctor="M:JetBrains.Annotations.NotNullAttribute.#ctor" />
    </parameter>
    <parameter name="quotas">
      <attribute ctor="M:JetBrains.Annotations.NotNullAttribute.#ctor" />
    </parameter>
  </member>
  <member name="M:System.Runtime.Serialization.Json.JsonReaderWriterFactory.CreateJsonWriter(System.IO.Stream)">
    <attribute ctor="M:JetBrains.Annotations.NotNullAttribute.#ctor" />
    <parameter name="stream">
      <attribute ctor="M:JetBrains.Annotations.NotNullAttribute.#ctor" />
    </parameter>
  </member>
  <member name="M:System.Runtime.Serialization.Json.JsonReaderWriterFactory.CreateJsonWriter(System.IO.Stream,System.Text.Encoding)">
    <attribute ctor="M:JetBrains.Annotations.NotNullAttribute.#ctor" />
    <parameter name="stream">
      <attribute ctor="M:JetBrains.Annotations.NotNullAttribute.#ctor" />
    </parameter>
    <parameter name="encoding">
      <attribute ctor="M:JetBrains.Annotations.NotNullAttribute.#ctor" />
    </parameter>
  </member>
  <member name="M:System.Runtime.Serialization.Json.JsonReaderWriterFactory.CreateJsonWriter(System.IO.Stream,System.Text.Encoding,System.Boolean)">
    <attribute ctor="M:JetBrains.Annotations.NotNullAttribute.#ctor" />
    <parameter name="stream">
      <attribute ctor="M:JetBrains.Annotations.NotNullAttribute.#ctor" />
    </parameter>
    <parameter name="encoding">
      <attribute ctor="M:JetBrains.Annotations.NotNullAttribute.#ctor" />
    </parameter>
  </member>
  <member name="M:System.Runtime.Serialization.Json.XmlJsonReader.BreakText(System.Byte[],System.Int32,System.Int32)">
    <parameter name="buffer">
      <attribute ctor="M:JetBrains.Annotations.NotNullAttribute.#ctor" />
    </parameter>
  </member>
  <member name="M:System.Runtime.Serialization.Json.XmlJsonReader.ComputeNumericalTextLength(System.Byte[],System.Int32,System.Int32)">
    <parameter name="buffer">
      <attribute ctor="M:JetBrains.Annotations.NotNullAttribute.#ctor" />
    </parameter>
  </member>
  <member name="M:System.Runtime.Serialization.Json.XmlJsonReader.ComputeQuotedTextLengthUntilEndQuote(System.Byte[],System.Int32,System.Int32,System.Boolean@)">
    <parameter name="buffer">
      <attribute ctor="M:JetBrains.Annotations.NotNullAttribute.#ctor" />
    </parameter>
  </member>
  <member name="M:System.Runtime.Serialization.Json.XmlJsonReader.GetAttribute(,)">
    <parameter name="localName">
      <attribute ctor="M:JetBrains.Annotations.CanBeNullAttribute.#ctor" />
    </parameter>
  </member>
  <member name="M:System.Runtime.Serialization.Json.XmlJsonReader.MoveToInitial(,System.Object)">
    <parameter name="quotas">
      <attribute ctor="M:JetBrains.Annotations.NotNullAttribute.#ctor" />
    </parameter>
  </member>
  <member name="M:System.Runtime.Serialization.Json.XmlJsonReader.ParseChar(System.String,System.Globalization.NumberStyles)">
    <parameter name="value">
      <attribute ctor="M:JetBrains.Annotations.NotNullAttribute.#ctor" />
    </parameter>
  </member>
  <member name="M:System.Runtime.Serialization.Json.XmlJsonReader.ParseInt(System.String,System.Globalization.NumberStyles)">
    <parameter name="value">
      <attribute ctor="M:JetBrains.Annotations.NotNullAttribute.#ctor" />
    </parameter>
  </member>
  <member name="M:System.Runtime.Serialization.Json.XmlJsonReader.SetInput(System.Byte[],System.Int32,System.Int32,System.Text.Encoding,,System.Object)">
    <parameter name="quotas">
      <attribute ctor="M:JetBrains.Annotations.NotNullAttribute.#ctor" />
    </parameter>
    <parameter name="buffer">
      <attribute ctor="M:JetBrains.Annotations.NotNullAttribute.#ctor" />
    </parameter>
  </member>
  <member name="M:System.Runtime.Serialization.Json.XmlJsonReader.SetInput(System.IO.Stream,System.Text.Encoding,,System.Object)">
    <parameter name="stream">
      <attribute ctor="M:JetBrains.Annotations.NotNullAttribute.#ctor" />
    </parameter>
    <parameter name="quotas">
      <attribute ctor="M:JetBrains.Annotations.NotNullAttribute.#ctor" />
    </parameter>
  </member>
  <member name="M:System.Runtime.Serialization.Json.XmlJsonReader.SetJsonNameWithMapping(System.Xml.XmlBaseReader.XmlElementNode)">
    <parameter name="elementNode">
      <attribute ctor="M:JetBrains.Annotations.NotNullAttribute.#ctor" />
    </parameter>
  </member>
  <member name="M:System.Runtime.Serialization.Json.XmlJsonReader.UnescapeJsonString(System.String)">
    <attribute ctor="M:JetBrains.Annotations.CanBeNullAttribute.#ctor" />
  </member>
  <member name="M:System.Runtime.Serialization.Json.XmlJsonWriter.LookupPrefix(System.String)">
    <attribute ctor="M:JetBrains.Annotations.CanBeNullAttribute.#ctor" />
    <parameter name="ns">
      <attribute ctor="M:JetBrains.Annotations.NotNullAttribute.#ctor" />
    </parameter>
  </member>
  <member name="M:System.Runtime.Serialization.Json.XmlJsonWriter.SetOutput(System.IO.Stream,System.Text.Encoding,System.Boolean)">
    <parameter name="stream">
      <attribute ctor="M:JetBrains.Annotations.NotNullAttribute.#ctor" />
    </parameter>
    <parameter name="encoding">
      <attribute ctor="M:JetBrains.Annotations.NotNullAttribute.#ctor" />
    </parameter>
  </member>
  <member name="P:System.Runtime.Serialization.Json.XmlJsonWriter.Settings">
    <attribute ctor="M:JetBrains.Annotations.CanBeNullAttribute.#ctor" />
  </member>
  <member name="M:System.Runtime.Serialization.Json.XmlJsonWriter.TrySetWritingNameWithMapping(System.String,System.String)">
    <parameter name="localName">
      <attribute ctor="M:JetBrains.Annotations.NotNullAttribute.#ctor" />
    </parameter>
    <parameter name="ns">
      <attribute ctor="M:JetBrains.Annotations.NotNullAttribute.#ctor" />
    </parameter>
  </member>
  <member name="M:System.Runtime.Serialization.Json.XmlJsonWriter.WriteBase64(System.Byte[],System.Int32,System.Int32)">
    <parameter name="buffer">
      <attribute ctor="M:JetBrains.Annotations.NotNullAttribute.#ctor" />
    </parameter>
  </member>
  <member name="M:System.Runtime.Serialization.Json.XmlJsonWriter.WriteBinHex(System.Byte[],System.Int32,System.Int32)">
    <parameter name="buffer">
      <attribute ctor="M:JetBrains.Annotations.NotNullAttribute.#ctor" />
    </parameter>
  </member>
  <member name="M:System.Runtime.Serialization.Json.XmlJsonWriter.WriteChars(System.Char[],System.Int32,System.Int32)">
    <parameter name="buffer">
      <attribute ctor="M:JetBrains.Annotations.NotNullAttribute.#ctor" />
    </parameter>
  </member>
  <member name="M:System.Runtime.Serialization.Json.XmlJsonWriter.WriteEscapedJsonString(System.String)">
    <parameter name="str">
      <attribute ctor="M:JetBrains.Annotations.NotNullAttribute.#ctor" />
    </parameter>
  </member>
  <member name="M:System.Runtime.Serialization.Json.XmlJsonWriter.WriteJsonElementName(System.String)">
    <parameter name="localName">
      <attribute ctor="M:JetBrains.Annotations.NotNullAttribute.#ctor" />
    </parameter>
  </member>
  <member name="M:System.Runtime.Serialization.Json.XmlJsonWriter.WritePrimitiveValue(System.Object)">
    <parameter name="value">
      <attribute ctor="M:JetBrains.Annotations.NotNullAttribute.#ctor" />
    </parameter>
  </member>
  <member name="M:System.Runtime.Serialization.Json.XmlJsonWriter.WriteProcessingInstruction(System.String,System.String)">
    <parameter name="name">
      <attribute ctor="M:JetBrains.Annotations.NotNullAttribute.#ctor" />
    </parameter>
  </member>
  <member name="M:System.Runtime.Serialization.Json.XmlJsonWriter.WriteQualifiedName(System.String,System.String)">
    <parameter name="localName">
      <attribute ctor="M:JetBrains.Annotations.NotNullAttribute.#ctor" />
    </parameter>
  </member>
  <member name="M:System.Runtime.Serialization.Json.XmlJsonWriter.WriteRaw(System.Char[],System.Int32,System.Int32)">
    <parameter name="buffer">
      <attribute ctor="M:JetBrains.Annotations.NotNullAttribute.#ctor" />
    </parameter>
  </member>
  <member name="M:System.Runtime.Serialization.Json.XmlJsonWriter.WriteStartAttribute(System.String,System.String,System.String)">
    <parameter name="localName">
      <attribute ctor="M:JetBrains.Annotations.NotNullAttribute.#ctor" />
    </parameter>
  </member>
  <member name="M:System.Runtime.Serialization.Json.XmlJsonWriter.WriteStartElement(System.String,System.String,System.String)">
    <parameter name="localName">
      <attribute ctor="M:JetBrains.Annotations.NotNullAttribute.#ctor" />
    </parameter>
  </member>
  <member name="M:System.Runtime.Serialization.Json.XmlJsonWriter.WriteValue()">
    <parameter name="value">
      <attribute ctor="M:JetBrains.Annotations.NotNullAttribute.#ctor" />
    </parameter>
  </member>
  <member name="M:System.Runtime.Serialization.Json.XmlJsonWriter.WriteValue(System.Array)">
    <parameter name="array">
      <attribute ctor="M:JetBrains.Annotations.NotNullAttribute.#ctor" />
    </parameter>
  </member>
  <member name="M:System.Runtime.Serialization.Json.XmlJsonWriter.WriteValue(System.Object)">
    <parameter name="value">
      <attribute ctor="M:JetBrains.Annotations.NotNullAttribute.#ctor" />
    </parameter>
  </member>
  <member name="M:System.Runtime.Serialization.Json.XmlJsonWriter.WriteWhitespace(System.String)">
    <parameter name="ws">
      <attribute ctor="M:JetBrains.Annotations.NotNullAttribute.#ctor" />
    </parameter>
  </member>
  <member name="P:System.Runtime.Serialization.Json.XmlJsonWriter.XmlLang">
    <attribute ctor="M:JetBrains.Annotations.CanBeNullAttribute.#ctor" />
  </member>
  <member name="P:System.Runtime.Serialization.SR.Culture">
    <attribute ctor="M:JetBrains.Annotations.CanBeNullAttribute.#ctor" />
  </member>
  <member name="M:System.Runtime.Serialization.SR.GetObject(System.String)">
    <attribute ctor="M:JetBrains.Annotations.CanBeNullAttribute.#ctor" />
    <parameter name="name">
      <attribute ctor="M:JetBrains.Annotations.NotNullAttribute.#ctor" />
    </parameter>
  </member>
  <member name="M:System.Runtime.Serialization.SR.GetString(System.String)">
    <attribute ctor="M:JetBrains.Annotations.CanBeNullAttribute.#ctor" />
    <parameter name="name">
      <attribute ctor="M:JetBrains.Annotations.NotNullAttribute.#ctor" />
    </parameter>
  </member>
  <member name="M:System.Runtime.Serialization.SR.GetString(System.String,System.Boolean@)">
    <attribute ctor="M:JetBrains.Annotations.CanBeNullAttribute.#ctor" />
    <parameter name="name">
      <attribute ctor="M:JetBrains.Annotations.NotNullAttribute.#ctor" />
    </parameter>
  </member>
  <member name="M:System.Runtime.Serialization.SR.GetString(System.String,System.Object[])">
    <attribute ctor="M:JetBrains.Annotations.CanBeNullAttribute.#ctor" />
    <parameter name="name">
      <attribute ctor="M:JetBrains.Annotations.NotNullAttribute.#ctor" />
    </parameter>
  </member>
  <member name="M:System.Runtime.Serialization.SRCategoryAttribute.GetLocalizedString(System.String)">
    <attribute ctor="M:JetBrains.Annotations.CanBeNullAttribute.#ctor" />
    <parameter name="value">
      <attribute ctor="M:JetBrains.Annotations.NotNullAttribute.#ctor" />
    </parameter>
  </member>
  <member name="M:System.Text.Base64Encoding.GetBytes(System.Byte[],System.Int32,System.Int32,System.Byte[],System.Int32)">
    <parameter name="chars">
      <attribute ctor="M:JetBrains.Annotations.NotNullAttribute.#ctor" />
    </parameter>
    <parameter name="bytes">
      <attribute ctor="M:JetBrains.Annotations.NotNullAttribute.#ctor" />
    </parameter>
  </member>
  <member name="M:System.Text.Base64Encoding.GetCharCount(System.Byte[],System.Int32,System.Int32)">
    <parameter name="bytes">
      <attribute ctor="M:JetBrains.Annotations.CanBeNullAttribute.#ctor" />
    </parameter>
  </member>
  <member name="M:System.Text.Base64Encoding.GetChars(System.Byte[],System.Int32,System.Int32,System.Byte[],System.Int32)">
    <parameter name="bytes">
      <attribute ctor="M:JetBrains.Annotations.NotNullAttribute.#ctor" />
    </parameter>
    <parameter name="chars">
      <attribute ctor="M:JetBrains.Annotations.NotNullAttribute.#ctor" />
    </parameter>
  </member>
  <member name="M:System.Text.BinHexEncoding.GetByteCount(System.Char[],System.Int32,System.Int32)">
    <parameter name="chars">
      <attribute ctor="M:JetBrains.Annotations.CanBeNullAttribute.#ctor" />
    </parameter>
  </member>
  <member name="M:System.Text.BinHexEncoding.GetCharCount(System.Byte[],System.Int32,System.Int32)">
    <parameter name="bytes">
      <attribute ctor="M:JetBrains.Annotations.CanBeNullAttribute.#ctor" />
    </parameter>
  </member>
  <member name="M:System.Xml.PrefixHandle.Equals2(System.String)">
    <parameter name="prefix2">
      <attribute ctor="M:JetBrains.Annotations.NotNullAttribute.#ctor" />
    </parameter>
  </member>
  <member name="M:System.Xml.StringHandle.Equals2(System.String)">
    <parameter name="s2">
      <attribute ctor="M:JetBrains.Annotations.NotNullAttribute.#ctor" />
    </parameter>
  </member>
  <member name="M:System.Xml.ValueHandle.GetCharsText">
    <attribute ctor="M:JetBrains.Annotations.NotNullAttribute.#ctor" />
  </member>
  <member name="M:System.Xml.ValueHandle.GetCharText">
    <attribute ctor="M:JetBrains.Annotations.NotNullAttribute.#ctor" />
  </member>
  <member name="M:System.Xml.ValueHandle.ToType">
    <attribute ctor="M:JetBrains.Annotations.NotNullAttribute.#ctor" />
  </member>
  <member name="M:System.Xml.ValueHandle.TryReadBase64(System.Byte[],System.Int32,System.Int32,System.Int32@)">
    <parameter name="buffer">
      <attribute ctor="M:JetBrains.Annotations.NotNullAttribute.#ctor" />
    </parameter>
  </member>
  <member name="M:System.Xml.ValueHandle.TryReadChars(System.Char[],System.Int32,System.Int32,System.Int32@)">
    <parameter name="chars">
      <attribute ctor="M:JetBrains.Annotations.NotNullAttribute.#ctor" />
    </parameter>
  </member>
  <member name="M:System.Xml.XmlBaseReader.AddAttribute">
    <attribute ctor="M:JetBrains.Annotations.NotNullAttribute.#ctor" />
  </member>
  <member name="M:System.Xml.XmlBaseReader.AddAttribute(System.Xml.XmlBaseReader.QNameType,System.Boolean)">
    <attribute ctor="M:JetBrains.Annotations.NotNullAttribute.#ctor" />
  </member>
  <member name="M:System.Xml.XmlBaseReader.AddNamespace">
    <attribute ctor="M:JetBrains.Annotations.NotNullAttribute.#ctor" />
  </member>
  <member name="M:System.Xml.XmlBaseReader.AddXmlnsAttribute(System.Xml.XmlBaseReader.Namespace)">
    <attribute ctor="M:JetBrains.Annotations.NotNullAttribute.#ctor" />
    <parameter name="ns">
      <attribute ctor="M:JetBrains.Annotations.NotNullAttribute.#ctor" />
    </parameter>
  </member>
  <member name="P:System.Xml.XmlBaseReader.BaseURI">
    <attribute ctor="M:JetBrains.Annotations.NotNullAttribute.#ctor" />
  </member>
  <member name="M:System.Xml.XmlBaseReader.EnterScope">
    <attribute ctor="M:JetBrains.Annotations.NotNullAttribute.#ctor" />
  </member>
  <member name="M:System.Xml.XmlBaseReader.GetAttribute(,)">
    <parameter name="localName">
      <attribute ctor="M:JetBrains.Annotations.NotNullAttribute.#ctor" />
    </parameter>
  </member>
  <member name="M:System.Xml.XmlBaseReader.GetAttribute(System.Int32)">
    <attribute ctor="M:JetBrains.Annotations.CanBeNullAttribute.#ctor" />
  </member>
  <member name="M:System.Xml.XmlBaseReader.GetAttribute(System.String)">
    <parameter name="name">
      <attribute ctor="M:JetBrains.Annotations.NotNullAttribute.#ctor" />
    </parameter>
  </member>
  <member name="M:System.Xml.XmlBaseReader.GetAttribute(System.String,System.String)">
    <parameter name="localName">
      <attribute ctor="M:JetBrains.Annotations.NotNullAttribute.#ctor" />
    </parameter>
  </member>
  <member name="M:System.Xml.XmlBaseReader.GetAttributeNode(,)">
    <attribute ctor="M:JetBrains.Annotations.CanBeNullAttribute.#ctor" />
    <parameter name="localName">
      <attribute ctor="M:JetBrains.Annotations.NotNullAttribute.#ctor" />
    </parameter>
  </member>
  <member name="M:System.Xml.XmlBaseReader.GetAttributeNode(System.String)">
    <attribute ctor="M:JetBrains.Annotations.CanBeNullAttribute.#ctor" />
    <parameter name="name">
      <attribute ctor="M:JetBrains.Annotations.NotNullAttribute.#ctor" />
    </parameter>
  </member>
  <member name="M:System.Xml.XmlBaseReader.GetAttributeNode(System.String,System.String)">
    <attribute ctor="M:JetBrains.Annotations.CanBeNullAttribute.#ctor" />
    <parameter name="localName">
      <attribute ctor="M:JetBrains.Annotations.NotNullAttribute.#ctor" />
    </parameter>
  </member>
  <member name="M:System.Xml.XmlBaseReader.GetCharBuffer(System.Int32)">
    <attribute ctor="M:JetBrains.Annotations.NotNullAttribute.#ctor" />
  </member>
  <member name="M:System.Xml.XmlBaseReader.IsLocalName()">
    <parameter name="localName">
      <attribute ctor="M:JetBrains.Annotations.NotNullAttribute.#ctor" />
    </parameter>
  </member>
  <member name="M:System.Xml.XmlBaseReader.IsLocalName(System.String)">
    <parameter name="localName">
      <attribute ctor="M:JetBrains.Annotations.NotNullAttribute.#ctor" />
    </parameter>
  </member>
  <member name="M:System.Xml.XmlBaseReader.IsNamespaceUri()">
    <parameter name="namespaceUri">
      <attribute ctor="M:JetBrains.Annotations.NotNullAttribute.#ctor" />
    </parameter>
  </member>
  <member name="M:System.Xml.XmlBaseReader.IsNamespaceUri(System.String)">
    <parameter name="namespaceUri">
      <attribute ctor="M:JetBrains.Annotations.NotNullAttribute.#ctor" />
    </parameter>
  </member>
  <member name="P:System.Xml.XmlBaseReader.Item(System.Int32)">
    <attribute ctor="M:JetBrains.Annotations.CanBeNullAttribute.#ctor" />
  </member>
  <member name="P:System.Xml.XmlBaseReader.Item(System.String)">
    <parameter name="name">
      <attribute ctor="M:JetBrains.Annotations.NotNullAttribute.#ctor" />
    </parameter>
  </member>
  <member name="P:System.Xml.XmlBaseReader.Item(System.String,System.String)">
    <parameter name="localName">
      <attribute ctor="M:JetBrains.Annotations.NotNullAttribute.#ctor" />
    </parameter>
  </member>
  <member name="M:System.Xml.XmlBaseReader.LookupNamespace(System.String)">
    <parameter name="prefix">
      <attribute ctor="M:JetBrains.Annotations.NotNullAttribute.#ctor" />
    </parameter>
  </member>
  <member name="M:System.Xml.XmlBaseReader.MoveToAttribute(System.String)">
    <parameter name="name">
      <attribute ctor="M:JetBrains.Annotations.NotNullAttribute.#ctor" />
    </parameter>
  </member>
  <member name="M:System.Xml.XmlBaseReader.MoveToAttribute(System.String,System.String)">
    <parameter name="localName">
      <attribute ctor="M:JetBrains.Annotations.NotNullAttribute.#ctor" />
    </parameter>
  </member>
  <member name="M:System.Xml.XmlBaseReader.MoveToInitial()">
    <parameter name="quotas">
      <attribute ctor="M:JetBrains.Annotations.NotNullAttribute.#ctor" />
    </parameter>
  </member>
  <member name="M:System.Xml.XmlBaseReader.NamespaceManager.AddNamespace">
    <attribute ctor="M:JetBrains.Annotations.NotNullAttribute.#ctor" />
  </member>
  <member name="M:System.Xml.XmlBaseReader.NamespaceManager.LookupNamespace(System.String)">
    <parameter name="prefix">
      <attribute ctor="M:JetBrains.Annotations.NotNullAttribute.#ctor" />
    </parameter>
  </member>
  <member name="M:System.Xml.XmlBaseReader.NamespaceManager.Register(System.Xml.XmlBaseReader.Namespace)">
    <parameter name="nameSpace">
      <attribute ctor="M:JetBrains.Annotations.NotNullAttribute.#ctor" />
    </parameter>
  </member>
  <member name="M:System.Xml.XmlBaseReader.NamespaceManager.TryGetShortPrefix(System.String,System.Xml.PrefixHandleType@)">
    <parameter name="s">
      <attribute ctor="M:JetBrains.Annotations.NotNullAttribute.#ctor" />
    </parameter>
  </member>
  <member name="M:System.Xml.XmlBaseReader.QuotaNameTable.Add(System.String)">
    <parameter name="value">
      <attribute ctor="M:JetBrains.Annotations.NotNullAttribute.#ctor" />
    </parameter>
  </member>
  <member name="M:System.Xml.XmlBaseReader.ReadContentAsBase64(System.Byte[],System.Int32,System.Int32)">
    <parameter name="buffer">
      <attribute ctor="M:JetBrains.Annotations.NotNullAttribute.#ctor" />
    </parameter>
  </member>
  <member name="M:System.Xml.XmlBaseReader.ReadContentAsBinHex(System.Byte[],System.Int32,System.Int32)">
    <parameter name="buffer">
      <attribute ctor="M:JetBrains.Annotations.NotNullAttribute.#ctor" />
    </parameter>
  </member>
  <member name="M:System.Xml.XmlBaseReader.ReadElementContentAsBase64(System.Byte[],System.Int32,System.Int32)">
    <parameter name="buffer">
      <attribute ctor="M:JetBrains.Annotations.NotNullAttribute.#ctor" />
    </parameter>
  </member>
  <member name="M:System.Xml.XmlBaseReader.ReadElementContentAsBinHex(System.Byte[],System.Int32,System.Int32)">
    <parameter name="buffer">
      <attribute ctor="M:JetBrains.Annotations.NotNullAttribute.#ctor" />
    </parameter>
  </member>
  <member name="M:System.Xml.XmlBaseReader.ReadValueAsBase64(System.Byte[],System.Int32,System.Int32)">
    <parameter name="buffer">
      <attribute ctor="M:JetBrains.Annotations.NotNullAttribute.#ctor" />
    </parameter>
  </member>
  <member name="M:System.Xml.XmlBaseReader.ReadValueChunk(System.Char[],System.Int32,System.Int32)">
    <parameter name="chars">
      <attribute ctor="M:JetBrains.Annotations.NotNullAttribute.#ctor" />
    </parameter>
  </member>
  <member name="M:System.Xml.XmlBaseReader.SkipValue(System.Xml.XmlBaseReader.XmlNode)">
    <parameter name="node">
      <attribute ctor="M:JetBrains.Annotations.NotNullAttribute.#ctor" />
    </parameter>
  </member>
  <member name="P:System.Xml.XmlBaseReader.ValueType">
    <attribute ctor="M:JetBrains.Annotations.NotNullAttribute.#ctor" />
  </member>
  <member name="M:System.Xml.XmlBufferReader.Equals2(System.Int32,System.Int32,System.Byte[])">
    <parameter name="buffer2">
      <attribute ctor="M:JetBrains.Annotations.NotNullAttribute.#ctor" />
    </parameter>
  </member>
  <member name="M:System.Xml.XmlBufferReader.Equals2(System.Int32,System.Int32,System.String)">
    <parameter name="s2">
      <attribute ctor="M:JetBrains.Annotations.NotNullAttribute.#ctor" />
    </parameter>
  </member>
  <member name="M:System.Xml.XmlBufferReader.GetCharBuffer(System.Int32)">
    <attribute ctor="M:JetBrains.Annotations.NotNullAttribute.#ctor" />
  </member>
  <member name="M:System.Xml.XmlBufferReader.GetChars(System.Int32,System.Int32,System.Char[])">
    <parameter name="chars">
      <attribute ctor="M:JetBrains.Annotations.NotNullAttribute.#ctor" />
    </parameter>
  </member>
  <member name="M:System.Xml.XmlBufferReader.GetString(System.Int32,System.Int32)">
    <attribute ctor="M:JetBrains.Annotations.NotNullAttribute.#ctor" />
  </member>
  <member name="M:System.Xml.XmlConverter.IsWhitespace(System.String)">
    <parameter name="s">
      <attribute ctor="M:JetBrains.Annotations.NotNullAttribute.#ctor" />
    </parameter>
  </member>
  <member name="M:System.Xml.XmlConverter.StripWhitespace(System.String)">
    <attribute ctor="M:JetBrains.Annotations.NotNullAttribute.#ctor" />
    <parameter name="s">
      <attribute ctor="M:JetBrains.Annotations.NotNullAttribute.#ctor" />
    </parameter>
  </member>
  <member name="M:System.Xml.XmlConverter.ToAsciiChars(System.String,System.Byte[],System.Int32)">
    <parameter name="s">
      <attribute ctor="M:JetBrains.Annotations.NotNullAttribute.#ctor" />
    </parameter>
    <parameter name="buffer">
      <attribute ctor="M:JetBrains.Annotations.NotNullAttribute.#ctor" />
    </parameter>
  </member>
  <member name="M:System.Xml.XmlConverter.ToChars(System.Boolean,System.Byte[],System.Int32)">
    <parameter name="buffer">
      <attribute ctor="M:JetBrains.Annotations.NotNullAttribute.#ctor" />
    </parameter>
  </member>
  <member name="M:System.Xml.XmlConverter.ToChars(System.Byte[],System.Int32,System.Int32,System.Char[],System.Int32)">
    <parameter name="buffer">
      <attribute ctor="M:JetBrains.Annotations.NotNullAttribute.#ctor" />
    </parameter>
    <parameter name="chars">
      <attribute ctor="M:JetBrains.Annotations.NotNullAttribute.#ctor" />
    </parameter>
  </member>
  <member name="M:System.Xml.XmlConverter.ToChars(System.DateTime,System.Byte[],System.Int32)">
    <parameter name="chars">
      <attribute ctor="M:JetBrains.Annotations.NotNullAttribute.#ctor" />
    </parameter>
  </member>
  <member name="M:System.Xml.XmlConverter.ToChars(System.Decimal,System.Byte[],System.Int32)">
    <parameter name="buffer">
      <attribute ctor="M:JetBrains.Annotations.NotNullAttribute.#ctor" />
    </parameter>
  </member>
  <member name="M:System.Xml.XmlConverter.ToChars(System.Double,System.Byte[],System.Int32)">
    <parameter name="buffer">
      <attribute ctor="M:JetBrains.Annotations.NotNullAttribute.#ctor" />
    </parameter>
  </member>
  <member name="M:System.Xml.XmlConverter.ToChars(System.Int32,System.Byte[],System.Int32)">
    <parameter name="chars">
      <attribute ctor="M:JetBrains.Annotations.NotNullAttribute.#ctor" />
    </parameter>
  </member>
  <member name="M:System.Xml.XmlConverter.ToChars(System.Int64,System.Byte[],System.Int32)">
    <parameter name="chars">
      <attribute ctor="M:JetBrains.Annotations.NotNullAttribute.#ctor" />
    </parameter>
  </member>
  <member name="M:System.Xml.XmlConverter.ToChars(System.Single,System.Byte[],System.Int32)">
    <parameter name="buffer">
      <attribute ctor="M:JetBrains.Annotations.NotNullAttribute.#ctor" />
    </parameter>
  </member>
  <member name="M:System.Xml.XmlConverter.ToChars(System.UInt64,System.Byte[],System.Int32)">
    <parameter name="buffer">
      <attribute ctor="M:JetBrains.Annotations.NotNullAttribute.#ctor" />
    </parameter>
  </member>
  <member name="M:System.Xml.XmlConverter.ToCharsD2(System.Int32,System.Byte[],System.Int32)">
    <parameter name="chars">
      <attribute ctor="M:JetBrains.Annotations.NotNullAttribute.#ctor" />
    </parameter>
  </member>
  <member name="M:System.Xml.XmlConverter.ToCharsD4(System.Int32,System.Byte[],System.Int32)">
    <parameter name="chars">
      <attribute ctor="M:JetBrains.Annotations.NotNullAttribute.#ctor" />
    </parameter>
  </member>
  <member name="M:System.Xml.XmlConverter.ToCharsD7(System.Int32,System.Byte[],System.Int32)">
    <parameter name="chars">
      <attribute ctor="M:JetBrains.Annotations.NotNullAttribute.#ctor" />
    </parameter>
  </member>
  <member name="M:System.Xml.XmlConverter.ToCharsR(System.Int32,System.Byte[],System.Int32)">
    <parameter name="chars">
      <attribute ctor="M:JetBrains.Annotations.NotNullAttribute.#ctor" />
    </parameter>
  </member>
  <member name="M:System.Xml.XmlConverter.ToCharsR(System.Int64,System.Byte[],System.Int32)">
    <parameter name="chars">
      <attribute ctor="M:JetBrains.Annotations.NotNullAttribute.#ctor" />
    </parameter>
  </member>
  <member name="M:System.Xml.XmlConverter.ToInfinity(System.Boolean,System.Byte[],System.Int32)">
    <parameter name="buffer">
      <attribute ctor="M:JetBrains.Annotations.NotNullAttribute.#ctor" />
    </parameter>
  </member>
  <member name="M:System.Xml.XmlConverter.ToString(System.Byte[],System.Int32,System.Int32)">
    <attribute ctor="M:JetBrains.Annotations.NotNullAttribute.#ctor" />
    <parameter name="buffer">
      <attribute ctor="M:JetBrains.Annotations.NotNullAttribute.#ctor" />
    </parameter>
  </member>
  <member name="M:System.Xml.XmlConverter.ToZero(System.Boolean,System.Byte[],System.Int32)">
    <parameter name="buffer">
      <attribute ctor="M:JetBrains.Annotations.NotNullAttribute.#ctor" />
    </parameter>
  </member>
  <member name="M:System.Xml.XmlExceptionHelper.CreateConversionException(System.String,System.String,System.Exception)">
    <attribute ctor="M:JetBrains.Annotations.NotNullAttribute.#ctor" />
  </member>
  <member name="M:System.Xml.XmlExceptionHelper.CreateEncodingException(System.Byte[],System.Int32,System.Int32,System.Exception)">
    <parameter name="buffer">
      <attribute ctor="M:JetBrains.Annotations.NotNullAttribute.#ctor" />
    </parameter>
    <attribute ctor="M:JetBrains.Annotations.NotNullAttribute.#ctor" />
  </member>
  <member name="M:System.Xml.XmlExceptionHelper.CreateEncodingException(System.String,System.Exception)">
    <attribute ctor="M:JetBrains.Annotations.NotNullAttribute.#ctor" />
  </member>
  <member name="M:System.Xml.XmlExceptionHelper.GetName(System.String,System.String)">
    <parameter name="prefix">
      <attribute ctor="M:JetBrains.Annotations.NotNullAttribute.#ctor" />
    </parameter>
  </member>
  <member name="M:System.Xml.XmlExceptionHelper.GetWhatWasFound()">
    <attribute ctor="M:JetBrains.Annotations.CanBeNullAttribute.#ctor" />
  </member>
  <member name="M:System.Xml.XmlExceptionHelper.ThrowUnexpectedEndOfFile()">
    <parameter name="reader">
      <attribute ctor="M:JetBrains.Annotations.NotNullAttribute.#ctor" />
    </parameter>
  </member>
  <member name="M:System.Xml.XmlExceptionHelper.ThrowXmlException(,System.String)">
    <parameter name="res">
      <attribute ctor="M:JetBrains.Annotations.NotNullAttribute.#ctor" />
    </parameter>
  </member>
  <member name="M:System.Xml.XmlExceptionHelper.ThrowXmlException(,System.String,System.String)">
    <parameter name="res">
      <attribute ctor="M:JetBrains.Annotations.NotNullAttribute.#ctor" />
    </parameter>
  </member>
  <member name="M:System.Xml.XmlExceptionHelper.ThrowXmlException(,System.String,System.String,System.String)">
    <parameter name="res">
      <attribute ctor="M:JetBrains.Annotations.NotNullAttribute.#ctor" />
    </parameter>
  </member>
  <member name="M:System.Xml.XmlExceptionHelper.ThrowXmlException(,System.String,System.String,System.String,System.String)">
    <parameter name="res">
      <attribute ctor="M:JetBrains.Annotations.NotNullAttribute.#ctor" />
    </parameter>
  </member>
  <member name="M:System.Xml.XmlNodeWriter.WriteBase64Text(System.Byte[],System.Int32,System.Byte[],System.Int32,System.Int32)">
    <parameter name="trailBuffer">
      <attribute ctor="M:JetBrains.Annotations.NotNullAttribute.#ctor" />
    </parameter>
    <parameter name="buffer">
      <attribute ctor="M:JetBrains.Annotations.NotNullAttribute.#ctor" />
    </parameter>
  </member>
  <member name="M:System.Xml.XmlNodeWriter.WriteEscapedText(System.String)">
    <parameter name="value">
      <attribute ctor="M:JetBrains.Annotations.NotNullAttribute.#ctor" />
    </parameter>
  </member>
  <member name="M:System.Xml.XmlNodeWriter.WriteText(System.Byte[],System.Int32,System.Int32)">
    <parameter name="buffer">
      <attribute ctor="M:JetBrains.Annotations.NotNullAttribute.#ctor" />
    </parameter>
  </member>
  <member name="M:System.Xml.XmlNodeWriter.WriteText(System.String)">
    <parameter name="value">
      <attribute ctor="M:JetBrains.Annotations.NotNullAttribute.#ctor" />
    </parameter>
  </member>
  <member name="M:System.Xml.XmlStreamNodeWriter.GetBytes(System.Char[],System.Int32,System.Int32,System.Byte[],System.Int32)">
    <parameter name="chars">
      <attribute ctor="M:JetBrains.Annotations.NotNullAttribute.#ctor" />
    </parameter>
    <parameter name="bytes">
      <attribute ctor="M:JetBrains.Annotations.NotNullAttribute.#ctor" />
    </parameter>
  </member>
  <member name="M:System.Xml.XmlStreamNodeWriter.WriteUTF8Chars(System.Byte[],System.Int32,System.Int32)">
    <parameter name="chars">
      <attribute ctor="M:JetBrains.Annotations.NotNullAttribute.#ctor" />
    </parameter>
  </member>
  <member name="M:System.Xml.XmlStreamNodeWriter.WriteUTF8Chars(System.String)">
    <parameter name="value">
      <attribute ctor="M:JetBrains.Annotations.NotNullAttribute.#ctor" />
    </parameter>
  </member>
  <member name="M:System.Xml.XmlUTF8NodeWriter.GetCharBuffer(System.Int32)">
    <attribute ctor="M:JetBrains.Annotations.NotNullAttribute.#ctor" />
  </member>
  <member name="M:System.Xml.XmlUTF8NodeWriter.GetCharEntityBuffer">
    <attribute ctor="M:JetBrains.Annotations.NotNullAttribute.#ctor" />
  </member>
  <member name="M:System.Xml.XmlUTF8NodeWriter.ToBase16(System.Byte[],System.Int32,System.UInt32)">
    <parameter name="chars">
      <attribute ctor="M:JetBrains.Annotations.NotNullAttribute.#ctor" />
    </parameter>
  </member>
  <member name="M:System.Xml.XmlUTF8NodeWriter.WriteBase64Text(System.Byte[],System.Int32,System.Int32)">
    <parameter name="buffer">
      <attribute ctor="M:JetBrains.Annotations.NotNullAttribute.#ctor" />
    </parameter>
  </member>
</assembly>