﻿<?xml version="1.0" encoding="utf-8"?>
<assembly name="System.Data.OracleClient, Version=4.0.0.0">
  <member name="M:System.Data.Common.ADP.InvalidDbType(System.Data.DbType)">
    <attribute ctor="M:JetBrains.Annotations.NotNullAttribute.#ctor" />
  </member>
  <member name="M:System.Data.Common.ADP.ParametersIsNotParent(System.Type,System.Data.IDataParameterCollection)">
    <attribute ctor="M:JetBrains.Annotations.NotNullAttribute.#ctor" />
    <parameter name="parameterType">
      <attribute ctor="M:JetBrains.Annotations.NotNullAttribute.#ctor" />
    </parameter>
    <parameter name="collection">
      <attribute ctor="M:JetBrains.Annotations.NotNullAttribute.#ctor" />
    </parameter>
  </member>
  <member name="M:System.Data.Common.ADP.ParametersIsParent(System.Type,System.Data.IDataParameterCollection)">
    <attribute ctor="M:JetBrains.Annotations.NotNullAttribute.#ctor" />
    <parameter name="parameterType">
      <attribute ctor="M:JetBrains.Annotations.NotNullAttribute.#ctor" />
    </parameter>
    <parameter name="collection">
      <attribute ctor="M:JetBrains.Annotations.NotNullAttribute.#ctor" />
    </parameter>
  </member>
  <member name="M:System.Data.OracleClient.DBConnectionString.#ctor(System.Data.Common.DbConnectionOptions,System.String,System.Data.KeyRestrictionBehavior,System.Collections.Hashtable,System.Boolean)">
    <parameter name="connectionOptions">
      <attribute ctor="M:JetBrains.Annotations.NotNullAttribute.#ctor" />
    </parameter>
    <parameter name="restrictions">
      <attribute ctor="M:JetBrains.Annotations.NotNullAttribute.#ctor" />
    </parameter>
  </member>
  <member name="M:System.Data.OracleClient.DBConnectionString.#ctor(System.Data.OracleClient.DBConnectionString,System.String[],System.Data.KeyRestrictionBehavior)">
    <parameter name="connectionString">
      <attribute ctor="M:JetBrains.Annotations.NotNullAttribute.#ctor" />
    </parameter>
  </member>
  <member name="M:System.Data.OracleClient.DBConnectionString.#ctor(System.String,System.String,System.Data.KeyRestrictionBehavior,System.Collections.Hashtable,System.Boolean)">
    <parameter name="restrictions">
      <attribute ctor="M:JetBrains.Annotations.NotNullAttribute.#ctor" />
    </parameter>
  </member>
  <member name="M:System.Data.OracleClient.OracleBFile.Clone">
    <attribute ctor="M:JetBrains.Annotations.NotNullAttribute.#ctor" />
  </member>
  <member name="M:System.Data.OracleClient.OracleBFile.CopyTo(System.Data.OracleClient.OracleLob)">
    <parameter name="destination">
      <attribute ctor="M:JetBrains.Annotations.NotNullAttribute.#ctor" />
    </parameter>
  </member>
  <member name="M:System.Data.OracleClient.OracleBFile.CopyTo(System.Data.OracleClient.OracleLob,System.Int64)">
    <parameter name="destination">
      <attribute ctor="M:JetBrains.Annotations.NotNullAttribute.#ctor" />
    </parameter>
  </member>
  <member name="M:System.Data.OracleClient.OracleBFile.CopyTo(System.Int64,System.Data.OracleClient.OracleLob,System.Int64,System.Int64)">
    <parameter name="destination">
      <attribute ctor="M:JetBrains.Annotations.NotNullAttribute.#ctor" />
    </parameter>
  </member>
  <member name="M:System.Data.OracleClient.OracleBFile.Read(System.Byte[],System.Int32,System.Int32)">
    <parameter name="buffer">
      <attribute ctor="M:JetBrains.Annotations.CanBeNullAttribute.#ctor" />
    </parameter>
  </member>
  <member name="M:System.Data.OracleClient.OracleBFile.SetFileName(System.String,System.String)">
    <parameter name="file">
      <attribute ctor="M:JetBrains.Annotations.NotNullAttribute.#ctor" />
    </parameter>
    <parameter name="directory">
      <attribute ctor="M:JetBrains.Annotations.NotNullAttribute.#ctor" />
    </parameter>
  </member>
  <member name="M:System.Data.OracleClient.OracleBFile.Write(System.Byte[],System.Int32,System.Int32)">
    <parameter name="buffer">
      <attribute ctor="M:JetBrains.Annotations.CanBeNullAttribute.#ctor" />
    </parameter>
  </member>
  <member name="M:System.Data.OracleClient.OracleBinary.CompareTo(System.Object)">
    <parameter name="obj">
      <attribute ctor="M:JetBrains.Annotations.NotNullAttribute.#ctor" />
    </parameter>
  </member>
  <member name="M:System.Data.OracleClient.OracleBinary.Equals(System.Object)">
    <parameter name="value">
      <attribute ctor="M:JetBrains.Annotations.CanBeNullAttribute.#ctor" />
    </parameter>
  </member>
  <member name="M:System.Data.OracleClient.OracleBoolean.CompareTo(System.Object)">
    <parameter name="obj">
      <attribute ctor="M:JetBrains.Annotations.NotNullAttribute.#ctor" />
    </parameter>
  </member>
  <member name="M:System.Data.OracleClient.OracleBoolean.Equals(System.Object)">
    <parameter name="value">
      <attribute ctor="M:JetBrains.Annotations.CanBeNullAttribute.#ctor" />
    </parameter>
  </member>
  <member name="M:System.Data.OracleClient.OracleBoolean.Parse(System.String)">
    <parameter name="s">
      <attribute ctor="M:JetBrains.Annotations.NotNullAttribute.#ctor" />
    </parameter>
  </member>
  <member name="M:System.Data.OracleClient.OracleClientFactory.CreateCommand">
    <attribute ctor="M:JetBrains.Annotations.NotNullAttribute.#ctor" />
  </member>
  <member name="M:System.Data.OracleClient.OracleClientFactory.CreateCommandBuilder">
    <attribute ctor="M:JetBrains.Annotations.NotNullAttribute.#ctor" />
  </member>
  <member name="M:System.Data.OracleClient.OracleClientFactory.CreateConnection">
    <attribute ctor="M:JetBrains.Annotations.NotNullAttribute.#ctor" />
  </member>
  <member name="M:System.Data.OracleClient.OracleClientFactory.CreateConnectionStringBuilder">
    <attribute ctor="M:JetBrains.Annotations.NotNullAttribute.#ctor" />
  </member>
  <member name="M:System.Data.OracleClient.OracleClientFactory.CreateDataAdapter">
    <attribute ctor="M:JetBrains.Annotations.NotNullAttribute.#ctor" />
  </member>
  <member name="M:System.Data.OracleClient.OracleClientFactory.CreateParameter">
    <attribute ctor="M:JetBrains.Annotations.NotNullAttribute.#ctor" />
  </member>
  <member name="M:System.Data.OracleClient.OracleClientFactory.CreatePermission(System.Security.Permissions.PermissionState)">
    <attribute ctor="M:JetBrains.Annotations.NotNullAttribute.#ctor" />
  </member>
  <member name="M:System.Data.OracleClient.OracleCommand.Clone">
    <attribute ctor="M:JetBrains.Annotations.NotNullAttribute.#ctor" />
  </member>
  <member name="M:System.Data.OracleClient.OracleCommand.CreateDbParameter">
    <attribute ctor="M:JetBrains.Annotations.NotNullAttribute.#ctor" />
  </member>
  <member name="M:System.Data.OracleClient.OracleCommand.CreateParameter">
    <attribute ctor="M:JetBrains.Annotations.NotNullAttribute.#ctor" />
  </member>
  <member name="P:System.Data.OracleClient.OracleCommand.DbParameterCollection">
    <attribute ctor="M:JetBrains.Annotations.NotNullAttribute.#ctor" />
  </member>
  <member name="M:System.Data.OracleClient.OracleCommand.Execute(System.Data.OracleClient.OciStatementHandle,System.Data.CommandBehavior,System.Boolean,System.Data.OracleClient.OciRowidDescriptor@,System.Collections.ArrayList@)">
    <parameter name="statementHandle">
      <attribute ctor="M:JetBrains.Annotations.NotNullAttribute.#ctor" />
    </parameter>
  </member>
  <member name="M:System.Data.OracleClient.OracleCommand.Execute(System.Data.OracleClient.OciStatementHandle,System.Data.CommandBehavior,System.Collections.ArrayList@)">
    <parameter name="statementHandle">
      <attribute ctor="M:JetBrains.Annotations.NotNullAttribute.#ctor" />
    </parameter>
  </member>
  <member name="M:System.Data.OracleClient.OracleCommand.ExecuteDbDataReader(System.Data.CommandBehavior)">
    <attribute ctor="M:JetBrains.Annotations.NotNullAttribute.#ctor" />
    <parameter name="behavior">
      <attribute ctor="M:JetBrains.Annotations.NotNullAttribute.#ctor" />
    </parameter>
  </member>
  <member name="M:System.Data.OracleClient.OracleCommand.ExecuteReader">
    <attribute ctor="M:JetBrains.Annotations.NotNullAttribute.#ctor" />
  </member>
  <member name="M:System.Data.OracleClient.OracleCommand.ExecuteReader(System.Data.CommandBehavior)">
    <attribute ctor="M:JetBrains.Annotations.NotNullAttribute.#ctor" />
    <parameter name="behavior">
      <attribute ctor="M:JetBrains.Annotations.NotNullAttribute.#ctor" />
    </parameter>
  </member>
  <member name="P:System.Data.OracleClient.OracleCommand.Parameters">
    <attribute ctor="M:JetBrains.Annotations.NotNullAttribute.#ctor" />
  </member>
  <member name="P:System.Data.OracleClient.OracleCommandBuilder.CatalogSeparator">
    <attribute ctor="M:JetBrains.Annotations.NotNullAttribute.#ctor" />
  </member>
  <member name="M:System.Data.OracleClient.OracleCommandBuilder.DeriveParameters(System.Data.OracleClient.OracleCommand)">
    <parameter name="command">
      <attribute ctor="M:JetBrains.Annotations.NotNullAttribute.#ctor" />
    </parameter>
  </member>
  <member name="M:System.Data.OracleClient.OracleCommandBuilder.GetParameterName(System.Int32)">
    <attribute ctor="M:JetBrains.Annotations.NotNullAttribute.#ctor" />
  </member>
  <member name="M:System.Data.OracleClient.OracleCommandBuilder.GetParameterPlaceholder(System.Int32)">
    <attribute ctor="M:JetBrains.Annotations.NotNullAttribute.#ctor" />
  </member>
  <member name="M:System.Data.OracleClient.OracleCommandBuilder.QuoteIdentifier(System.String)">
    <attribute ctor="M:JetBrains.Annotations.NotNullAttribute.#ctor" />
    <parameter name="unquotedIdentifier">
      <attribute ctor="M:JetBrains.Annotations.NotNullAttribute.#ctor" />
    </parameter>
  </member>
  <member name="P:System.Data.OracleClient.OracleCommandBuilder.SchemaSeparator">
    <attribute ctor="M:JetBrains.Annotations.NotNullAttribute.#ctor" />
  </member>
  <member name="M:System.Data.OracleClient.OracleCommandBuilder.SetRowUpdatingHandler()">
    <parameter name="adapter">
      <attribute ctor="M:JetBrains.Annotations.NotNullAttribute.#ctor" />
    </parameter>
  </member>
  <member name="M:System.Data.OracleClient.OracleCommandBuilder.UnquoteIdentifier(System.String)">
    <attribute ctor="M:JetBrains.Annotations.NotNullAttribute.#ctor" />
    <parameter name="quotedIdentifier">
      <attribute ctor="M:JetBrains.Annotations.NotNullAttribute.#ctor" />
    </parameter>
  </member>
  <member name="M:System.Data.OracleClient.OracleConnection.#ctor(System.String)">
    <parameter name="connectionString">
      <attribute ctor="M:JetBrains.Annotations.NotNullAttribute.#ctor" />
    </parameter>
  </member>
  <member name="M:System.Data.OracleClient.OracleConnection.ChangeDatabase(System.String)">
    <parameter name="value">
      <attribute ctor="M:JetBrains.Annotations.CanBeNullAttribute.#ctor" />
    </parameter>
  </member>
  <member name="M:System.Data.OracleClient.OracleConnection.ClearPool(System.Data.OracleClient.OracleConnection)">
    <parameter name="connection">
      <attribute ctor="M:JetBrains.Annotations.NotNullAttribute.#ctor" />
    </parameter>
  </member>
  <member name="P:System.Data.OracleClient.OracleConnection.ConnectionString">
    <attribute ctor="M:JetBrains.Annotations.NotNullAttribute.#ctor" />
  </member>
  <member name="M:System.Data.OracleClient.OracleConnection.CreateCommand">
    <attribute ctor="M:JetBrains.Annotations.NotNullAttribute.#ctor" />
  </member>
  <member name="P:System.Data.OracleClient.OracleConnection.Database">
    <attribute ctor="M:JetBrains.Annotations.NotNullAttribute.#ctor" />
  </member>
  <member name="M:System.Data.OracleClient.OracleConnection.GetSchema(System.String,System.String[])">
    <parameter name="restrictionValues">
      <attribute ctor="M:JetBrains.Annotations.NotNullAttribute.#ctor" />
    </parameter>
  </member>
  <member name="P:System.Data.OracleClient.OracleConnection.ServerVersion">
    <attribute ctor="M:JetBrains.Annotations.NotNullAttribute.#ctor" />
  </member>
  <member name="M:System.Data.OracleClient.OracleConnectionStringBuilder.ContainsKey(System.String)">
    <parameter name="keyword">
      <attribute ctor="M:JetBrains.Annotations.NotNullAttribute.#ctor" />
    </parameter>
  </member>
  <member name="M:System.Data.OracleClient.OracleConnectionStringBuilder.GetProperties(System.Collections.Hashtable)">
    <parameter name="propertyDescriptors">
      <attribute ctor="M:JetBrains.Annotations.NotNullAttribute.#ctor" />
    </parameter>
  </member>
  <member name="P:System.Data.OracleClient.OracleConnectionStringBuilder.Item(System.String)">
    <parameter name="keyword">
      <attribute ctor="M:JetBrains.Annotations.NotNullAttribute.#ctor" />
    </parameter>
  </member>
  <member name="P:System.Data.OracleClient.OracleConnectionStringBuilder.Keys">
    <attribute ctor="M:JetBrains.Annotations.NotNullAttribute.#ctor" />
  </member>
  <member name="M:System.Data.OracleClient.OracleConnectionStringBuilder.Remove(System.String)">
    <parameter name="keyword">
      <attribute ctor="M:JetBrains.Annotations.NotNullAttribute.#ctor" />
    </parameter>
  </member>
  <member name="M:System.Data.OracleClient.OracleConnectionStringBuilder.ShouldSerialize(System.String)">
    <parameter name="keyword">
      <attribute ctor="M:JetBrains.Annotations.NotNullAttribute.#ctor" />
    </parameter>
  </member>
  <member name="P:System.Data.OracleClient.OracleConnectionStringBuilder.Values">
    <attribute ctor="M:JetBrains.Annotations.NotNullAttribute.#ctor" />
  </member>
  <member name="M:System.Data.OracleClient.OracleDataAdapter.#ctor(System.String,System.String)">
    <parameter name="selectConnectionString">
      <attribute ctor="M:JetBrains.Annotations.NotNullAttribute.#ctor" />
    </parameter>
  </member>
  <member name="M:System.Data.OracleClient.OracleDataReader.#ctor(System.Data.OracleClient.OracleCommand,System.Collections.ArrayList,System.String,System.Data.CommandBehavior)">
    <parameter name="command">
      <attribute ctor="M:JetBrains.Annotations.NotNullAttribute.#ctor" />
    </parameter>
    <parameter name="refCursorParameterOrdinals">
      <attribute ctor="M:JetBrains.Annotations.NotNullAttribute.#ctor" />
    </parameter>
  </member>
  <member name="M:System.Data.OracleClient.OracleDataReader.#ctor(System.Data.OracleClient.OracleCommand,System.Data.OracleClient.OciStatementHandle,System.String,System.Data.CommandBehavior)">
    <parameter name="command">
      <attribute ctor="M:JetBrains.Annotations.NotNullAttribute.#ctor" />
    </parameter>
    <parameter name="statementHandle">
      <attribute ctor="M:JetBrains.Annotations.NotNullAttribute.#ctor" />
    </parameter>
  </member>
  <member name="M:System.Data.OracleClient.OracleDataReader.FillSchemaTable(System.Data.DataTable)">
    <parameter name="schemaTable">
      <attribute ctor="M:JetBrains.Annotations.NotNullAttribute.#ctor" />
    </parameter>
  </member>
  <member name="M:System.Data.OracleClient.OracleDataReader.GetBytes(System.Int32,System.Int64,System.Byte[],System.Int32,System.Int32)">
    <parameter name="buffer2">
      <attribute ctor="M:JetBrains.Annotations.NotNullAttribute.#ctor" />
    </parameter>
  </member>
  <member name="M:System.Data.OracleClient.OracleDataReader.GetChars(System.Int32,System.Int64,System.Char[],System.Int32,System.Int32)">
    <parameter name="buffer2">
      <attribute ctor="M:JetBrains.Annotations.NotNullAttribute.#ctor" />
    </parameter>
  </member>
  <member name="M:System.Data.OracleClient.OracleDataReader.GetEnumerator">
    <attribute ctor="M:JetBrains.Annotations.NotNullAttribute.#ctor" />
  </member>
  <member name="M:System.Data.OracleClient.OracleDataReader.GetOracleValues(System.Object[])">
    <parameter name="values">
      <attribute ctor="M:JetBrains.Annotations.NotNullAttribute.#ctor" />
    </parameter>
  </member>
  <member name="M:System.Data.OracleClient.OracleDataReader.GetOrdinal(System.String)">
    <parameter name="name">
      <attribute ctor="M:JetBrains.Annotations.NotNullAttribute.#ctor" />
    </parameter>
  </member>
  <member name="M:System.Data.OracleClient.OracleDataReader.GetProviderSpecificValues(System.Object[])">
    <parameter name="values">
      <attribute ctor="M:JetBrains.Annotations.NotNullAttribute.#ctor" />
    </parameter>
  </member>
  <member name="M:System.Data.OracleClient.OracleDataReader.GetSchemaTable">
    <attribute ctor="M:JetBrains.Annotations.CanBeNullAttribute.#ctor" />
  </member>
  <member name="M:System.Data.OracleClient.OracleDataReader.GetValues(System.Object[])">
    <parameter name="values">
      <attribute ctor="M:JetBrains.Annotations.NotNullAttribute.#ctor" />
    </parameter>
  </member>
  <member name="P:System.Data.OracleClient.OracleDataReader.Item(System.String)">
    <parameter name="name">
      <attribute ctor="M:JetBrains.Annotations.NotNullAttribute.#ctor" />
    </parameter>
  </member>
  <member name="M:System.Data.OracleClient.OracleDateTime.#ctor(System.Int32,System.Int32,System.Int32,System.Globalization.Calendar)">
    <parameter name="calendar">
      <attribute ctor="M:JetBrains.Annotations.NotNullAttribute.#ctor" />
    </parameter>
  </member>
  <member name="M:System.Data.OracleClient.OracleDateTime.#ctor(System.Int32,System.Int32,System.Int32,System.Int32,System.Int32,System.Int32,System.Globalization.Calendar)">
    <parameter name="calendar">
      <attribute ctor="M:JetBrains.Annotations.NotNullAttribute.#ctor" />
    </parameter>
  </member>
  <member name="M:System.Data.OracleClient.OracleDateTime.#ctor(System.Int32,System.Int32,System.Int32,System.Int32,System.Int32,System.Int32,System.Int32,System.Globalization.Calendar)">
    <parameter name="calendar">
      <attribute ctor="M:JetBrains.Annotations.NotNullAttribute.#ctor" />
    </parameter>
  </member>
  <member name="M:System.Data.OracleClient.OracleDateTime.CompareTo(System.Object)">
    <parameter name="obj">
      <attribute ctor="M:JetBrains.Annotations.NotNullAttribute.#ctor" />
    </parameter>
  </member>
  <member name="M:System.Data.OracleClient.OracleDateTime.Equals(System.Object)">
    <parameter name="value">
      <attribute ctor="M:JetBrains.Annotations.CanBeNullAttribute.#ctor" />
    </parameter>
  </member>
  <member name="M:System.Data.OracleClient.OracleException.GetObjectData(System.Runtime.Serialization.SerializationInfo,System.Runtime.Serialization.StreamingContext)">
    <parameter name="si">
      <attribute ctor="M:JetBrains.Annotations.NotNullAttribute.#ctor" />
    </parameter>
  </member>
  <member name="P:System.Data.OracleClient.OracleInfoMessageEventArgs.Message">
    <attribute ctor="M:JetBrains.Annotations.NotNullAttribute.#ctor" />
  </member>
  <member name="M:System.Data.OracleClient.OracleInternalConnection.BeginOracleTransaction(System.Data.IsolationLevel)">
    <attribute ctor="M:JetBrains.Annotations.NotNullAttribute.#ctor" />
  </member>
  <member name="M:System.Data.OracleClient.OracleInternalConnection.BeginTransaction(System.Data.IsolationLevel)">
    <attribute ctor="M:JetBrains.Annotations.NotNullAttribute.#ctor" />
  </member>
  <member name="M:System.Data.OracleClient.OracleLob.Append(System.Data.OracleClient.OracleLob)">
    <parameter name="source">
      <attribute ctor="M:JetBrains.Annotations.NotNullAttribute.#ctor" />
    </parameter>
  </member>
  <member name="M:System.Data.OracleClient.OracleLob.Clone">
    <attribute ctor="M:JetBrains.Annotations.CanBeNullAttribute.#ctor" />
  </member>
  <member name="M:System.Data.OracleClient.OracleLob.CopyTo(System.Data.OracleClient.OracleLob)">
    <parameter name="destination">
      <attribute ctor="M:JetBrains.Annotations.NotNullAttribute.#ctor" />
    </parameter>
  </member>
  <member name="M:System.Data.OracleClient.OracleLob.CopyTo(System.Data.OracleClient.OracleLob,System.Int64)">
    <parameter name="destination">
      <attribute ctor="M:JetBrains.Annotations.NotNullAttribute.#ctor" />
    </parameter>
  </member>
  <member name="M:System.Data.OracleClient.OracleLob.CopyTo(System.Int64,System.Data.OracleClient.OracleLob,System.Int64,System.Int64)">
    <parameter name="destination">
      <attribute ctor="M:JetBrains.Annotations.NotNullAttribute.#ctor" />
    </parameter>
  </member>
  <member name="M:System.Data.OracleClient.OracleLob.Write(System.Byte[],System.Int32,System.Int32)">
    <parameter name="buffer">
      <attribute ctor="M:JetBrains.Annotations.NotNullAttribute.#ctor" />
    </parameter>
  </member>
  <member name="M:System.Data.OracleClient.OracleMonthSpan.CompareTo(System.Object)">
    <parameter name="obj">
      <attribute ctor="M:JetBrains.Annotations.NotNullAttribute.#ctor" />
    </parameter>
  </member>
  <member name="M:System.Data.OracleClient.OracleMonthSpan.Equals(System.Object)">
    <parameter name="value">
      <attribute ctor="M:JetBrains.Annotations.CanBeNullAttribute.#ctor" />
    </parameter>
  </member>
  <member name="M:System.Data.OracleClient.OracleMonthSpan.Parse(System.String)">
    <parameter name="s">
      <attribute ctor="M:JetBrains.Annotations.NotNullAttribute.#ctor" />
    </parameter>
  </member>
  <member name="M:System.Data.OracleClient.OracleNumber.CompareTo(System.Object)">
    <parameter name="obj">
      <attribute ctor="M:JetBrains.Annotations.NotNullAttribute.#ctor" />
    </parameter>
  </member>
  <member name="M:System.Data.OracleClient.OracleNumber.Equals(System.Object)">
    <parameter name="value">
      <attribute ctor="M:JetBrains.Annotations.CanBeNullAttribute.#ctor" />
    </parameter>
  </member>
  <member name="M:System.Data.OracleClient.OracleNumber.Parse(System.String)">
    <parameter name="s">
      <attribute ctor="M:JetBrains.Annotations.NotNullAttribute.#ctor" />
    </parameter>
  </member>
  <member name="M:System.Data.OracleClient.OracleParameter.CopyTo(System.Data.Common.DbParameter)">
    <parameter name="destination">
      <attribute ctor="M:JetBrains.Annotations.NotNullAttribute.#ctor" />
    </parameter>
  </member>
  <member name="M:System.Data.OracleClient.OracleParameterBinding.IsDirection(System.Data.IDataParameter,System.Data.ParameterDirection)">
    <parameter name="value">
      <attribute ctor="M:JetBrains.Annotations.NotNullAttribute.#ctor" />
    </parameter>
  </member>
  <member name="M:System.Data.OracleClient.OracleParameterCollection.Add(System.Object)">
    <parameter name="value">
      <attribute ctor="M:JetBrains.Annotations.NotNullAttribute.#ctor" />
    </parameter>
  </member>
  <member name="M:System.Data.OracleClient.OracleParameterCollection.AddRange(System.Array)">
    <parameter name="values">
      <attribute ctor="M:JetBrains.Annotations.NotNullAttribute.#ctor" />
    </parameter>
  </member>
  <member name="M:System.Data.OracleClient.OracleParameterCollection.GetEnumerator">
    <attribute ctor="M:JetBrains.Annotations.NotNullAttribute.#ctor" />
  </member>
  <member name="M:System.Data.OracleClient.OracleParameterCollection.Insert(System.Int32,System.Object)">
    <parameter name="value">
      <attribute ctor="M:JetBrains.Annotations.NotNullAttribute.#ctor" />
    </parameter>
  </member>
  <member name="M:System.Data.OracleClient.OracleParameterCollection.Remove(System.Object)">
    <parameter name="value">
      <attribute ctor="M:JetBrains.Annotations.NotNullAttribute.#ctor" />
    </parameter>
  </member>
  <member name="M:System.Data.OracleClient.OracleParameterCollection.SetParameter(System.Int32,)">
    <parameter name="value">
      <attribute ctor="M:JetBrains.Annotations.NotNullAttribute.#ctor" />
    </parameter>
  </member>
  <member name="M:System.Data.OracleClient.OracleParameterCollection.SetParameter(System.String,)">
    <parameter name="value">
      <attribute ctor="M:JetBrains.Annotations.NotNullAttribute.#ctor" />
    </parameter>
  </member>
  <member name="P:System.Data.OracleClient.OracleParameterCollection.SyncRoot">
    <attribute ctor="M:JetBrains.Annotations.CanBeNullAttribute.#ctor" />
  </member>
  <member name="M:System.Data.OracleClient.OraclePermission.Add(System.String,System.String,System.Data.KeyRestrictionBehavior)">
    <parameter name="restrictions">
      <attribute ctor="M:JetBrains.Annotations.NotNullAttribute.#ctor" />
    </parameter>
  </member>
  <member name="M:System.Data.OracleClient.OraclePermission.Copy">
    <attribute ctor="M:JetBrains.Annotations.NotNullAttribute.#ctor" />
  </member>
  <member name="M:System.Data.OracleClient.OraclePermissionAttribute.CreatePermission">
    <attribute ctor="M:JetBrains.Annotations.NotNullAttribute.#ctor" />
  </member>
  <member name="M:System.Data.OracleClient.OracleRowUpdatingEventArgs.#ctor(System.Data.DataRow,System.Data.IDbCommand,System.Data.StatementType,System.Data.Common.DataTableMapping)">
    <parameter name="row">
      <attribute ctor="M:JetBrains.Annotations.NotNullAttribute.#ctor" />
    </parameter>
    <parameter name="tableMapping">
      <attribute ctor="M:JetBrains.Annotations.NotNullAttribute.#ctor" />
    </parameter>
  </member>
  <member name="M:System.Data.OracleClient.OracleString.CompareTo(System.Object)">
    <parameter name="obj">
      <attribute ctor="M:JetBrains.Annotations.NotNullAttribute.#ctor" />
    </parameter>
  </member>
  <member name="M:System.Data.OracleClient.OracleString.Equals(System.Object)">
    <parameter name="value">
      <attribute ctor="M:JetBrains.Annotations.CanBeNullAttribute.#ctor" />
    </parameter>
  </member>
  <member name="M:System.Data.OracleClient.OracleTimeSpan.CompareTo(System.Object)">
    <parameter name="obj">
      <attribute ctor="M:JetBrains.Annotations.NotNullAttribute.#ctor" />
    </parameter>
  </member>
  <member name="M:System.Data.OracleClient.OracleTimeSpan.Equals(System.Object)">
    <parameter name="value">
      <attribute ctor="M:JetBrains.Annotations.CanBeNullAttribute.#ctor" />
    </parameter>
  </member>
  <member name="M:System.Data.OracleClient.OracleTransaction.#ctor(System.Data.OracleClient.OracleConnection,System.Data.IsolationLevel)">
    <parameter name="connection">
      <attribute ctor="M:JetBrains.Annotations.NotNullAttribute.#ctor" />
    </parameter>
  </member>
  <member name="M:System.Data.ProviderBase.DbConnectionBusy.OpenConnection(System.Data.Common.DbConnection,System.Data.ProviderBase.DbConnectionFactory)">
    <parameter name="connectionFactory">
      <attribute ctor="M:JetBrains.Annotations.CanBeNullAttribute.#ctor" />
    </parameter>
  </member>
  <member name="M:System.Data.ProviderBase.DbConnectionFactory.CreateConnection(System.Data.Common.DbConnectionOptions,System.Object,System.Data.ProviderBase.DbConnectionPool,System.Data.Common.DbConnection)">
    <attribute ctor="M:JetBrains.Annotations.NotNullAttribute.#ctor" />
  </member>
  <member name="M:System.Data.ProviderBase.DbConnectionFactory.CreateNonPooledConnection(System.Data.Common.DbConnection,System.Data.ProviderBase.DbConnectionPoolGroup)">
    <attribute ctor="M:JetBrains.Annotations.NotNullAttribute.#ctor" />
    <parameter name="poolGroup">
      <attribute ctor="M:JetBrains.Annotations.NotNullAttribute.#ctor" />
    </parameter>
  </member>
  <member name="M:System.Data.ProviderBase.DbConnectionFactory.CreatePooledConnection(System.Data.Common.DbConnection,System.Data.ProviderBase.DbConnectionPool,System.Data.Common.DbConnectionOptions)">
    <attribute ctor="M:JetBrains.Annotations.NotNullAttribute.#ctor" />
    <parameter name="pool">
      <attribute ctor="M:JetBrains.Annotations.NotNullAttribute.#ctor" />
    </parameter>
  </member>
  <member name="M:System.Data.ProviderBase.DbConnectionFactory.GetConnection(System.Data.Common.DbConnection)">
    <attribute ctor="M:JetBrains.Annotations.NotNullAttribute.#ctor" />
  </member>
  <member name="M:System.Data.ProviderBase.DbConnectionPool.CreateObject(System.Data.Common.DbConnection)">
    <attribute ctor="M:JetBrains.Annotations.NotNullAttribute.#ctor" />
  </member>
  <member name="M:System.Data.ProviderBase.DbConnectionPool.GetConnection(System.Data.Common.DbConnection)">
    <attribute ctor="M:JetBrains.Annotations.CanBeNullAttribute.#ctor" />
  </member>
  <member name="M:System.Data.ProviderBase.DbConnectionPool.UserCreateRequest(System.Data.Common.DbConnection)">
    <attribute ctor="M:JetBrains.Annotations.CanBeNullAttribute.#ctor" />
  </member>
</assembly>