﻿<?xml version="1.0" encoding="utf-8"?>
<assembly name="System.Windows.Presentation, Version=3.5.0.0">
  <member name="M:System.AddIn.Pipeline.FrameworkElementAdapters.ContractToViewAdapter(System.AddIn.Contract.INativeHandleContract)">
    <attribute ctor="M:JetBrains.Annotations.CanBeNullAttribute.#ctor" />
  </member>
  <member name="M:System.AddIn.Pipeline.FrameworkElementAdapters.ViewToContractAdapter()">
    <attribute ctor="M:JetBrains.Annotations.CanBeNullAttribute.#ctor" />
  </member>
  <member name="M:System.Windows.Presentation.SR.Get(System.String)">
    <attribute ctor="M:JetBrains.Annotations.CanBeNullAttribute.#ctor" />
    <parameter name="id">
      <attribute ctor="M:JetBrains.Annotations.NotNullAttribute.#ctor" />
    </parameter>
  </member>
  <member name="M:System.Windows.Presentation.SR.Get(System.String,System.Object[])">
    <parameter name="id">
      <attribute ctor="M:JetBrains.Annotations.NotNullAttribute.#ctor" />
    </parameter>
    <attribute ctor="M:JetBrains.Annotations.CanBeNullAttribute.#ctor" />
  </member>
  <member name="M:System.Windows.Threading.DispatcherExtensions.InvokeActionCallback(System.Object)">
    <attribute ctor="M:JetBrains.Annotations.CanBeNullAttribute.#ctor" />
    <parameter name="arg">
      <attribute ctor="M:JetBrains.Annotations.NotNullAttribute.#ctor" />
    </parameter>
  </member>
</assembly>