﻿<?xml version="1.0" encoding="utf-8"?>
<assembly name="System.Windows.Controls.Navigation, Version=2.0.5.0">
  <member name="M:System.Windows.Controls.Frame.CacheSizePropertyChanged(,)">
    <parameter name="depObj">
      <attribute ctor="M:JetBrains.Annotations.NotNullAttribute.#ctor" />
    </parameter>
  </member>
  <member name="M:System.Windows.Controls.Frame.ContentLoaderPropertyChanged(,)">
    <parameter name="depObj">
      <attribute ctor="M:JetBrains.Annotations.NotNullAttribute.#ctor" />
    </parameter>
  </member>
  <member name="M:System.Windows.Controls.Frame.OnCreateAutomationPeer">
    <attribute ctor="M:JetBrains.Annotations.NotNullAttribute.#ctor" />
  </member>
  <member name="P:System.Windows.Controls.Page.NavigationService">
    <attribute ctor="M:JetBrains.Annotations.CanBeNullAttribute.#ctor" />
  </member>
  <member name="M:System.Windows.Navigation.Guard.ArgumentNotNull(System.Object,System.String)">
    <parameter name="arg">
      <attribute ctor="M:JetBrains.Annotations.NotNullAttribute.#ctor" />
    </parameter>
  </member>
  <member name="M:System.Windows.Navigation.Journal.AddHistoryPoint(System.Windows.Navigation.JournalEntry)">
    <parameter name="journalEntry">
      <attribute ctor="M:JetBrains.Annotations.NotNullAttribute.#ctor" />
    </parameter>
  </member>
  <member name="M:System.Windows.Navigation.Journal.OnNavigated(System.String,,)">
    <parameter name="uri">
      <attribute ctor="M:JetBrains.Annotations.NotNullAttribute.#ctor" />
    </parameter>
  </member>
  <member name="M:System.Windows.Navigation.Journal.UpdateNavigationState(System.Windows.Navigation.JournalEntry)">
    <parameter name="journalEntry">
      <attribute ctor="M:JetBrains.Annotations.NotNullAttribute.#ctor" />
    </parameter>
  </member>
  <member name="M:System.Windows.Navigation.Journal.UpdateObservables(System.Windows.Navigation.JournalEntry,)">
    <parameter name="currentEntry">
      <attribute ctor="M:JetBrains.Annotations.NotNullAttribute.#ctor" />
    </parameter>
  </member>
  <member name="M:System.Windows.Navigation.JournalEntry.#ctor(System.String,)">
    <parameter name="uri">
      <attribute ctor="M:JetBrains.Annotations.NotNullAttribute.#ctor" />
    </parameter>
  </member>
  <member name="M:System.Windows.Navigation.JournalEntry.GetName()">
    <parameter name="obj">
      <attribute ctor="M:JetBrains.Annotations.NotNullAttribute.#ctor" />
    </parameter>
  </member>
  <member name="M:System.Windows.Navigation.JournalEntry.GetNavigationContext()">
    <parameter name="obj">
      <attribute ctor="M:JetBrains.Annotations.NotNullAttribute.#ctor" />
    </parameter>
  </member>
  <member name="M:System.Windows.Navigation.JournalEntry.SetName(,System.String)">
    <parameter name="obj">
      <attribute ctor="M:JetBrains.Annotations.NotNullAttribute.#ctor" />
    </parameter>
  </member>
  <member name="M:System.Windows.Navigation.JournalEntry.SetNavigationContext(,System.Windows.Navigation.NavigationContext)">
    <parameter name="obj">
      <attribute ctor="M:JetBrains.Annotations.NotNullAttribute.#ctor" />
    </parameter>
  </member>
  <member name="M:System.Windows.Navigation.JournalEventArgs.#ctor(System.String,,)">
    <parameter name="uri">
      <attribute ctor="M:JetBrains.Annotations.NotNullAttribute.#ctor" />
    </parameter>
  </member>
  <member name="M:System.Windows.Navigation.NavigationCache.AddToCache(System.String,System.Windows.Controls.Page)">
    <parameter name="uri">
      <attribute ctor="M:JetBrains.Annotations.NotNullAttribute.#ctor" />
    </parameter>
  </member>
  <member name="M:System.Windows.Navigation.NavigationCache.Contains(System.String)">
    <parameter name="uri">
      <attribute ctor="M:JetBrains.Annotations.NotNullAttribute.#ctor" />
    </parameter>
  </member>
  <member name="M:System.Windows.Navigation.NavigationCache.GetNavigationCacheMode()">
    <parameter name="depObj">
      <attribute ctor="M:JetBrains.Annotations.NotNullAttribute.#ctor" />
    </parameter>
  </member>
  <member name="P:System.Windows.Navigation.NavigationCache.Item(System.String)">
    <parameter name="uri">
      <attribute ctor="M:JetBrains.Annotations.NotNullAttribute.#ctor" />
    </parameter>
  </member>
  <member name="M:System.Windows.Navigation.NavigationCache.RemoveFromCache(System.String)">
    <parameter name="uri">
      <attribute ctor="M:JetBrains.Annotations.NotNullAttribute.#ctor" />
    </parameter>
  </member>
  <member name="M:System.Windows.Navigation.NavigationCache.SetNavigationCacheMode(,System.Windows.Navigation.NavigationCacheMode)">
    <parameter name="depObj">
      <attribute ctor="M:JetBrains.Annotations.NotNullAttribute.#ctor" />
    </parameter>
  </member>
  <member name="M:System.Windows.Navigation.NavigationService.#ctor(System.Windows.Controls.Frame)">
    <parameter name="nav">
      <attribute ctor="M:JetBrains.Annotations.NotNullAttribute.#ctor" />
    </parameter>
  </member>
  <member name="M:System.Windows.Navigation.NavigationService.ContentLoader_BeginLoad_Callback(System.IAsyncResult)">
    <parameter name="result">
      <attribute ctor="M:JetBrains.Annotations.NotNullAttribute.#ctor" />
    </parameter>
  </member>
  <member name="M:System.Windows.Navigation.NavigationService.GetNavigationService()">
    <attribute ctor="M:JetBrains.Annotations.CanBeNullAttribute.#ctor" />
    <parameter name="dependencyObject">
      <attribute ctor="M:JetBrains.Annotations.NotNullAttribute.#ctor" />
    </parameter>
  </member>
  <member name="M:System.Windows.Navigation.NavigationService.Journal_Navigated(System.Object,System.Windows.Navigation.JournalEventArgs)">
    <parameter name="args">
      <attribute ctor="M:JetBrains.Annotations.NotNullAttribute.#ctor" />
    </parameter>
  </member>
  <member name="M:System.Windows.Navigation.PageResourceContentLoader.BeginLoad(,,System.AsyncCallback,System.Object)">
    <attribute ctor="M:JetBrains.Annotations.NotNullAttribute.#ctor" />
  </member>
  <member name="M:System.Windows.Navigation.PageResourceContentLoader.BeginLoad_OnUIThread(System.AsyncCallback,System.Windows.Navigation.PageResourceContentLoader.PageResourceContentLoaderAsyncResult)">
    <parameter name="userCallback">
      <attribute ctor="M:JetBrains.Annotations.NotNullAttribute.#ctor" />
    </parameter>
    <parameter name="result">
      <attribute ctor="M:JetBrains.Annotations.NotNullAttribute.#ctor" />
    </parameter>
  </member>
  <member name="M:System.Windows.Navigation.PageResourceContentLoader.EndLoad(System.IAsyncResult)">
    <parameter name="asyncResult">
      <attribute ctor="M:JetBrains.Annotations.NotNullAttribute.#ctor" />
    </parameter>
    <attribute ctor="M:JetBrains.Annotations.NotNullAttribute.#ctor" />
  </member>
  <member name="M:System.Windows.Navigation.PageResourceContentLoader.GetEntryPointAssemblyPartSource">
    <attribute ctor="M:JetBrains.Annotations.NotNullAttribute.#ctor" />
  </member>
  <member name="M:System.Windows.Navigation.PageResourceContentLoader.GetLocalXaml(System.String)">
    <attribute ctor="M:JetBrains.Annotations.CanBeNullAttribute.#ctor" />
    <parameter name="pagePathAndName">
      <attribute ctor="M:JetBrains.Annotations.NotNullAttribute.#ctor" />
    </parameter>
  </member>
  <member name="M:System.Windows.Navigation.PageResourceContentLoader.GetTypeFromAnyLoadedAssembly(System.String)">
    <attribute ctor="M:JetBrains.Annotations.CanBeNullAttribute.#ctor" />
  </member>
  <member name="P:System.Windows.Navigation.PageResourceContentLoader.PageResourceContentLoaderAsyncResult.AsyncWaitHandle">
    <attribute ctor="M:JetBrains.Annotations.CanBeNullAttribute.#ctor" />
  </member>
  <member name="P:System.Windows.Navigation.Resource.CannotGoBack">
    <attribute ctor="M:JetBrains.Annotations.CanBeNullAttribute.#ctor" />
  </member>
  <member name="P:System.Windows.Navigation.Resource.CannotGoForward">
    <attribute ctor="M:JetBrains.Annotations.CanBeNullAttribute.#ctor" />
  </member>
  <member name="P:System.Windows.Navigation.Resource.Frame_CacheSizeMustBeGreaterThanOrEqualToZero">
    <attribute ctor="M:JetBrains.Annotations.CanBeNullAttribute.#ctor" />
  </member>
  <member name="P:System.Windows.Navigation.Resource.Frame_CannotSetLoaderWhenLoading">
    <attribute ctor="M:JetBrains.Annotations.CanBeNullAttribute.#ctor" />
  </member>
  <member name="P:System.Windows.Navigation.Resource.Frame_DefaultContent">
    <attribute ctor="M:JetBrains.Annotations.CanBeNullAttribute.#ctor" />
  </member>
  <member name="P:System.Windows.Navigation.Resource.NavigationService_CannotLoadUri">
    <attribute ctor="M:JetBrains.Annotations.CanBeNullAttribute.#ctor" />
  </member>
  <member name="P:System.Windows.Navigation.Resource.NavigationService_ContentIsNotAUserControl">
    <attribute ctor="M:JetBrains.Annotations.CanBeNullAttribute.#ctor" />
  </member>
  <member name="P:System.Windows.Navigation.Resource.NavigationService_FragmentNavigationRequiresContent">
    <attribute ctor="M:JetBrains.Annotations.CanBeNullAttribute.#ctor" />
  </member>
  <member name="P:System.Windows.Navigation.Resource.NavigationService_InvalidLoadResult">
    <attribute ctor="M:JetBrains.Annotations.CanBeNullAttribute.#ctor" />
  </member>
  <member name="P:System.Windows.Navigation.Resource.NavigationService_JournalOwnership_UsesParentJournal_OnlyTopLevel">
    <attribute ctor="M:JetBrains.Annotations.CanBeNullAttribute.#ctor" />
  </member>
  <member name="P:System.Windows.Navigation.Resource.NavigationService_NavigationToANullUriIsNotSupported">
    <attribute ctor="M:JetBrains.Annotations.CanBeNullAttribute.#ctor" />
  </member>
  <member name="P:System.Windows.Navigation.Resource.PageResourceContentLoader_InvalidComponentSyntax">
    <attribute ctor="M:JetBrains.Annotations.CanBeNullAttribute.#ctor" />
  </member>
  <member name="P:System.Windows.Navigation.Resource.PageResourceContentLoader_NoXAMLWasFound">
    <attribute ctor="M:JetBrains.Annotations.CanBeNullAttribute.#ctor" />
  </member>
  <member name="P:System.Windows.Navigation.Resource.PageResourceContentLoader_TheTypeSpecifiedInTheXClassCouldNotBeFound">
    <attribute ctor="M:JetBrains.Annotations.CanBeNullAttribute.#ctor" />
  </member>
  <member name="P:System.Windows.Navigation.Resource.PageResourceContentLoader_WrongIAsyncResult">
    <attribute ctor="M:JetBrains.Annotations.CanBeNullAttribute.#ctor" />
  </member>
  <member name="P:System.Windows.Navigation.Resource.PageResourceContentLoader_XAMLWasUnloadable">
    <attribute ctor="M:JetBrains.Annotations.CanBeNullAttribute.#ctor" />
  </member>
  <member name="P:System.Windows.Navigation.Resource.UnderlyingPropertyIsReadOnly">
    <attribute ctor="M:JetBrains.Annotations.CanBeNullAttribute.#ctor" />
  </member>
  <member name="P:System.Windows.Navigation.Resource.UriMapper_MustNotHaveANullUriMappingCollection">
    <attribute ctor="M:JetBrains.Annotations.CanBeNullAttribute.#ctor" />
  </member>
  <member name="P:System.Windows.Navigation.Resource.UriMapping_MappedUriCannotBeOnlyFragment">
    <attribute ctor="M:JetBrains.Annotations.CanBeNullAttribute.#ctor" />
  </member>
  <member name="P:System.Windows.Navigation.Resource.UriMapping_MappedUriCannotBeOnlyQueryString">
    <attribute ctor="M:JetBrains.Annotations.CanBeNullAttribute.#ctor" />
  </member>
  <member name="P:System.Windows.Navigation.Resource.UriMapping_TemplateMustBeSpecified">
    <attribute ctor="M:JetBrains.Annotations.CanBeNullAttribute.#ctor" />
  </member>
  <member name="P:System.Windows.Navigation.Resource.UriMapping_UriTemplateCannotContainTheSameIdentifierMoreThanOnce">
    <attribute ctor="M:JetBrains.Annotations.CanBeNullAttribute.#ctor" />
  </member>
  <member name="P:System.Windows.Navigation.Resource.UriMapping_UriTemplateCannotHaveAFragment">
    <attribute ctor="M:JetBrains.Annotations.CanBeNullAttribute.#ctor" />
  </member>
  <member name="P:System.Windows.Navigation.Resource.UriMapping_UriTemplateCannotHaveAQueryString">
    <attribute ctor="M:JetBrains.Annotations.CanBeNullAttribute.#ctor" />
  </member>
  <member name="M:System.Windows.Navigation.UriMapperBase.MapUri()">
    <parameter name="uri">
      <attribute ctor="M:JetBrains.Annotations.NotNullAttribute.#ctor" />
    </parameter>
    <attribute ctor="M:JetBrains.Annotations.NotNullAttribute.#ctor" />
  </member>
  <member name="M:System.Windows.Navigation.UriMapping.MapUri()">
    <attribute ctor="M:JetBrains.Annotations.CanBeNullAttribute.#ctor" />
  </member>
  <member name="M:System.Windows.Navigation.UriParsingHelper.InternalUriCreateWithQueryStringValues(System.String,System.Collections.Generic.IDictionary{System.String,System.String},System.String)">
    <attribute ctor="M:JetBrains.Annotations.NotNullAttribute.#ctor" />
    <parameter name="queryStringValues">
      <attribute ctor="M:JetBrains.Annotations.NotNullAttribute.#ctor" />
    </parameter>
  </member>
  <member name="M:System.Windows.Navigation.UriParsingHelper.InternalUriFromExternalValue(System.String)">
    <parameter name="externalVal">
      <attribute ctor="M:JetBrains.Annotations.NotNullAttribute.#ctor" />
    </parameter>
  </member>
  <member name="M:System.Windows.Navigation.UriParsingHelper.InternalUriMerge(,)">
    <parameter name="newUri">
      <attribute ctor="M:JetBrains.Annotations.NotNullAttribute.#ctor" />
    </parameter>
    <attribute ctor="M:JetBrains.Annotations.NotNullAttribute.#ctor" />
  </member>
  <member name="M:System.Windows.Navigation.UriParsingHelper.InternalUriParseQueryStringToDictionary(,System.Boolean)">
    <attribute ctor="M:JetBrains.Annotations.NotNullAttribute.#ctor" />
  </member>
  <member name="M:System.Windows.Navigation.UriParsingHelper.MakeAbsolute()">
    <attribute ctor="M:JetBrains.Annotations.NotNullAttribute.#ctor" />
  </member>
  <member name="M:System.Windows.Navigation.UriParsingHelper.MakeAbsolute(System.String)">
    <attribute ctor="M:JetBrains.Annotations.NotNullAttribute.#ctor" />
  </member>
</assembly>