﻿<?xml version="1.0" encoding="utf-8"?>
<assembly name="Telerik.Windows.Controls.GridView">
  <member name="T:Telerik.Windows.Controls.GridView.BaseItemsControl">
    <attribute ctor="M:JetBrains.Annotations.XamlItemsControlAttribute.#ctor" />
  </member>
  <member name="P:Telerik.Windows.Controls.GridViewBoundColumnBase.IsReadOnlyBinding">
    <attribute ctor="M:JetBrains.Annotations.XamlItemBindingOfItemsControlAttribute.#ctor" />
  </member>
  <member name="P:Telerik.Windows.Controls.GridViewBoundColumnBase.DataMemberBinding">
    <attribute ctor="M:JetBrains.Annotations.XamlItemBindingOfItemsControlAttribute.#ctor" />
  </member>
  <member name="P:Telerik.Windows.Controls.GridViewComboBoxColumn.ItemSourceBinding">
    <attribute ctor="M:JetBrains.Annotations.XamlItemBindingOfItemsControlAttribute.#ctor" />
  </member>
  <member name="P:Telerik.Windows.Controls.GridViewHyperlinkColumn.ContentBinding">
    <attribute ctor="M:JetBrains.Annotations.XamlItemBindingOfItemsControlAttribute.#ctor" />
  </member>
</assembly>