﻿<?xml version="1.0" encoding="utf-8"?>
<assembly name="System.Xml.Linq, Version=2.0.5.0">
  <member name="M:System.Xml.Linq.ElementWriter.GetPrefixOfNamespace(System.Xml.Linq.XNamespace,System.Boolean)">
    <attribute ctor="M:JetBrains.Annotations.CanBeNullAttribute.#ctor" />
    <parameter name="ns">
      <attribute ctor="M:JetBrains.Annotations.NotNullAttribute.#ctor" />
    </parameter>
  </member>
  <member name="M:System.Xml.Linq.ElementWriter.PushAncestors(System.Xml.Linq.XElement)">
    <parameter name="e">
      <attribute ctor="M:JetBrains.Annotations.NotNullAttribute.#ctor" />
    </parameter>
  </member>
  <member name="M:System.Xml.Linq.ElementWriter.PushElement(System.Xml.Linq.XElement)">
    <parameter name="e">
      <attribute ctor="M:JetBrains.Annotations.NotNullAttribute.#ctor" />
    </parameter>
  </member>
  <member name="M:System.Xml.Linq.ElementWriter.WriteElement(System.Xml.Linq.XElement)">
    <parameter name="e">
      <attribute ctor="M:JetBrains.Annotations.NotNullAttribute.#ctor" />
    </parameter>
  </member>
  <member name="M:System.Xml.Linq.ElementWriter.WriteStartElement(System.Xml.Linq.XElement)">
    <parameter name="e">
      <attribute ctor="M:JetBrains.Annotations.NotNullAttribute.#ctor" />
    </parameter>
  </member>
  <member name="M:System.Xml.Linq.Extensions.Ancestors``1(System.Collections.Generic.IEnumerable{``0})">
    <parameter name="source">
      <attribute ctor="M:JetBrains.Annotations.NotNullAttribute.#ctor" />
    </parameter>
  </member>
  <member name="M:System.Xml.Linq.Extensions.Ancestors``1(System.Collections.Generic.IEnumerable{``0},System.Xml.Linq.XName)">
    <parameter name="source">
      <attribute ctor="M:JetBrains.Annotations.NotNullAttribute.#ctor" />
    </parameter>
  </member>
  <member name="M:System.Xml.Linq.Extensions.AncestorsAndSelf(System.Collections.Generic.IEnumerable{System.Xml.Linq.XElement})">
    <parameter name="source">
      <attribute ctor="M:JetBrains.Annotations.NotNullAttribute.#ctor" />
    </parameter>
  </member>
  <member name="M:System.Xml.Linq.Extensions.AncestorsAndSelf(System.Collections.Generic.IEnumerable{System.Xml.Linq.XElement},System.Xml.Linq.XName)">
    <parameter name="source">
      <attribute ctor="M:JetBrains.Annotations.NotNullAttribute.#ctor" />
    </parameter>
  </member>
  <member name="M:System.Xml.Linq.Extensions.Attributes(System.Collections.Generic.IEnumerable{System.Xml.Linq.XElement})">
    <parameter name="source">
      <attribute ctor="M:JetBrains.Annotations.NotNullAttribute.#ctor" />
    </parameter>
  </member>
  <member name="M:System.Xml.Linq.Extensions.Attributes(System.Collections.Generic.IEnumerable{System.Xml.Linq.XElement},System.Xml.Linq.XName)">
    <parameter name="source">
      <attribute ctor="M:JetBrains.Annotations.NotNullAttribute.#ctor" />
    </parameter>
  </member>
  <member name="M:System.Xml.Linq.Extensions.DescendantNodes``1(System.Collections.Generic.IEnumerable{``0})">
    <parameter name="source">
      <attribute ctor="M:JetBrains.Annotations.NotNullAttribute.#ctor" />
    </parameter>
  </member>
  <member name="M:System.Xml.Linq.Extensions.DescendantNodesAndSelf(System.Collections.Generic.IEnumerable{System.Xml.Linq.XElement})">
    <parameter name="source">
      <attribute ctor="M:JetBrains.Annotations.NotNullAttribute.#ctor" />
    </parameter>
  </member>
  <member name="M:System.Xml.Linq.Extensions.Descendants``1(System.Collections.Generic.IEnumerable{``0})">
    <parameter name="source">
      <attribute ctor="M:JetBrains.Annotations.NotNullAttribute.#ctor" />
    </parameter>
  </member>
  <member name="M:System.Xml.Linq.Extensions.Descendants``1(System.Collections.Generic.IEnumerable{``0},System.Xml.Linq.XName)">
    <parameter name="source">
      <attribute ctor="M:JetBrains.Annotations.NotNullAttribute.#ctor" />
    </parameter>
  </member>
  <member name="M:System.Xml.Linq.Extensions.DescendantsAndSelf(System.Collections.Generic.IEnumerable{System.Xml.Linq.XElement})">
    <parameter name="source">
      <attribute ctor="M:JetBrains.Annotations.NotNullAttribute.#ctor" />
    </parameter>
  </member>
  <member name="M:System.Xml.Linq.Extensions.DescendantsAndSelf(System.Collections.Generic.IEnumerable{System.Xml.Linq.XElement},System.Xml.Linq.XName)">
    <parameter name="source">
      <attribute ctor="M:JetBrains.Annotations.NotNullAttribute.#ctor" />
    </parameter>
  </member>
  <member name="M:System.Xml.Linq.Extensions.Elements``1(System.Collections.Generic.IEnumerable{``0})">
    <parameter name="source">
      <attribute ctor="M:JetBrains.Annotations.NotNullAttribute.#ctor" />
    </parameter>
  </member>
  <member name="M:System.Xml.Linq.Extensions.Elements``1(System.Collections.Generic.IEnumerable{``0},System.Xml.Linq.XName)">
    <parameter name="source">
      <attribute ctor="M:JetBrains.Annotations.NotNullAttribute.#ctor" />
    </parameter>
  </member>
  <member name="M:System.Xml.Linq.Extensions.Remove(System.Collections.Generic.IEnumerable{System.Xml.Linq.XAttribute})">
    <parameter name="source">
      <attribute ctor="M:JetBrains.Annotations.NotNullAttribute.#ctor" />
    </parameter>
  </member>
  <member name="M:System.Xml.Linq.Extensions.Remove``1(System.Collections.Generic.IEnumerable{``0})">
    <parameter name="source">
      <attribute ctor="M:JetBrains.Annotations.NotNullAttribute.#ctor" />
    </parameter>
  </member>
  <member name="M:System.Xml.Linq.Inserter.AddNode(System.Xml.Linq.XNode)">
    <parameter name="n">
      <attribute ctor="M:JetBrains.Annotations.NotNullAttribute.#ctor" />
    </parameter>
  </member>
  <member name="M:System.Xml.Linq.Inserter.AddString(System.String)">
    <parameter name="s">
      <attribute ctor="M:JetBrains.Annotations.NotNullAttribute.#ctor" />
    </parameter>
  </member>
  <member name="M:System.Xml.Linq.Inserter.InsertNode(System.Xml.Linq.XNode)">
    <parameter name="n">
      <attribute ctor="M:JetBrains.Annotations.NotNullAttribute.#ctor" />
    </parameter>
  </member>
  <member name="M:System.Xml.Linq.NamespaceCache.Get(System.String)">
    <parameter name="namespaceName">
      <attribute ctor="M:JetBrains.Annotations.NotNullAttribute.#ctor" />
    </parameter>
  </member>
  <member name="P:System.Xml.Linq.Res.Culture">
    <attribute ctor="M:JetBrains.Annotations.CanBeNullAttribute.#ctor" />
  </member>
  <member name="M:System.Xml.Linq.Res.GetObject(System.String)">
    <attribute ctor="M:JetBrains.Annotations.CanBeNullAttribute.#ctor" />
    <parameter name="name">
      <attribute ctor="M:JetBrains.Annotations.NotNullAttribute.#ctor" />
    </parameter>
  </member>
  <member name="M:System.Xml.Linq.Res.GetString(System.String)">
    <attribute ctor="M:JetBrains.Annotations.CanBeNullAttribute.#ctor" />
    <parameter name="name">
      <attribute ctor="M:JetBrains.Annotations.NotNullAttribute.#ctor" />
    </parameter>
  </member>
  <member name="M:System.Xml.Linq.Res.GetString(System.String,System.Boolean@)">
    <parameter name="name">
      <attribute ctor="M:JetBrains.Annotations.NotNullAttribute.#ctor" />
    </parameter>
    <attribute ctor="M:JetBrains.Annotations.CanBeNullAttribute.#ctor" />
  </member>
  <member name="M:System.Xml.Linq.Res.GetString(System.String,System.Object[])">
    <attribute ctor="M:JetBrains.Annotations.CanBeNullAttribute.#ctor" />
    <parameter name="name">
      <attribute ctor="M:JetBrains.Annotations.NotNullAttribute.#ctor" />
    </parameter>
  </member>
  <member name="M:System.Xml.Linq.ResCategoryAttribute.GetLocalizedString(System.String)">
    <attribute ctor="M:JetBrains.Annotations.CanBeNullAttribute.#ctor" />
    <parameter name="value">
      <attribute ctor="M:JetBrains.Annotations.NotNullAttribute.#ctor" />
    </parameter>
  </member>
  <member name="M:System.Xml.Linq.StreamingElementWriter.GetPrefixOfNamespace(System.Xml.Linq.XNamespace,System.Boolean)">
    <attribute ctor="M:JetBrains.Annotations.CanBeNullAttribute.#ctor" />
    <parameter name="ns">
      <attribute ctor="M:JetBrains.Annotations.NotNullAttribute.#ctor" />
    </parameter>
  </member>
  <member name="M:System.Xml.Linq.StreamingElementWriter.WriteNode(System.Xml.Linq.XNode)">
    <parameter name="n">
      <attribute ctor="M:JetBrains.Annotations.NotNullAttribute.#ctor" />
    </parameter>
  </member>
  <member name="M:System.Xml.Linq.StreamingElementWriter.WriteStreamingElement(System.Xml.Linq.XStreamingElement)">
    <parameter name="e">
      <attribute ctor="M:JetBrains.Annotations.NotNullAttribute.#ctor" />
    </parameter>
  </member>
  <member name="M:System.Xml.Linq.XAttribute.GetPrefixOfNamespace(System.Xml.Linq.XNamespace)">
    <parameter name="ns">
      <attribute ctor="M:JetBrains.Annotations.NotNullAttribute.#ctor" />
    </parameter>
  </member>
  <member name="P:System.Xml.Linq.XAttribute.PreviousAttribute">
    <attribute ctor="M:JetBrains.Annotations.CanBeNullAttribute.#ctor" />
  </member>
  <member name="M:System.Xml.Linq.XAttribute.ValidateAttribute(System.Xml.Linq.XName,System.String)">
    <parameter name="name">
      <attribute ctor="M:JetBrains.Annotations.NotNullAttribute.#ctor" />
    </parameter>
    <parameter name="value">
      <attribute ctor="M:JetBrains.Annotations.NotNullAttribute.#ctor" />
    </parameter>
  </member>
  <member name="M:System.Xml.Linq.XCData.#ctor(System.String)">
    <parameter name="value">
      <attribute ctor="M:JetBrains.Annotations.NotNullAttribute.#ctor" />
    </parameter>
  </member>
  <member name="M:System.Xml.Linq.XCData.#ctor(System.Xml.Linq.XCData)">
    <parameter name="other">
      <attribute ctor="M:JetBrains.Annotations.NotNullAttribute.#ctor" />
    </parameter>
  </member>
  <member name="M:System.Xml.Linq.XComment.#ctor(System.String)">
    <parameter name="value">
      <attribute ctor="M:JetBrains.Annotations.NotNullAttribute.#ctor" />
    </parameter>
  </member>
  <member name="M:System.Xml.Linq.XComment.#ctor(System.Xml.Linq.XComment)">
    <parameter name="other">
      <attribute ctor="M:JetBrains.Annotations.NotNullAttribute.#ctor" />
    </parameter>
  </member>
  <member name="M:System.Xml.Linq.XContainer.#ctor(System.Xml.Linq.XContainer)">
    <parameter name="other">
      <attribute ctor="M:JetBrains.Annotations.NotNullAttribute.#ctor" />
    </parameter>
  </member>
  <member name="M:System.Xml.Linq.XContainer.AddAttribute(System.Xml.Linq.XAttribute)">
    <parameter name="a">
      <attribute ctor="M:JetBrains.Annotations.NotNullAttribute.#ctor" />
    </parameter>
  </member>
  <member name="M:System.Xml.Linq.XContainer.AddAttributeSkipNotify(System.Xml.Linq.XAttribute)">
    <parameter name="a">
      <attribute ctor="M:JetBrains.Annotations.NotNullAttribute.#ctor" />
    </parameter>
  </member>
  <member name="M:System.Xml.Linq.XContainer.AddContentToList(System.Collections.Generic.List{System.Object},System.Object)">
    <parameter name="list">
      <attribute ctor="M:JetBrains.Annotations.NotNullAttribute.#ctor" />
    </parameter>
  </member>
  <member name="M:System.Xml.Linq.XContainer.AddNode(System.Xml.Linq.XNode)">
    <parameter name="n">
      <attribute ctor="M:JetBrains.Annotations.NotNullAttribute.#ctor" />
    </parameter>
  </member>
  <member name="M:System.Xml.Linq.XContainer.AddNodeSkipNotify(System.Xml.Linq.XNode)">
    <parameter name="n">
      <attribute ctor="M:JetBrains.Annotations.NotNullAttribute.#ctor" />
    </parameter>
  </member>
  <member name="M:System.Xml.Linq.XContainer.AddString(System.String)">
    <parameter name="s">
      <attribute ctor="M:JetBrains.Annotations.NotNullAttribute.#ctor" />
    </parameter>
  </member>
  <member name="M:System.Xml.Linq.XContainer.AddStringSkipNotify(System.String)">
    <parameter name="s">
      <attribute ctor="M:JetBrains.Annotations.NotNullAttribute.#ctor" />
    </parameter>
  </member>
  <member name="M:System.Xml.Linq.XContainer.AppendNode(System.Xml.Linq.XNode)">
    <parameter name="n">
      <attribute ctor="M:JetBrains.Annotations.NotNullAttribute.#ctor" />
    </parameter>
  </member>
  <member name="M:System.Xml.Linq.XContainer.AppendNodeSkipNotify(System.Xml.Linq.XNode)">
    <parameter name="n">
      <attribute ctor="M:JetBrains.Annotations.NotNullAttribute.#ctor" />
    </parameter>
  </member>
  <member name="M:System.Xml.Linq.XContainer.ContentsEqual(System.Xml.Linq.XContainer)">
    <parameter name="e">
      <attribute ctor="M:JetBrains.Annotations.NotNullAttribute.#ctor" />
    </parameter>
  </member>
  <member name="M:System.Xml.Linq.XContainer.Element(System.Xml.Linq.XName)">
    <attribute ctor="M:JetBrains.Annotations.CanBeNullAttribute.#ctor" />
  </member>
  <member name="M:System.Xml.Linq.XContainer.GetContentSnapshot(System.Object)">
    <attribute ctor="M:JetBrains.Annotations.CanBeNullAttribute.#ctor" />
  </member>
  <member name="M:System.Xml.Linq.XContainer.GetStringValue(System.Object)">
    <attribute ctor="M:JetBrains.Annotations.NotNullAttribute.#ctor" />
  </member>
  <member name="M:System.Xml.Linq.XContainer.RemoveNode(System.Xml.Linq.XNode)">
    <parameter name="n">
      <attribute ctor="M:JetBrains.Annotations.NotNullAttribute.#ctor" />
    </parameter>
  </member>
  <member name="M:System.Xml.Linq.XContainer.ValidateNode(System.Xml.Linq.XNode,System.Xml.Linq.XNode)">
    <parameter name="node">
      <attribute ctor="M:JetBrains.Annotations.NotNullAttribute.#ctor" />
    </parameter>
  </member>
  <member name="M:System.Xml.Linq.XContainer.ValidateString(System.String)">
    <parameter name="s">
      <attribute ctor="M:JetBrains.Annotations.NotNullAttribute.#ctor" />
    </parameter>
  </member>
  <member name="M:System.Xml.Linq.XContainer.WriteContentTo()">
    <parameter name="writer">
      <attribute ctor="M:JetBrains.Annotations.NotNullAttribute.#ctor" />
    </parameter>
  </member>
  <member name="M:System.Xml.Linq.XDocument.AddAttribute(System.Xml.Linq.XAttribute)">
    <parameter name="a">
      <attribute ctor="M:JetBrains.Annotations.CanBeNullAttribute.#ctor" />
    </parameter>
  </member>
  <member name="M:System.Xml.Linq.XDocument.AddAttributeSkipNotify(System.Xml.Linq.XAttribute)">
    <parameter name="a">
      <attribute ctor="M:JetBrains.Annotations.CanBeNullAttribute.#ctor" />
    </parameter>
  </member>
  <member name="P:System.Xml.Linq.XDocument.DocumentType">
    <attribute ctor="M:JetBrains.Annotations.CanBeNullAttribute.#ctor" />
  </member>
  <member name="M:System.Xml.Linq.XDocument.GetFirstNode``1">
    <attribute ctor="M:JetBrains.Annotations.CanBeNullAttribute.#ctor" />
  </member>
  <member name="M:System.Xml.Linq.XDocument.IsWhitespace(System.String)">
    <parameter name="s">
      <attribute ctor="M:JetBrains.Annotations.NotNullAttribute.#ctor" />
    </parameter>
  </member>
  <member name="M:System.Xml.Linq.XDocument.Load()">
    <attribute ctor="M:JetBrains.Annotations.NotNullAttribute.#ctor" />
    <parameter name="reader">
      <attribute ctor="M:JetBrains.Annotations.NotNullAttribute.#ctor" />
    </parameter>
  </member>
  <member name="M:System.Xml.Linq.XDocument.Load(,System.Xml.Linq.LoadOptions)">
    <attribute ctor="M:JetBrains.Annotations.NotNullAttribute.#ctor" />
    <parameter name="reader">
      <attribute ctor="M:JetBrains.Annotations.NotNullAttribute.#ctor" />
    </parameter>
  </member>
  <member name="M:System.Xml.Linq.XDocument.Load(System.IO.Stream)">
    <attribute ctor="M:JetBrains.Annotations.NotNullAttribute.#ctor" />
  </member>
  <member name="M:System.Xml.Linq.XDocument.Load(System.IO.Stream,System.Xml.Linq.LoadOptions)">
    <attribute ctor="M:JetBrains.Annotations.NotNullAttribute.#ctor" />
  </member>
  <member name="P:System.Xml.Linq.XDocument.Root">
    <attribute ctor="M:JetBrains.Annotations.CanBeNullAttribute.#ctor" />
  </member>
  <member name="M:System.Xml.Linq.XDocument.Save()">
    <parameter name="writer">
      <attribute ctor="M:JetBrains.Annotations.NotNullAttribute.#ctor" />
    </parameter>
  </member>
  <member name="M:System.Xml.Linq.XElement.#GetSchema">
    <attribute ctor="M:JetBrains.Annotations.CanBeNullAttribute.#ctor" />
  </member>
  <member name="M:System.Xml.Linq.XElement.#ReadXml()">
    <parameter name="reader">
      <attribute ctor="M:JetBrains.Annotations.NotNullAttribute.#ctor" />
    </parameter>
  </member>
  <member name="M:System.Xml.Linq.XElement.#WriteXml()">
    <parameter name="writer">
      <attribute ctor="M:JetBrains.Annotations.NotNullAttribute.#ctor" />
    </parameter>
  </member>
  <member name="M:System.Xml.Linq.XElement.AppendAttribute(System.Xml.Linq.XAttribute)">
    <parameter name="a">
      <attribute ctor="M:JetBrains.Annotations.NotNullAttribute.#ctor" />
    </parameter>
  </member>
  <member name="M:System.Xml.Linq.XElement.AppendAttributeSkipNotify(System.Xml.Linq.XAttribute)">
    <parameter name="a">
      <attribute ctor="M:JetBrains.Annotations.NotNullAttribute.#ctor" />
    </parameter>
  </member>
  <member name="M:System.Xml.Linq.XElement.Attribute(System.Xml.Linq.XName)">
    <attribute ctor="M:JetBrains.Annotations.CanBeNullAttribute.#ctor" />
  </member>
  <member name="M:System.Xml.Linq.XElement.AttributesEqual(System.Xml.Linq.XElement)">
    <parameter name="e">
      <attribute ctor="M:JetBrains.Annotations.NotNullAttribute.#ctor" />
    </parameter>
  </member>
  <member name="M:System.Xml.Linq.XElement.GetNamespaceOfPrefix(System.String)">
    <attribute ctor="M:JetBrains.Annotations.CanBeNullAttribute.#ctor" />
    <parameter name="prefix">
      <attribute ctor="M:JetBrains.Annotations.NotNullAttribute.#ctor" />
    </parameter>
  </member>
  <member name="M:System.Xml.Linq.XElement.GetNamespaceOfPrefixInScope(System.String,System.Xml.Linq.XElement)">
    <attribute ctor="M:JetBrains.Annotations.CanBeNullAttribute.#ctor" />
  </member>
  <member name="M:System.Xml.Linq.XElement.Load()">
    <attribute ctor="M:JetBrains.Annotations.NotNullAttribute.#ctor" />
    <parameter name="reader">
      <attribute ctor="M:JetBrains.Annotations.NotNullAttribute.#ctor" />
    </parameter>
  </member>
  <member name="M:System.Xml.Linq.XElement.Load(,System.Xml.Linq.LoadOptions)">
    <attribute ctor="M:JetBrains.Annotations.NotNullAttribute.#ctor" />
    <parameter name="reader">
      <attribute ctor="M:JetBrains.Annotations.NotNullAttribute.#ctor" />
    </parameter>
  </member>
  <member name="M:System.Xml.Linq.XElement.Load(System.IO.Stream)">
    <attribute ctor="M:JetBrains.Annotations.NotNullAttribute.#ctor" />
  </member>
  <member name="M:System.Xml.Linq.XElement.Load(System.IO.Stream,System.Xml.Linq.LoadOptions)">
    <attribute ctor="M:JetBrains.Annotations.NotNullAttribute.#ctor" />
  </member>
  <member name="M:System.Xml.Linq.XElement.RemoveAttribute(System.Xml.Linq.XAttribute)">
    <parameter name="a">
      <attribute ctor="M:JetBrains.Annotations.NotNullAttribute.#ctor" />
    </parameter>
  </member>
  <member name="M:System.Xml.Linq.XElement.Save()">
    <parameter name="writer">
      <attribute ctor="M:JetBrains.Annotations.NotNullAttribute.#ctor" />
    </parameter>
  </member>
  <member name="M:System.Xml.Linq.XElement.SetAttributeValue(System.Xml.Linq.XName,System.Object)">
    <parameter name="name">
      <attribute ctor="M:JetBrains.Annotations.NotNullAttribute.#ctor" />
    </parameter>
  </member>
  <member name="M:System.Xml.Linq.XElement.SetElementValue(System.Xml.Linq.XName,System.Object)">
    <parameter name="name">
      <attribute ctor="M:JetBrains.Annotations.NotNullAttribute.#ctor" />
    </parameter>
  </member>
  <member name="M:System.Xml.Linq.XElement.ValidateNode(System.Xml.Linq.XNode,System.Xml.Linq.XNode)">
    <parameter name="node">
      <attribute ctor="M:JetBrains.Annotations.CanBeNullAttribute.#ctor" />
    </parameter>
  </member>
  <member name="M:System.Xml.Linq.XHashtable`1.TryGetValue(System.String,System.Int32,System.Int32,`0@)">
    <parameter name="key">
      <attribute ctor="M:JetBrains.Annotations.NotNullAttribute.#ctor" />
    </parameter>
  </member>
  <member name="M:System.Xml.Linq.XHashtable`1.XHashtableState.ComputeHashCode(System.String,System.Int32,System.Int32)">
    <parameter name="key">
      <attribute ctor="M:JetBrains.Annotations.NotNullAttribute.#ctor" />
    </parameter>
  </member>
  <member name="M:System.Xml.Linq.XHashtable`1.XHashtableState.Resize">
    <attribute ctor="M:JetBrains.Annotations.NotNullAttribute.#ctor" />
  </member>
  <member name="M:System.Xml.Linq.XHashtable`1.XHashtableState.TryGetValue(System.String,System.Int32,System.Int32,`0@)">
    <parameter name="key">
      <attribute ctor="M:JetBrains.Annotations.NotNullAttribute.#ctor" />
    </parameter>
  </member>
  <member name="M:System.Xml.Linq.XName.#ctor(System.Xml.Linq.XNamespace,System.String)">
    <parameter name="ns">
      <attribute ctor="M:JetBrains.Annotations.NotNullAttribute.#ctor" />
    </parameter>
    <parameter name="localName">
      <attribute ctor="M:JetBrains.Annotations.NotNullAttribute.#ctor" />
    </parameter>
  </member>
  <member name="M:System.Xml.Linq.XName.Get(System.String)">
    <parameter name="expandedName">
      <attribute ctor="M:JetBrains.Annotations.NotNullAttribute.#ctor" />
    </parameter>
  </member>
  <member name="M:System.Xml.Linq.XName.Get(System.String,System.String)">
    <parameter name="localName">
      <attribute ctor="M:JetBrains.Annotations.NotNullAttribute.#ctor" />
    </parameter>
  </member>
  <member name="M:System.Xml.Linq.XNamespace.#ctor(System.String)">
    <parameter name="namespaceName">
      <attribute ctor="M:JetBrains.Annotations.NotNullAttribute.#ctor" />
    </parameter>
  </member>
  <member name="M:System.Xml.Linq.XNamespace.EnsureNamespace(System.WeakReference@,System.String)">
    <attribute ctor="M:JetBrains.Annotations.NotNullAttribute.#ctor" />
    <parameter name="namespaceName">
      <attribute ctor="M:JetBrains.Annotations.NotNullAttribute.#ctor" />
    </parameter>
  </member>
  <member name="M:System.Xml.Linq.XNamespace.ExtractLocalName(System.Xml.Linq.XName)">
    <parameter name="n">
      <attribute ctor="M:JetBrains.Annotations.NotNullAttribute.#ctor" />
    </parameter>
  </member>
  <member name="M:System.Xml.Linq.XNamespace.ExtractNamespace(System.WeakReference)">
    <attribute ctor="M:JetBrains.Annotations.CanBeNullAttribute.#ctor" />
  </member>
  <member name="M:System.Xml.Linq.XNamespace.Get(System.String,System.Int32,System.Int32)">
    <attribute ctor="M:JetBrains.Annotations.NotNullAttribute.#ctor" />
    <parameter name="namespaceName">
      <attribute ctor="M:JetBrains.Annotations.NotNullAttribute.#ctor" />
    </parameter>
  </member>
  <member name="M:System.Xml.Linq.XNamespace.GetName(System.String,System.Int32,System.Int32)">
    <parameter name="localName">
      <attribute ctor="M:JetBrains.Annotations.NotNullAttribute.#ctor" />
    </parameter>
  </member>
  <member name="M:System.Xml.Linq.XNode.AppendText(System.Text.StringBuilder)">
    <parameter name="sb">
      <attribute ctor="M:JetBrains.Annotations.NotNullAttribute.#ctor" />
    </parameter>
  </member>
  <member name="M:System.Xml.Linq.XNode.CloneNode">
    <attribute ctor="M:JetBrains.Annotations.NotNullAttribute.#ctor" />
  </member>
  <member name="M:System.Xml.Linq.XNode.CreateReader(System.Xml.Linq.ReaderOptions)">
    <attribute ctor="M:JetBrains.Annotations.NotNullAttribute.#ctor" />
  </member>
  <member name="M:System.Xml.Linq.XNode.GetXmlReaderSettings(System.Xml.Linq.LoadOptions)">
    <attribute ctor="M:JetBrains.Annotations.NotNullAttribute.#ctor" />
  </member>
  <member name="M:System.Xml.Linq.XNode.GetXmlString(System.Xml.Linq.SaveOptions)">
    <attribute ctor="M:JetBrains.Annotations.NotNullAttribute.#ctor" />
  </member>
  <member name="M:System.Xml.Linq.XNode.GetXmlWriterSettings(System.Xml.Linq.SaveOptions)">
    <attribute ctor="M:JetBrains.Annotations.NotNullAttribute.#ctor" />
  </member>
  <member name="M:System.Xml.Linq.XNode.ReadFrom()">
    <attribute ctor="M:JetBrains.Annotations.NotNullAttribute.#ctor" />
    <parameter name="reader">
      <attribute ctor="M:JetBrains.Annotations.NotNullAttribute.#ctor" />
    </parameter>
  </member>
  <member name="M:System.Xml.Linq.XNode.WriteTo()">
    <parameter name="writer">
      <attribute ctor="M:JetBrains.Annotations.NotNullAttribute.#ctor" />
    </parameter>
  </member>
  <member name="P:System.Xml.Linq.XNodeBuilder.Settings">
    <attribute ctor="M:JetBrains.Annotations.NotNullAttribute.#ctor" />
  </member>
  <member name="M:System.Xml.Linq.XNodeBuilder.WriteCData(System.String)">
    <parameter name="text">
      <attribute ctor="M:JetBrains.Annotations.NotNullAttribute.#ctor" />
    </parameter>
  </member>
  <member name="M:System.Xml.Linq.XNodeBuilder.WriteChars(System.Char[],System.Int32,System.Int32)">
    <parameter name="buffer">
      <attribute ctor="M:JetBrains.Annotations.NotNullAttribute.#ctor" />
    </parameter>
  </member>
  <member name="M:System.Xml.Linq.XNodeBuilder.WriteComment(System.String)">
    <parameter name="text">
      <attribute ctor="M:JetBrains.Annotations.NotNullAttribute.#ctor" />
    </parameter>
  </member>
  <member name="M:System.Xml.Linq.XNodeBuilder.WriteProcessingInstruction(System.String,System.String)">
    <parameter name="text">
      <attribute ctor="M:JetBrains.Annotations.NotNullAttribute.#ctor" />
    </parameter>
  </member>
  <member name="M:System.Xml.Linq.XNodeBuilder.WriteRaw(System.Char[],System.Int32,System.Int32)">
    <parameter name="buffer">
      <attribute ctor="M:JetBrains.Annotations.NotNullAttribute.#ctor" />
    </parameter>
  </member>
  <member name="M:System.Xml.Linq.XNodeBuilder.WriteStartAttribute(System.String,System.String,System.String)">
    <parameter name="prefix">
      <attribute ctor="M:JetBrains.Annotations.NotNullAttribute.#ctor" />
    </parameter>
    <parameter name="localName">
      <attribute ctor="M:JetBrains.Annotations.NotNullAttribute.#ctor" />
    </parameter>
    <parameter name="namespaceName">
      <attribute ctor="M:JetBrains.Annotations.NotNullAttribute.#ctor" />
    </parameter>
  </member>
  <member name="M:System.Xml.Linq.XNodeBuilder.WriteStartElement(System.String,System.String,System.String)">
    <parameter name="localName">
      <attribute ctor="M:JetBrains.Annotations.NotNullAttribute.#ctor" />
    </parameter>
    <parameter name="namespaceName">
      <attribute ctor="M:JetBrains.Annotations.NotNullAttribute.#ctor" />
    </parameter>
  </member>
  <member name="M:System.Xml.Linq.XNodeDocumentOrderComparer.Compare(System.Xml.Linq.XNode,System.Xml.Linq.XNode)">
    <parameter name="x">
      <attribute ctor="M:JetBrains.Annotations.CanBeNullAttribute.#ctor" />
    </parameter>
    <parameter name="y">
      <attribute ctor="M:JetBrains.Annotations.CanBeNullAttribute.#ctor" />
    </parameter>
  </member>
  <member name="M:System.Xml.Linq.XNodeEqualityComparer.Equals(System.Xml.Linq.XNode,System.Xml.Linq.XNode)">
    <parameter name="y">
      <attribute ctor="M:JetBrains.Annotations.CanBeNullAttribute.#ctor" />
    </parameter>
    <parameter name="x">
      <attribute ctor="M:JetBrains.Annotations.CanBeNullAttribute.#ctor" />
    </parameter>
  </member>
  <member name="M:System.Xml.Linq.XNodeEqualityComparer.GetHashCode(System.Xml.Linq.XNode)">
    <parameter name="obj">
      <attribute ctor="M:JetBrains.Annotations.CanBeNullAttribute.#ctor" />
    </parameter>
  </member>
  <member name="M:System.Xml.Linq.XNodeReader.#ctor(System.Xml.Linq.XNode,)">
    <parameter name="node">
      <attribute ctor="M:JetBrains.Annotations.NotNullAttribute.#ctor" />
    </parameter>
  </member>
  <member name="M:System.Xml.Linq.XNodeReader.CreateNameTable">
    <attribute ctor="M:JetBrains.Annotations.NotNullAttribute.#ctor" />
  </member>
  <member name="M:System.Xml.Linq.XNodeReader.GetAttribute(System.Int32)">
    <attribute ctor="M:JetBrains.Annotations.CanBeNullAttribute.#ctor" />
  </member>
  <member name="M:System.Xml.Linq.XNodeReader.GetAttribute(System.String,System.String)">
    <attribute ctor="M:JetBrains.Annotations.CanBeNullAttribute.#ctor" />
  </member>
  <member name="M:System.Xml.Linq.XNodeReader.GetDepth(System.Xml.Linq.XObject)">
    <parameter name="o">
      <attribute ctor="M:JetBrains.Annotations.NotNullAttribute.#ctor" />
    </parameter>
  </member>
  <member name="M:System.Xml.Linq.XNodeReader.GetFirstNonDuplicateNamespaceAttribute(System.Xml.Linq.XAttribute)">
    <parameter name="candidate">
      <attribute ctor="M:JetBrains.Annotations.NotNullAttribute.#ctor" />
    </parameter>
  </member>
  <member name="M:System.Xml.Linq.XNodeReader.GetNameInAttributeScope(System.String,System.Xml.Linq.XElement,System.String@,System.String@)">
    <parameter name="e">
      <attribute ctor="M:JetBrains.Annotations.NotNullAttribute.#ctor" />
    </parameter>
  </member>
  <member name="M:System.Xml.Linq.XNodeReader.GetNamespaceURI">
    <attribute ctor="M:JetBrains.Annotations.NotNullAttribute.#ctor" />
  </member>
  <member name="M:System.Xml.Linq.XNodeReader.GetPrefix">
    <attribute ctor="M:JetBrains.Annotations.NotNullAttribute.#ctor" />
  </member>
  <member name="M:System.Xml.Linq.XNodeReader.IsDuplicateNamespaceAttribute(System.Xml.Linq.XAttribute)">
    <parameter name="candidateAttribute">
      <attribute ctor="M:JetBrains.Annotations.NotNullAttribute.#ctor" />
    </parameter>
  </member>
  <member name="M:System.Xml.Linq.XNodeReader.IsDuplicateNamespaceAttributeInner(System.Xml.Linq.XAttribute)">
    <parameter name="candidateAttribute">
      <attribute ctor="M:JetBrains.Annotations.NotNullAttribute.#ctor" />
    </parameter>
  </member>
  <member name="M:System.Xml.Linq.XNodeReader.ReadIntoAttribute(System.Xml.Linq.XAttribute)">
    <parameter name="a">
      <attribute ctor="M:JetBrains.Annotations.NotNullAttribute.#ctor" />
    </parameter>
  </member>
  <member name="M:System.Xml.Linq.XNodeReader.ReadIntoDocument(System.Xml.Linq.XDocument)">
    <parameter name="d">
      <attribute ctor="M:JetBrains.Annotations.NotNullAttribute.#ctor" />
    </parameter>
  </member>
  <member name="M:System.Xml.Linq.XNodeReader.ReadIntoElement(System.Xml.Linq.XElement)">
    <parameter name="e">
      <attribute ctor="M:JetBrains.Annotations.NotNullAttribute.#ctor" />
    </parameter>
  </member>
  <member name="M:System.Xml.Linq.XNodeReader.ReadOverAttribute(System.Xml.Linq.XAttribute,System.Boolean)">
    <parameter name="a">
      <attribute ctor="M:JetBrains.Annotations.NotNullAttribute.#ctor" />
    </parameter>
  </member>
  <member name="M:System.Xml.Linq.XNodeReader.ReadOverNode(System.Xml.Linq.XNode)">
    <parameter name="n">
      <attribute ctor="M:JetBrains.Annotations.NotNullAttribute.#ctor" />
    </parameter>
  </member>
  <member name="P:System.Xml.Linq.XNodeReader.Settings">
    <attribute ctor="M:JetBrains.Annotations.NotNullAttribute.#ctor" />
  </member>
  <member name="P:System.Xml.Linq.XNodeReader.XmlLang">
    <attribute ctor="M:JetBrains.Annotations.NotNullAttribute.#ctor" />
  </member>
  <member name="M:System.Xml.Linq.XObject.Annotation(System.Type)">
    <attribute ctor="M:JetBrains.Annotations.CanBeNullAttribute.#ctor" />
  </member>
  <member name="M:System.Xml.Linq.XObject.Annotation``1">
    <attribute ctor="M:JetBrains.Annotations.CanBeNullAttribute.#ctor" />
  </member>
  <member name="P:System.Xml.Linq.XObject.Document">
    <attribute ctor="M:JetBrains.Annotations.CanBeNullAttribute.#ctor" />
  </member>
  <member name="P:System.Xml.Linq.XObject.Parent">
    <attribute ctor="M:JetBrains.Annotations.CanBeNullAttribute.#ctor" />
  </member>
  <member name="M:System.Xml.Linq.XProcessingInstruction.#ctor(System.String,System.String)">
    <parameter name="data">
      <attribute ctor="M:JetBrains.Annotations.NotNullAttribute.#ctor" />
    </parameter>
  </member>
  <member name="M:System.Xml.Linq.XProcessingInstruction.#ctor(System.Xml.Linq.XProcessingInstruction)">
    <parameter name="other">
      <attribute ctor="M:JetBrains.Annotations.NotNullAttribute.#ctor" />
    </parameter>
  </member>
  <member name="M:System.Xml.Linq.XStreamingElement.GetXmlString(System.Xml.Linq.SaveOptions)">
    <attribute ctor="M:JetBrains.Annotations.NotNullAttribute.#ctor" />
  </member>
  <member name="M:System.Xml.Linq.XStreamingElement.Save()">
    <parameter name="writer">
      <attribute ctor="M:JetBrains.Annotations.NotNullAttribute.#ctor" />
    </parameter>
  </member>
  <member name="M:System.Xml.Linq.XStreamingElement.WriteTo()">
    <parameter name="writer">
      <attribute ctor="M:JetBrains.Annotations.NotNullAttribute.#ctor" />
    </parameter>
  </member>
  <member name="M:System.Xml.Linq.XText.#ctor(System.String)">
    <parameter name="value">
      <attribute ctor="M:JetBrains.Annotations.NotNullAttribute.#ctor" />
    </parameter>
  </member>
  <member name="M:System.Xml.Linq.XText.#ctor(System.Xml.Linq.XText)">
    <parameter name="other">
      <attribute ctor="M:JetBrains.Annotations.NotNullAttribute.#ctor" />
    </parameter>
  </member>
</assembly>