﻿<?xml version="1.0" encoding="utf-8"?>
<assembly name="System.Xml.Linq, Version=4.0.0.0">
  <member name="M:System.Xml.Linq.Extensions.Ancestors``1(System.Collections.Generic.IEnumerable{``0})">
    <attribute ctor="M:JetBrains.Annotations.NotNullAttribute.#ctor" />
    <parameter name="source">
      <attribute ctor="M:JetBrains.Annotations.NotNullAttribute.#ctor" />
    </parameter>
  </member>
  <member name="M:System.Xml.Linq.Extensions.Ancestors``1(System.Collections.Generic.IEnumerable{``0},System.Xml.Linq.XName)">
    <parameter name="source">
      <attribute ctor="M:JetBrains.Annotations.NotNullAttribute.#ctor" />
    </parameter>
  </member>
  <member name="M:System.Xml.Linq.Extensions.AncestorsAndSelf(System.Collections.Generic.IEnumerable{System.Xml.Linq.XElement})">
    <attribute ctor="M:JetBrains.Annotations.NotNullAttribute.#ctor" />
    <parameter name="source">
      <attribute ctor="M:JetBrains.Annotations.NotNullAttribute.#ctor" />
    </parameter>
  </member>
  <member name="M:System.Xml.Linq.Extensions.AncestorsAndSelf(System.Collections.Generic.IEnumerable{System.Xml.Linq.XElement},System.Xml.Linq.XName)">
    <parameter name="source">
      <attribute ctor="M:JetBrains.Annotations.NotNullAttribute.#ctor" />
    </parameter>
  </member>
  <member name="M:System.Xml.Linq.Extensions.Attributes(System.Collections.Generic.IEnumerable{System.Xml.Linq.XElement})">
    <attribute ctor="M:JetBrains.Annotations.NotNullAttribute.#ctor" />
    <parameter name="source">
      <attribute ctor="M:JetBrains.Annotations.NotNullAttribute.#ctor" />
    </parameter>
  </member>
  <member name="M:System.Xml.Linq.Extensions.Attributes(System.Collections.Generic.IEnumerable{System.Xml.Linq.XElement},System.Xml.Linq.XName)">
    <parameter name="source">
      <attribute ctor="M:JetBrains.Annotations.NotNullAttribute.#ctor" />
    </parameter>
  </member>
  <member name="M:System.Xml.Linq.Extensions.DescendantNodes``1(System.Collections.Generic.IEnumerable{``0})">
    <attribute ctor="M:JetBrains.Annotations.NotNullAttribute.#ctor" />
    <parameter name="source">
      <attribute ctor="M:JetBrains.Annotations.NotNullAttribute.#ctor" />
    </parameter>
  </member>
  <member name="M:System.Xml.Linq.Extensions.DescendantNodesAndSelf(System.Collections.Generic.IEnumerable{System.Xml.Linq.XElement})">
    <attribute ctor="M:JetBrains.Annotations.NotNullAttribute.#ctor" />
    <parameter name="source">
      <attribute ctor="M:JetBrains.Annotations.NotNullAttribute.#ctor" />
    </parameter>
  </member>
  <member name="M:System.Xml.Linq.Extensions.Descendants``1(System.Collections.Generic.IEnumerable{``0})">
    <attribute ctor="M:JetBrains.Annotations.NotNullAttribute.#ctor" />
    <parameter name="source">
      <attribute ctor="M:JetBrains.Annotations.NotNullAttribute.#ctor" />
    </parameter>
  </member>
  <member name="M:System.Xml.Linq.Extensions.Descendants``1(System.Collections.Generic.IEnumerable{``0},System.Xml.Linq.XName)">
    <parameter name="source">
      <attribute ctor="M:JetBrains.Annotations.NotNullAttribute.#ctor" />
    </parameter>
  </member>
  <member name="M:System.Xml.Linq.Extensions.DescendantsAndSelf(System.Collections.Generic.IEnumerable{System.Xml.Linq.XElement})">
    <attribute ctor="M:JetBrains.Annotations.NotNullAttribute.#ctor" />
    <parameter name="source">
      <attribute ctor="M:JetBrains.Annotations.NotNullAttribute.#ctor" />
    </parameter>
  </member>
  <member name="M:System.Xml.Linq.Extensions.DescendantsAndSelf(System.Collections.Generic.IEnumerable{System.Xml.Linq.XElement},System.Xml.Linq.XName)">
    <parameter name="source">
      <attribute ctor="M:JetBrains.Annotations.NotNullAttribute.#ctor" />
    </parameter>
  </member>
  <member name="M:System.Xml.Linq.Extensions.Elements``1(System.Collections.Generic.IEnumerable{``0})">
    <attribute ctor="M:JetBrains.Annotations.NotNullAttribute.#ctor" />
    <parameter name="source">
      <attribute ctor="M:JetBrains.Annotations.NotNullAttribute.#ctor" />
    </parameter>
  </member>
  <member name="M:System.Xml.Linq.Extensions.Elements``1(System.Collections.Generic.IEnumerable{``0},System.Xml.Linq.XName)">
    <parameter name="source">
      <attribute ctor="M:JetBrains.Annotations.NotNullAttribute.#ctor" />
    </parameter>
  </member>
  <member name="M:System.Xml.Linq.Extensions.InDocumentOrder``1(System.Collections.Generic.IEnumerable{``0})">
    <attribute ctor="M:JetBrains.Annotations.NotNullAttribute.#ctor" />
    <parameter name="source">
      <attribute ctor="M:JetBrains.Annotations.NotNullAttribute.#ctor" />
    </parameter>
  </member>
  <member name="M:System.Xml.Linq.Extensions.Nodes``1(System.Collections.Generic.IEnumerable{``0})">
    <parameter name="source">
      <attribute ctor="M:JetBrains.Annotations.NotNullAttribute.#ctor" />
    </parameter>
  </member>
  <member name="M:System.Xml.Linq.Extensions.Remove(System.Collections.Generic.IEnumerable{System.Xml.Linq.XAttribute})">
    <parameter name="source">
      <attribute ctor="M:JetBrains.Annotations.NotNullAttribute.#ctor" />
    </parameter>
  </member>
  <member name="M:System.Xml.Linq.Extensions.Remove``1(System.Collections.Generic.IEnumerable{``0})">
    <parameter name="source">
      <attribute ctor="M:JetBrains.Annotations.NotNullAttribute.#ctor" />
    </parameter>
  </member>
  <member name="M:System.Xml.Linq.XAttribute.#ctor(System.Xml.Linq.XAttribute)">
    <parameter name="other">
      <attribute ctor="M:JetBrains.Annotations.NotNullAttribute.#ctor" />
    </parameter>
  </member>
  <member name="M:System.Xml.Linq.XAttribute.#ctor(System.Xml.Linq.XName,System.Object)">
    <parameter name="name">
      <attribute ctor="M:JetBrains.Annotations.NotNullAttribute.#ctor" />
    </parameter>
    <parameter name="value">
      <attribute ctor="M:JetBrains.Annotations.NotNullAttribute.#ctor" />
    </parameter>
  </member>
  <member name="P:System.Xml.Linq.XAttribute.PreviousAttribute">
    <attribute ctor="M:JetBrains.Annotations.CanBeNullAttribute.#ctor" />
  </member>
  <member name="M:System.Xml.Linq.XAttribute.SetValue(System.Object)">
    <parameter name="value">
      <attribute ctor="M:JetBrains.Annotations.NotNullAttribute.#ctor" />
    </parameter>
  </member>
  <member name="M:System.Xml.Linq.XCData.#ctor(System.String)">
    <parameter name="value">
      <attribute ctor="M:JetBrains.Annotations.NotNullAttribute.#ctor" />
    </parameter>
  </member>
  <member name="M:System.Xml.Linq.XCData.#ctor(System.Xml.Linq.XCData)">
    <parameter name="other">
      <attribute ctor="M:JetBrains.Annotations.NotNullAttribute.#ctor" />
    </parameter>
  </member>
  <member name="M:System.Xml.Linq.XComment.#ctor(System.String)">
    <parameter name="value">
      <attribute ctor="M:JetBrains.Annotations.NotNullAttribute.#ctor" />
    </parameter>
  </member>
  <member name="M:System.Xml.Linq.XComment.#ctor(System.Xml.Linq.XComment)">
    <parameter name="other">
      <attribute ctor="M:JetBrains.Annotations.NotNullAttribute.#ctor" />
    </parameter>
  </member>
  <member name="M:System.Xml.Linq.XContainer.CreateWriter">
    <attribute ctor="M:JetBrains.Annotations.NotNullAttribute.#ctor" />
  </member>
  <member name="M:System.Xml.Linq.XContainer.DescendantNodes">
    <attribute ctor="M:JetBrains.Annotations.NotNullAttribute.#ctor" />
  </member>
  <member name="M:System.Xml.Linq.XContainer.Descendants">
    <attribute ctor="M:JetBrains.Annotations.NotNullAttribute.#ctor" />
  </member>
  <member name="M:System.Xml.Linq.XContainer.Element(System.Xml.Linq.XName)">
    <attribute ctor="M:JetBrains.Annotations.CanBeNullAttribute.#ctor" />
  </member>
  <member name="M:System.Xml.Linq.XContainer.Elements">
    <attribute ctor="M:JetBrains.Annotations.NotNullAttribute.#ctor" />
  </member>
  <member name="M:System.Xml.Linq.XDeclaration.#ctor(System.Xml.Linq.XDeclaration)">
    <parameter name="other">
      <attribute ctor="M:JetBrains.Annotations.NotNullAttribute.#ctor" />
    </parameter>
  </member>
  <member name="M:System.Xml.Linq.XDocument.#ctor(System.Xml.Linq.XDocument)">
    <parameter name="other">
      <attribute ctor="M:JetBrains.Annotations.NotNullAttribute.#ctor" />
    </parameter>
  </member>
  <member name="P:System.Xml.Linq.XDocument.DocumentType">
    <attribute ctor="M:JetBrains.Annotations.CanBeNullAttribute.#ctor" />
  </member>
  <member name="M:System.Xml.Linq.XDocument.Load(System.IO.Stream)">
    <attribute ctor="M:JetBrains.Annotations.NotNullAttribute.#ctor" />
  </member>
  <member name="M:System.Xml.Linq.XDocument.Load(System.IO.Stream,System.Xml.Linq.LoadOptions)">
    <attribute ctor="M:JetBrains.Annotations.NotNullAttribute.#ctor" />
  </member>
  <member name="M:System.Xml.Linq.XDocument.Load(System.IO.TextReader)">
    <attribute ctor="M:JetBrains.Annotations.NotNullAttribute.#ctor" />
  </member>
  <member name="M:System.Xml.Linq.XDocument.Load(System.IO.TextReader,System.Xml.Linq.LoadOptions)">
    <attribute ctor="M:JetBrains.Annotations.NotNullAttribute.#ctor" />
  </member>
  <member name="M:System.Xml.Linq.XDocument.Load(System.String)">
    <attribute ctor="M:JetBrains.Annotations.NotNullAttribute.#ctor" />
  </member>
  <member name="M:System.Xml.Linq.XDocument.Load(System.String,System.Xml.Linq.LoadOptions)">
    <attribute ctor="M:JetBrains.Annotations.NotNullAttribute.#ctor" />
  </member>
  <member name="M:System.Xml.Linq.XDocument.Load(System.Xml.XmlReader)">
    <attribute ctor="M:JetBrains.Annotations.NotNullAttribute.#ctor" />
    <parameter name="reader">
      <attribute ctor="M:JetBrains.Annotations.NotNullAttribute.#ctor" />
    </parameter>
  </member>
  <member name="M:System.Xml.Linq.XDocument.Load(System.Xml.XmlReader,System.Xml.Linq.LoadOptions)">
    <attribute ctor="M:JetBrains.Annotations.NotNullAttribute.#ctor" />
    <parameter name="reader">
      <attribute ctor="M:JetBrains.Annotations.NotNullAttribute.#ctor" />
    </parameter>
  </member>
  <member name="M:System.Xml.Linq.XDocument.Parse(System.String)">
    <parameter name="text">
      <attribute ctor="M:JetBrains.Annotations.NotNullAttribute.#ctor" />
    </parameter>
    <attribute ctor="M:JetBrains.Annotations.NotNullAttribute.#ctor" />
  </member>
  <member name="M:System.Xml.Linq.XDocument.Parse(System.String,System.Xml.Linq.LoadOptions)">
    <parameter name="text">
      <attribute ctor="M:JetBrains.Annotations.NotNullAttribute.#ctor" />
    </parameter>
    <attribute ctor="M:JetBrains.Annotations.NotNullAttribute.#ctor" />
  </member>
  <member name="P:System.Xml.Linq.XDocument.Root">
    <attribute ctor="M:JetBrains.Annotations.CanBeNullAttribute.#ctor" />
  </member>
  <member name="M:System.Xml.Linq.XDocument.Save(System.Xml.XmlWriter)">
    <parameter name="writer">
      <attribute ctor="M:JetBrains.Annotations.NotNullAttribute.#ctor" />
    </parameter>
  </member>
  <member name="M:System.Xml.Linq.XDocumentType.#ctor(System.String,System.String,System.String,System.String)">
    <parameter name="name">
      <attribute ctor="M:JetBrains.Annotations.NotNullAttribute.#ctor" />
    </parameter>
  </member>
  <member name="M:System.Xml.Linq.XDocumentType.#ctor(System.Xml.Linq.XDocumentType)">
    <parameter name="other">
      <attribute ctor="M:JetBrains.Annotations.NotNullAttribute.#ctor" />
    </parameter>
  </member>
  <member name="M:System.Xml.Linq.XElement.#ctor(System.Xml.Linq.XElement)">
    <parameter name="other">
      <attribute ctor="M:JetBrains.Annotations.NotNullAttribute.#ctor" />
    </parameter>
  </member>
  <member name="M:System.Xml.Linq.XElement.#ctor(System.Xml.Linq.XName)">
    <parameter name="name">
      <attribute ctor="M:JetBrains.Annotations.NotNullAttribute.#ctor" />
    </parameter>
  </member>
  <member name="M:System.Xml.Linq.XElement.#ctor(System.Xml.Linq.XName,System.Object)">
    <parameter name="name">
      <attribute ctor="M:JetBrains.Annotations.NotNullAttribute.#ctor" />
    </parameter>
  </member>
  <member name="M:System.Xml.Linq.XElement.#ctor(System.Xml.Linq.XStreamingElement)">
    <parameter name="other">
      <attribute ctor="M:JetBrains.Annotations.NotNullAttribute.#ctor" />
    </parameter>
  </member>
  <member name="M:System.Xml.Linq.XElement.AncestorsAndSelf">
    <attribute ctor="M:JetBrains.Annotations.NotNullAttribute.#ctor" />
  </member>
  <member name="M:System.Xml.Linq.XElement.Attributes">
    <attribute ctor="M:JetBrains.Annotations.NotNullAttribute.#ctor" />
  </member>
  <member name="M:System.Xml.Linq.XElement.DescendantNodesAndSelf">
    <attribute ctor="M:JetBrains.Annotations.NotNullAttribute.#ctor" />
  </member>
  <member name="M:System.Xml.Linq.XElement.DescendantsAndSelf">
    <attribute ctor="M:JetBrains.Annotations.NotNullAttribute.#ctor" />
  </member>
  <member name="M:System.Xml.Linq.XElement.GetDefaultNamespace">
    <attribute ctor="M:JetBrains.Annotations.NotNullAttribute.#ctor" />
  </member>
  <member name="M:System.Xml.Linq.XElement.GetNamespaceOfPrefix(System.String)">
    <attribute ctor="M:JetBrains.Annotations.CanBeNullAttribute.#ctor" />
    <parameter name="prefix">
      <attribute ctor="M:JetBrains.Annotations.NotNullAttribute.#ctor" />
    </parameter>
  </member>
  <member name="M:System.Xml.Linq.XElement.GetPrefixOfNamespace(System.Xml.Linq.XNamespace)">
    <parameter name="ns">
      <attribute ctor="M:JetBrains.Annotations.NotNullAttribute.#ctor" />
    </parameter>
  </member>
  <member name="M:System.Xml.Linq.XElement.Load(System.IO.Stream)">
    <attribute ctor="M:JetBrains.Annotations.NotNullAttribute.#ctor" />
  </member>
  <member name="M:System.Xml.Linq.XElement.Load(System.IO.Stream,System.Xml.Linq.LoadOptions)">
    <attribute ctor="M:JetBrains.Annotations.NotNullAttribute.#ctor" />
  </member>
  <member name="M:System.Xml.Linq.XElement.Load(System.IO.TextReader)">
    <attribute ctor="M:JetBrains.Annotations.NotNullAttribute.#ctor" />
  </member>
  <member name="M:System.Xml.Linq.XElement.Load(System.IO.TextReader,System.Xml.Linq.LoadOptions)">
    <attribute ctor="M:JetBrains.Annotations.NotNullAttribute.#ctor" />
  </member>
  <member name="M:System.Xml.Linq.XElement.Load(System.String)">
    <attribute ctor="M:JetBrains.Annotations.NotNullAttribute.#ctor" />
  </member>
  <member name="M:System.Xml.Linq.XElement.Load(System.String,System.Xml.Linq.LoadOptions)">
    <attribute ctor="M:JetBrains.Annotations.NotNullAttribute.#ctor" />
  </member>
  <member name="M:System.Xml.Linq.XElement.Load(System.Xml.XmlReader)">
    <attribute ctor="M:JetBrains.Annotations.NotNullAttribute.#ctor" />
    <parameter name="reader">
      <attribute ctor="M:JetBrains.Annotations.NotNullAttribute.#ctor" />
    </parameter>
  </member>
  <member name="M:System.Xml.Linq.XElement.Load(System.Xml.XmlReader,System.Xml.Linq.LoadOptions)">
    <attribute ctor="M:JetBrains.Annotations.NotNullAttribute.#ctor" />
    <parameter name="reader">
      <attribute ctor="M:JetBrains.Annotations.NotNullAttribute.#ctor" />
    </parameter>
  </member>
  <member name="M:System.Xml.Linq.XElement.Parse(System.String)">
    <parameter name="text">
      <attribute ctor="M:JetBrains.Annotations.NotNullAttribute.#ctor" />
    </parameter>
    <attribute ctor="M:JetBrains.Annotations.NotNullAttribute.#ctor" />
  </member>
  <member name="M:System.Xml.Linq.XElement.Parse(System.String,System.Xml.Linq.LoadOptions)">
    <parameter name="text">
      <attribute ctor="M:JetBrains.Annotations.NotNullAttribute.#ctor" />
    </parameter>
    <attribute ctor="M:JetBrains.Annotations.NotNullAttribute.#ctor" />
  </member>
  <member name="M:System.Xml.Linq.XElement.Save(System.Xml.XmlWriter)">
    <parameter name="writer">
      <attribute ctor="M:JetBrains.Annotations.NotNullAttribute.#ctor" />
    </parameter>
  </member>
  <member name="M:System.Xml.Linq.XElement.SetAttributeValue(System.Xml.Linq.XName,System.Object)">
    <parameter name="name">
      <attribute ctor="M:JetBrains.Annotations.NotNullAttribute.#ctor" />
    </parameter>
  </member>
  <member name="M:System.Xml.Linq.XElement.SetElementValue(System.Xml.Linq.XName,System.Object)">
    <parameter name="name">
      <attribute ctor="M:JetBrains.Annotations.NotNullAttribute.#ctor" />
    </parameter>
  </member>
  <member name="M:System.Xml.Linq.XElement.SetValue(System.Object)">
    <parameter name="value">
      <attribute ctor="M:JetBrains.Annotations.NotNullAttribute.#ctor" />
    </parameter>
  </member>
  <member name="M:System.Xml.Linq.XName.Equals(System.Object)">
    <parameter name="obj">
      <attribute ctor="M:JetBrains.Annotations.CanBeNullAttribute.#ctor" />
    </parameter>
  </member>
  <member name="M:System.Xml.Linq.XName.Get(System.String)">
    <parameter name="expandedName">
      <attribute ctor="M:JetBrains.Annotations.NotNullAttribute.#ctor" />
    </parameter>
  </member>
  <member name="M:System.Xml.Linq.XName.Get(System.String,System.String)">
    <parameter name="localName">
      <attribute ctor="M:JetBrains.Annotations.NotNullAttribute.#ctor" />
    </parameter>
    <parameter name="namespaceName">
      <attribute ctor="M:JetBrains.Annotations.NotNullAttribute.#ctor" />
    </parameter>
  </member>
  <member name="M:System.Xml.Linq.XNamespace.Equals(System.Object)">
    <parameter name="obj">
      <attribute ctor="M:JetBrains.Annotations.CanBeNullAttribute.#ctor" />
    </parameter>
  </member>
  <member name="M:System.Xml.Linq.XNamespace.Get(System.String)">
    <parameter name="namespaceName">
      <attribute ctor="M:JetBrains.Annotations.NotNullAttribute.#ctor" />
    </parameter>
    <attribute ctor="M:JetBrains.Annotations.NotNullAttribute.#ctor" />
  </member>
  <member name="M:System.Xml.Linq.XNamespace.GetName(System.String)">
    <parameter name="localName">
      <attribute ctor="M:JetBrains.Annotations.NotNullAttribute.#ctor" />
    </parameter>
  </member>
  <member name="P:System.Xml.Linq.XNamespace.None">
    <attribute ctor="M:JetBrains.Annotations.NotNullAttribute.#ctor" />
  </member>
  <member name="P:System.Xml.Linq.XNamespace.Xml">
    <attribute ctor="M:JetBrains.Annotations.NotNullAttribute.#ctor" />
  </member>
  <member name="P:System.Xml.Linq.XNamespace.Xmlns">
    <attribute ctor="M:JetBrains.Annotations.NotNullAttribute.#ctor" />
  </member>
  <member name="M:System.Xml.Linq.XNode.Ancestors">
    <attribute ctor="M:JetBrains.Annotations.NotNullAttribute.#ctor" />
  </member>
  <member name="M:System.Xml.Linq.XNode.CreateReader">
    <attribute ctor="M:JetBrains.Annotations.NotNullAttribute.#ctor" />
  </member>
  <member name="M:System.Xml.Linq.XNode.CreateReader(System.Xml.Linq.ReaderOptions)">
    <attribute ctor="M:JetBrains.Annotations.NotNullAttribute.#ctor" />
  </member>
  <member name="M:System.Xml.Linq.XNode.ElementsAfterSelf">
    <attribute ctor="M:JetBrains.Annotations.NotNullAttribute.#ctor" />
  </member>
  <member name="M:System.Xml.Linq.XNode.ElementsBeforeSelf">
    <attribute ctor="M:JetBrains.Annotations.NotNullAttribute.#ctor" />
  </member>
  <member name="M:System.Xml.Linq.XNode.ReadFrom(System.Xml.XmlReader)">
    <attribute ctor="M:JetBrains.Annotations.NotNullAttribute.#ctor" />
    <parameter name="reader">
      <attribute ctor="M:JetBrains.Annotations.NotNullAttribute.#ctor" />
    </parameter>
  </member>
  <member name="M:System.Xml.Linq.XNode.WriteTo(System.Xml.XmlWriter)">
    <parameter name="writer">
      <attribute ctor="M:JetBrains.Annotations.NotNullAttribute.#ctor" />
    </parameter>
  </member>
  <member name="M:System.Xml.Linq.XNodeDocumentOrderComparer.Compare(System.Xml.Linq.XNode,System.Xml.Linq.XNode)">
    <parameter name="y">
      <attribute ctor="M:JetBrains.Annotations.CanBeNullAttribute.#ctor" />
    </parameter>
    <parameter name="x">
      <attribute ctor="M:JetBrains.Annotations.CanBeNullAttribute.#ctor" />
    </parameter>
  </member>
  <member name="M:System.Xml.Linq.XNodeEqualityComparer.Equals(System.Xml.Linq.XNode,System.Xml.Linq.XNode)">
    <parameter name="y">
      <attribute ctor="M:JetBrains.Annotations.CanBeNullAttribute.#ctor" />
    </parameter>
    <parameter name="x">
      <attribute ctor="M:JetBrains.Annotations.CanBeNullAttribute.#ctor" />
    </parameter>
  </member>
  <member name="M:System.Xml.Linq.XNodeEqualityComparer.GetHashCode(System.Xml.Linq.XNode)">
    <parameter name="obj">
      <attribute ctor="M:JetBrains.Annotations.CanBeNullAttribute.#ctor" />
    </parameter>
  </member>
  <member name="M:System.Xml.Linq.XObject.AddAnnotation(System.Object)">
    <parameter name="annotation">
      <attribute ctor="M:JetBrains.Annotations.NotNullAttribute.#ctor" />
    </parameter>
  </member>
  <member name="M:System.Xml.Linq.XObject.Annotation(System.Type)">
    <attribute ctor="M:JetBrains.Annotations.CanBeNullAttribute.#ctor" />
    <parameter name="type">
      <attribute ctor="M:JetBrains.Annotations.NotNullAttribute.#ctor" />
    </parameter>
  </member>
  <member name="M:System.Xml.Linq.XObject.Annotation``1">
    <attribute ctor="M:JetBrains.Annotations.CanBeNullAttribute.#ctor" />
  </member>
  <member name="M:System.Xml.Linq.XObject.Annotations(System.Type)">
    <attribute ctor="M:JetBrains.Annotations.NotNullAttribute.#ctor" />
    <parameter name="type">
      <attribute ctor="M:JetBrains.Annotations.NotNullAttribute.#ctor" />
    </parameter>
  </member>
  <member name="P:System.Xml.Linq.XObject.Document">
    <attribute ctor="M:JetBrains.Annotations.CanBeNullAttribute.#ctor" />
  </member>
  <member name="P:System.Xml.Linq.XObject.Parent">
    <attribute ctor="M:JetBrains.Annotations.CanBeNullAttribute.#ctor" />
  </member>
  <member name="M:System.Xml.Linq.XObject.RemoveAnnotations(System.Type)">
    <parameter name="type">
      <attribute ctor="M:JetBrains.Annotations.NotNullAttribute.#ctor" />
    </parameter>
  </member>
  <member name="M:System.Xml.Linq.XProcessingInstruction.#ctor(System.String,System.String)">
    <parameter name="data">
      <attribute ctor="M:JetBrains.Annotations.NotNullAttribute.#ctor" />
    </parameter>
    <parameter name="target">
      <attribute ctor="M:JetBrains.Annotations.NotNullAttribute.#ctor" />
    </parameter>
  </member>
  <member name="M:System.Xml.Linq.XProcessingInstruction.#ctor(System.Xml.Linq.XProcessingInstruction)">
    <parameter name="other">
      <attribute ctor="M:JetBrains.Annotations.NotNullAttribute.#ctor" />
    </parameter>
  </member>
  <member name="M:System.Xml.Linq.XStreamingElement.#ctor(System.Xml.Linq.XName)">
    <parameter name="name">
      <attribute ctor="M:JetBrains.Annotations.NotNullAttribute.#ctor" />
    </parameter>
  </member>
  <member name="M:System.Xml.Linq.XStreamingElement.#ctor(System.Xml.Linq.XName,System.Object)">
    <parameter name="name">
      <attribute ctor="M:JetBrains.Annotations.NotNullAttribute.#ctor" />
    </parameter>
  </member>
  <member name="M:System.Xml.Linq.XStreamingElement.#ctor(System.Xml.Linq.XName,System.Object[])">
    <parameter name="name">
      <attribute ctor="M:JetBrains.Annotations.NotNullAttribute.#ctor" />
    </parameter>
  </member>
  <member name="M:System.Xml.Linq.XStreamingElement.Save(System.IO.Stream)">
    <parameter name="stream">
      <attribute ctor="M:JetBrains.Annotations.NotNullAttribute.#ctor" />
    </parameter>
  </member>
  <member name="M:System.Xml.Linq.XStreamingElement.Save(System.IO.Stream,System.Xml.Linq.SaveOptions)">
    <parameter name="stream">
      <attribute ctor="M:JetBrains.Annotations.NotNullAttribute.#ctor" />
    </parameter>
  </member>
  <member name="M:System.Xml.Linq.XStreamingElement.Save(System.String)">
    <parameter name="fileName">
      <attribute ctor="M:JetBrains.Annotations.NotNullAttribute.#ctor" />
    </parameter>
  </member>
  <member name="M:System.Xml.Linq.XStreamingElement.Save(System.String,System.Xml.Linq.SaveOptions)">
    <parameter name="fileName">
      <attribute ctor="M:JetBrains.Annotations.NotNullAttribute.#ctor" />
    </parameter>
  </member>
  <member name="M:System.Xml.Linq.XStreamingElement.Save(System.Xml.XmlWriter)">
    <parameter name="writer">
      <attribute ctor="M:JetBrains.Annotations.NotNullAttribute.#ctor" />
    </parameter>
  </member>
  <member name="M:System.Xml.Linq.XStreamingElement.WriteTo(System.Xml.XmlWriter)">
    <parameter name="writer">
      <attribute ctor="M:JetBrains.Annotations.NotNullAttribute.#ctor" />
    </parameter>
  </member>
  <member name="M:System.Xml.Linq.XText.#ctor(System.String)">
    <parameter name="value">
      <attribute ctor="M:JetBrains.Annotations.NotNullAttribute.#ctor" />
    </parameter>
  </member>
  <member name="M:System.Xml.Linq.XText.#ctor(System.Xml.Linq.XText)">
    <parameter name="other">
      <attribute ctor="M:JetBrains.Annotations.NotNullAttribute.#ctor" />
    </parameter>
  </member>
  <member name="M:System.Xml.Schema.Extensions.GetSchemaInfo(System.Xml.Linq.XAttribute)">
    <attribute ctor="M:JetBrains.Annotations.CanBeNullAttribute.#ctor" />
    <parameter name="source">
      <attribute ctor="M:JetBrains.Annotations.NotNullAttribute.#ctor" />
    </parameter>
  </member>
  <member name="M:System.Xml.Schema.Extensions.GetSchemaInfo(System.Xml.Linq.XElement)">
    <attribute ctor="M:JetBrains.Annotations.CanBeNullAttribute.#ctor" />
    <parameter name="source">
      <attribute ctor="M:JetBrains.Annotations.NotNullAttribute.#ctor" />
    </parameter>
  </member>
  <member name="M:System.Xml.Schema.Extensions.Validate(System.Xml.Linq.XAttribute,System.Xml.Schema.XmlSchemaObject,System.Xml.Schema.XmlSchemaSet,System.Xml.Schema.ValidationEventHandler)">
    <parameter name="source">
      <attribute ctor="M:JetBrains.Annotations.NotNullAttribute.#ctor" />
    </parameter>
    <parameter name="partialValidationType">
      <attribute ctor="M:JetBrains.Annotations.NotNullAttribute.#ctor" />
    </parameter>
    <parameter name="schemas">
      <attribute ctor="M:JetBrains.Annotations.NotNullAttribute.#ctor" />
    </parameter>
  </member>
  <member name="M:System.Xml.Schema.Extensions.Validate(System.Xml.Linq.XAttribute,System.Xml.Schema.XmlSchemaObject,System.Xml.Schema.XmlSchemaSet,System.Xml.Schema.ValidationEventHandler,System.Boolean)">
    <parameter name="source">
      <attribute ctor="M:JetBrains.Annotations.NotNullAttribute.#ctor" />
    </parameter>
    <parameter name="partialValidationType">
      <attribute ctor="M:JetBrains.Annotations.NotNullAttribute.#ctor" />
    </parameter>
    <parameter name="schemas">
      <attribute ctor="M:JetBrains.Annotations.NotNullAttribute.#ctor" />
    </parameter>
  </member>
  <member name="M:System.Xml.Schema.Extensions.Validate(System.Xml.Linq.XDocument,System.Xml.Schema.XmlSchemaSet,System.Xml.Schema.ValidationEventHandler)">
    <parameter name="source">
      <attribute ctor="M:JetBrains.Annotations.NotNullAttribute.#ctor" />
    </parameter>
    <parameter name="schemas">
      <attribute ctor="M:JetBrains.Annotations.NotNullAttribute.#ctor" />
    </parameter>
  </member>
  <member name="M:System.Xml.Schema.Extensions.Validate(System.Xml.Linq.XDocument,System.Xml.Schema.XmlSchemaSet,System.Xml.Schema.ValidationEventHandler,System.Boolean)">
    <parameter name="source">
      <attribute ctor="M:JetBrains.Annotations.NotNullAttribute.#ctor" />
    </parameter>
    <parameter name="schemas">
      <attribute ctor="M:JetBrains.Annotations.NotNullAttribute.#ctor" />
    </parameter>
  </member>
  <member name="M:System.Xml.Schema.Extensions.Validate(System.Xml.Linq.XElement,System.Xml.Schema.XmlSchemaObject,System.Xml.Schema.XmlSchemaSet,System.Xml.Schema.ValidationEventHandler)">
    <parameter name="source">
      <attribute ctor="M:JetBrains.Annotations.NotNullAttribute.#ctor" />
    </parameter>
    <parameter name="partialValidationType">
      <attribute ctor="M:JetBrains.Annotations.NotNullAttribute.#ctor" />
    </parameter>
    <parameter name="schemas">
      <attribute ctor="M:JetBrains.Annotations.NotNullAttribute.#ctor" />
    </parameter>
  </member>
  <member name="M:System.Xml.Schema.Extensions.Validate(System.Xml.Linq.XElement,System.Xml.Schema.XmlSchemaObject,System.Xml.Schema.XmlSchemaSet,System.Xml.Schema.ValidationEventHandler,System.Boolean)">
    <parameter name="source">
      <attribute ctor="M:JetBrains.Annotations.NotNullAttribute.#ctor" />
    </parameter>
    <parameter name="partialValidationType">
      <attribute ctor="M:JetBrains.Annotations.NotNullAttribute.#ctor" />
    </parameter>
    <parameter name="schemas">
      <attribute ctor="M:JetBrains.Annotations.NotNullAttribute.#ctor" />
    </parameter>
  </member>
  <member name="M:System.Xml.XPath.Extensions.CreateNavigator(System.Xml.Linq.XNode)">
    <attribute ctor="M:JetBrains.Annotations.NotNullAttribute.#ctor" />
    <parameter name="node">
      <attribute ctor="M:JetBrains.Annotations.NotNullAttribute.#ctor" />
    </parameter>
  </member>
  <member name="M:System.Xml.XPath.Extensions.CreateNavigator(System.Xml.Linq.XNode,System.Xml.XmlNameTable)">
    <attribute ctor="M:JetBrains.Annotations.NotNullAttribute.#ctor" />
    <parameter name="node">
      <attribute ctor="M:JetBrains.Annotations.NotNullAttribute.#ctor" />
    </parameter>
  </member>
  <member name="M:System.Xml.XPath.Extensions.XPathEvaluate(System.Xml.Linq.XNode,System.String)">
    <parameter name="expression">
      <attribute ctor="M:JetBrains.Annotations.NotNullAttribute.#ctor" />
    </parameter>
  </member>
  <member name="M:System.Xml.XPath.Extensions.XPathEvaluate(System.Xml.Linq.XNode,System.String,System.Xml.IXmlNamespaceResolver)">
    <parameter name="expression">
      <attribute ctor="M:JetBrains.Annotations.NotNullAttribute.#ctor" />
    </parameter>
  </member>
  <member name="M:System.Xml.XPath.Extensions.XPathSelectElement(System.Xml.Linq.XNode,System.String)">
    <parameter name="expression">
      <attribute ctor="M:JetBrains.Annotations.NotNullAttribute.#ctor" />
    </parameter>
  </member>
  <member name="M:System.Xml.XPath.Extensions.XPathSelectElement(System.Xml.Linq.XNode,System.String,System.Xml.IXmlNamespaceResolver)">
    <parameter name="expression">
      <attribute ctor="M:JetBrains.Annotations.NotNullAttribute.#ctor" />
    </parameter>
  </member>
  <member name="M:System.Xml.XPath.Extensions.XPathSelectElements(System.Xml.Linq.XNode,System.String)">
    <parameter name="expression">
      <attribute ctor="M:JetBrains.Annotations.NotNullAttribute.#ctor" />
    </parameter>
  </member>
  <member name="M:System.Xml.XPath.Extensions.XPathSelectElements(System.Xml.Linq.XNode,System.String,System.Xml.IXmlNamespaceResolver)">
    <parameter name="expression">
      <attribute ctor="M:JetBrains.Annotations.NotNullAttribute.#ctor" />
    </parameter>
  </member>
</assembly>