﻿<?xml version="1.0" encoding="utf-8"?>
<assembly name="System.Net, Version=2.0.5.0">
  <member name="M:System.IPv4AddressHelper.IsValid(System.Char*,System.Int32,System.Int32@,System.Boolean,System.Boolean)">
    <parameter name="name">
      <attribute ctor="M:JetBrains.Annotations.NotNullAttribute.#ctor" />
    </parameter>
  </member>
  <member name="M:System.IPv4AddressHelper.Parse(System.String,System.Byte*,System.Int32,System.Int32)">
    <parameter name="name">
      <attribute ctor="M:JetBrains.Annotations.NotNullAttribute.#ctor" />
    </parameter>
    <parameter name="numbers">
      <attribute ctor="M:JetBrains.Annotations.NotNullAttribute.#ctor" />
    </parameter>
  </member>
  <member name="M:System.IPv4AddressHelper.ParseCanonicalName(System.String,System.Int32,System.Int32,System.Boolean@)">
    <attribute ctor="M:JetBrains.Annotations.NotNullAttribute.#ctor" />
    <parameter name="str">
      <attribute ctor="M:JetBrains.Annotations.NotNullAttribute.#ctor" />
    </parameter>
  </member>
  <member name="M:System.IPv4AddressHelper.ParseHostNumber(System.String,System.Int32,System.Int32)">
    <parameter name="str">
      <attribute ctor="M:JetBrains.Annotations.NotNullAttribute.#ctor" />
    </parameter>
  </member>
  <member name="M:System.IPv6AddressHelper.CreateCanonicalName(System.UInt16*)">
    <attribute ctor="M:JetBrains.Annotations.NotNullAttribute.#ctor" />
    <parameter name="numbers">
      <attribute ctor="M:JetBrains.Annotations.NotNullAttribute.#ctor" />
    </parameter>
  </member>
  <member name="M:System.IPv6AddressHelper.IsValid(System.Char*,System.Int32,System.Int32@)">
    <parameter name="name">
      <attribute ctor="M:JetBrains.Annotations.NotNullAttribute.#ctor" />
    </parameter>
  </member>
  <member name="M:System.IPv6AddressHelper.Parse(System.String,System.UInt16*,System.Int32,System.String@)">
    <parameter name="address">
      <attribute ctor="M:JetBrains.Annotations.NotNullAttribute.#ctor" />
    </parameter>
    <parameter name="numbers">
      <attribute ctor="M:JetBrains.Annotations.NotNullAttribute.#ctor" />
    </parameter>
  </member>
  <member name="M:System.IPv6AddressHelper.ParseCanonicalName(System.String,System.Int32,System.Boolean@,System.String@)">
    <attribute ctor="M:JetBrains.Annotations.NotNullAttribute.#ctor" />
    <parameter name="str">
      <attribute ctor="M:JetBrains.Annotations.NotNullAttribute.#ctor" />
    </parameter>
  </member>
  <member name="M:System.Net.AlternativeMarshaller.PtrToStringAnsiOrUtf8(System.Byte[])">
    <attribute ctor="M:JetBrains.Annotations.NotNullAttribute.#ctor" />
    <parameter name="ptr">
      <attribute ctor="M:JetBrains.Annotations.NotNullAttribute.#ctor" />
    </parameter>
  </member>
  <member name="M:System.Net.AlternativeMarshaller.PtrToStringAnsiOrUtf8(System.IntPtr)">
    <attribute ctor="M:JetBrains.Annotations.NotNullAttribute.#ctor" />
  </member>
  <member name="M:System.Net.AlternativeMarshaller.StringToAnsi(System.String)">
    <attribute ctor="M:JetBrains.Annotations.CanBeNullAttribute.#ctor" />
  </member>
  <member name="M:System.Net.AlternativeMarshaller.UnsafeAddrOfPinnedArrayElement(System.Byte[],System.Int32)">
    <attribute ctor="M:JetBrains.Annotations.NotNullAttribute.#ctor" />
    <parameter name="byteArray">
      <attribute ctor="M:JetBrains.Annotations.NotNullAttribute.#ctor" />
    </parameter>
  </member>
  <member name="M:System.Net.BufferOffsetSize.#ctor(System.Byte[],System.Boolean)">
    <parameter name="buffer">
      <attribute ctor="M:JetBrains.Annotations.NotNullAttribute.#ctor" />
    </parameter>
  </member>
  <member name="M:System.Net.CaseInsensitiveAscii.Equals(System.String,System.String)">
    <parameter name="secondString">
      <attribute ctor="M:JetBrains.Annotations.CanBeNullAttribute.#ctor" />
    </parameter>
    <parameter name="firstString">
      <attribute ctor="M:JetBrains.Annotations.CanBeNullAttribute.#ctor" />
    </parameter>
  </member>
  <member name="M:System.Net.CaseInsensitiveAscii.FastGetHashCode(System.String)">
    <parameter name="myString">
      <attribute ctor="M:JetBrains.Annotations.NotNullAttribute.#ctor" />
    </parameter>
  </member>
  <member name="M:System.Net.CaseInsensitiveAscii.GetHashCode(System.String)">
    <parameter name="myString">
      <attribute ctor="M:JetBrains.Annotations.CanBeNullAttribute.#ctor" />
    </parameter>
  </member>
  <member name="M:System.Net.Comparer.System#Collections#IComparer#Compare(System.Object,System.Object)">
    <parameter name="or">
      <attribute ctor="M:JetBrains.Annotations.NotNullAttribute.#ctor" />
    </parameter>
    <parameter name="ol">
      <attribute ctor="M:JetBrains.Annotations.NotNullAttribute.#ctor" />
    </parameter>
  </member>
  <member name="M:System.Net.Cookie.InternalSetName(System.String)">
    <parameter name="value">
      <attribute ctor="M:JetBrains.Annotations.NotNullAttribute.#ctor" />
    </parameter>
  </member>
  <member name="M:System.Net.Cookie.VerifySetDefaults(System.Net.CookieVariant,,System.Boolean,System.String,System.Boolean,System.Boolean)">
    <parameter name="localDomain">
      <attribute ctor="M:JetBrains.Annotations.NotNullAttribute.#ctor" />
    </parameter>
  </member>
  <member name="M:System.Net.CookieCollection.Add(System.Net.Cookie)">
    <parameter name="cookie">
      <attribute ctor="M:JetBrains.Annotations.NotNullAttribute.#ctor" />
    </parameter>
  </member>
  <member name="M:System.Net.CookieCollection.Add(System.Net.CookieCollection)">
    <parameter name="cookies">
      <attribute ctor="M:JetBrains.Annotations.NotNullAttribute.#ctor" />
    </parameter>
  </member>
  <member name="M:System.Net.CookieCollection.CookieCollectionEnumerator.#ctor(System.Net.CookieCollection)">
    <parameter name="cookies">
      <attribute ctor="M:JetBrains.Annotations.NotNullAttribute.#ctor" />
    </parameter>
  </member>
  <member name="P:System.Net.CookieCollection.CookieCollectionEnumerator.System#Collections#IEnumerator#Current">
    <attribute ctor="M:JetBrains.Annotations.CanBeNullAttribute.#ctor" />
  </member>
  <member name="M:System.Net.CookieCollection.IndexOf(System.Net.Cookie)">
    <parameter name="cookie">
      <attribute ctor="M:JetBrains.Annotations.NotNullAttribute.#ctor" />
    </parameter>
  </member>
  <member name="M:System.Net.CookieCollection.InternalAdd(System.Net.Cookie,System.Boolean)">
    <parameter name="cookie">
      <attribute ctor="M:JetBrains.Annotations.NotNullAttribute.#ctor" />
    </parameter>
  </member>
  <member name="P:System.Net.CookieCollection.Item(System.String)">
    <attribute ctor="M:JetBrains.Annotations.CanBeNullAttribute.#ctor" />
  </member>
  <member name="M:System.Net.CookieContainer.Add(,System.Net.Cookie)">
    <parameter name="uri">
      <attribute ctor="M:JetBrains.Annotations.NotNullAttribute.#ctor" />
    </parameter>
    <parameter name="cookie">
      <attribute ctor="M:JetBrains.Annotations.NotNullAttribute.#ctor" />
    </parameter>
  </member>
  <member name="M:System.Net.CookieContainer.Add(,System.Net.CookieCollection)">
    <parameter name="uri">
      <attribute ctor="M:JetBrains.Annotations.NotNullAttribute.#ctor" />
    </parameter>
    <parameter name="cookies">
      <attribute ctor="M:JetBrains.Annotations.NotNullAttribute.#ctor" />
    </parameter>
  </member>
  <member name="M:System.Net.CookieContainer.Add(System.Net.Cookie,System.Boolean)">
    <parameter name="cookie">
      <attribute ctor="M:JetBrains.Annotations.NotNullAttribute.#ctor" />
    </parameter>
  </member>
  <member name="M:System.Net.CookieContainer.AddRemoveDomain(System.String,System.Net.PathList)">
    <parameter name="key">
      <attribute ctor="M:JetBrains.Annotations.NotNullAttribute.#ctor" />
    </parameter>
  </member>
  <member name="M:System.Net.CookieContainer.CookieCutter(,System.String,System.String,System.Boolean)">
    <attribute ctor="M:JetBrains.Annotations.NotNullAttribute.#ctor" />
    <parameter name="setCookieHeader">
      <attribute ctor="M:JetBrains.Annotations.NotNullAttribute.#ctor" />
    </parameter>
  </member>
  <member name="M:System.Net.CookieContainer.ExpireCollection(System.Net.CookieCollection)">
    <parameter name="cc">
      <attribute ctor="M:JetBrains.Annotations.NotNullAttribute.#ctor" />
    </parameter>
  </member>
  <member name="M:System.Net.CookieContainer.GetCookieHeader()">
    <parameter name="uri">
      <attribute ctor="M:JetBrains.Annotations.NotNullAttribute.#ctor" />
    </parameter>
  </member>
  <member name="M:System.Net.CookieContainer.GetCookies()">
    <parameter name="uri">
      <attribute ctor="M:JetBrains.Annotations.NotNullAttribute.#ctor" />
    </parameter>
    <attribute ctor="M:JetBrains.Annotations.NotNullAttribute.#ctor" />
  </member>
  <member name="M:System.Net.CookieContainer.InternalGetCookies()">
    <attribute ctor="M:JetBrains.Annotations.NotNullAttribute.#ctor" />
  </member>
  <member name="M:System.Net.CookieContainer.IsLocal(System.String)">
    <parameter name="host">
      <attribute ctor="M:JetBrains.Annotations.NotNullAttribute.#ctor" />
    </parameter>
  </member>
  <member name="M:System.Net.CookieContainer.MergeUpdateCollections(System.Net.CookieCollection,System.Net.CookieCollection,System.Int32,System.Boolean,System.Boolean)">
    <parameter name="destination">
      <attribute ctor="M:JetBrains.Annotations.NotNullAttribute.#ctor" />
    </parameter>
    <parameter name="source">
      <attribute ctor="M:JetBrains.Annotations.NotNullAttribute.#ctor" />
    </parameter>
  </member>
  <member name="M:System.Net.CookieContainer.SetCookies(,System.String)">
    <parameter name="uri">
      <attribute ctor="M:JetBrains.Annotations.NotNullAttribute.#ctor" />
    </parameter>
    <parameter name="cookieHeader">
      <attribute ctor="M:JetBrains.Annotations.NotNullAttribute.#ctor" />
    </parameter>
  </member>
  <member name="M:System.Net.CookieParser.#ctor(System.String)">
    <parameter name="cookieString">
      <attribute ctor="M:JetBrains.Annotations.NotNullAttribute.#ctor" />
    </parameter>
  </member>
  <member name="M:System.Net.CookieParser.CheckQuoted(System.String)">
    <attribute ctor="M:JetBrains.Annotations.NotNullAttribute.#ctor" />
    <parameter name="value">
      <attribute ctor="M:JetBrains.Annotations.NotNullAttribute.#ctor" />
    </parameter>
  </member>
  <member name="M:System.Net.CookieParser.Get">
    <attribute ctor="M:JetBrains.Annotations.CanBeNullAttribute.#ctor" />
  </member>
  <member name="M:System.Net.CookieParser.GetServer">
    <attribute ctor="M:JetBrains.Annotations.CanBeNullAttribute.#ctor" />
  </member>
  <member name="M:System.Net.CookieTokenizer.#ctor(System.String)">
    <parameter name="tokenStream">
      <attribute ctor="M:JetBrains.Annotations.NotNullAttribute.#ctor" />
    </parameter>
  </member>
  <member name="M:System.Net.CookieTokenizer.Extract">
    <attribute ctor="M:JetBrains.Annotations.NotNullAttribute.#ctor" />
  </member>
  <member name="M:System.Net.Dns.GetAddrInfo(System.String)">
    <attribute ctor="M:JetBrains.Annotations.NotNullAttribute.#ctor" />
  </member>
  <member name="M:System.Net.Dns.InternalGetHostByAddress(System.Net.IPAddress,System.Boolean,System.Boolean)">
    <parameter name="address">
      <attribute ctor="M:JetBrains.Annotations.NotNullAttribute.#ctor" />
    </parameter>
    <attribute ctor="M:JetBrains.Annotations.NotNullAttribute.#ctor" />
  </member>
  <member name="M:System.Net.Dns.InternalGetHostByName(System.String,System.Boolean)">
    <parameter name="hostName">
      <attribute ctor="M:JetBrains.Annotations.NotNullAttribute.#ctor" />
    </parameter>
    <attribute ctor="M:JetBrains.Annotations.NotNullAttribute.#ctor" />
  </member>
  <member name="M:System.Net.Dns.NativeToHostEntry(System.IntPtr)">
    <attribute ctor="M:JetBrains.Annotations.NotNullAttribute.#ctor" />
  </member>
  <member name="M:System.Net.Dns.TryGetNameInfo(System.Net.IPAddress,System.Net.Sockets.SocketError@,System.Net.Sockets.SocketError@)">
    <attribute ctor="M:JetBrains.Annotations.CanBeNullAttribute.#ctor" />
    <parameter name="addr">
      <attribute ctor="M:JetBrains.Annotations.NotNullAttribute.#ctor" />
    </parameter>
  </member>
  <member name="M:System.Net.DnsEndPoint.#ctor(System.String,System.Int32)">
    <parameter name="host">
      <attribute ctor="M:JetBrains.Annotations.NotNullAttribute.#ctor" />
    </parameter>
  </member>
  <member name="M:System.Net.DnsEndPoint.#ctor(System.String,System.Int32,System.Net.Sockets.AddressFamily)">
    <parameter name="host">
      <attribute ctor="M:JetBrains.Annotations.NotNullAttribute.#ctor" />
    </parameter>
  </member>
  <member name="M:System.Net.EndPoint.Create(System.Net.SocketAddress)">
    <parameter name="socketAddress">
      <attribute ctor="M:JetBrains.Annotations.NotNullAttribute.#ctor" />
    </parameter>
  </member>
  <member name="M:System.Net.GlobalLog.Assert(System.Boolean,System.String,System.Object[])">
    <parameter name="messageFormat">
      <attribute ctor="M:JetBrains.Annotations.NotNullAttribute.#ctor" />
    </parameter>
    <parameter name="data">
      <attribute ctor="M:JetBrains.Annotations.NotNullAttribute.#ctor" />
    </parameter>
  </member>
  <member name="M:System.Net.GroupSourceRequest.#ctor(System.Net.IPAddress,System.Net.IPAddress,System.Int32)">
    <parameter name="sourceAddress">
      <attribute ctor="M:JetBrains.Annotations.NotNullAttribute.#ctor" />
    </parameter>
    <parameter name="groupAddress">
      <attribute ctor="M:JetBrains.Annotations.NotNullAttribute.#ctor" />
    </parameter>
  </member>
  <member name="P:System.Net.HeaderInfoTable.Item(System.String)">
    <parameter name="name">
      <attribute ctor="M:JetBrains.Annotations.NotNullAttribute.#ctor" />
    </parameter>
  </member>
  <member name="M:System.Net.HttpDateParse.MapDayMonthToDword(System.Char[],System.Int32)">
    <parameter name="lpszDay">
      <attribute ctor="M:JetBrains.Annotations.NotNullAttribute.#ctor" />
    </parameter>
  </member>
  <member name="M:System.Net.HttpDateParse.ParseCookieDate(System.String,System.DateTime@)">
    <parameter name="dateString">
      <attribute ctor="M:JetBrains.Annotations.NotNullAttribute.#ctor" />
    </parameter>
  </member>
  <member name="M:System.Net.HttpDateParse.ParseHttpDate(System.String,System.DateTime@)">
    <parameter name="DateString">
      <attribute ctor="M:JetBrains.Annotations.NotNullAttribute.#ctor" />
    </parameter>
  </member>
  <member name="M:System.Net.IPAddress.#ctor(System.Byte[])">
    <parameter name="address">
      <attribute ctor="M:JetBrains.Annotations.NotNullAttribute.#ctor" />
    </parameter>
  </member>
  <member name="M:System.Net.IPAddress.#ctor(System.Byte[],System.Int64)">
    <parameter name="address">
      <attribute ctor="M:JetBrains.Annotations.NotNullAttribute.#ctor" />
    </parameter>
  </member>
  <member name="M:System.Net.IPAddress.GetAddressBytes">
    <attribute ctor="M:JetBrains.Annotations.NotNullAttribute.#ctor" />
  </member>
  <member name="M:System.Net.IPAddress.InternalParse(System.String,System.Boolean)">
    <attribute ctor="M:JetBrains.Annotations.CanBeNullAttribute.#ctor" />
    <parameter name="ipString">
      <attribute ctor="M:JetBrains.Annotations.NotNullAttribute.#ctor" />
    </parameter>
  </member>
  <member name="M:System.Net.IPAddress.IsLoopback(System.Net.IPAddress)">
    <parameter name="address">
      <attribute ctor="M:JetBrains.Annotations.NotNullAttribute.#ctor" />
    </parameter>
  </member>
  <member name="M:System.Net.IPAddress.Parse(System.String)">
    <parameter name="ipString">
      <attribute ctor="M:JetBrains.Annotations.NotNullAttribute.#ctor" />
    </parameter>
  </member>
  <member name="M:System.Net.IPAddress.Snapshot">
    <attribute ctor="M:JetBrains.Annotations.NotNullAttribute.#ctor" />
  </member>
  <member name="M:System.Net.IPAddress.TryParse(System.String,System.Net.IPAddress@)">
    <parameter name="ipString">
      <attribute ctor="M:JetBrains.Annotations.NotNullAttribute.#ctor" />
    </parameter>
  </member>
  <member name="M:System.Net.IPEndPoint.#ctor(System.Net.IPAddress,System.Int32)">
    <parameter name="address">
      <attribute ctor="M:JetBrains.Annotations.NotNullAttribute.#ctor" />
    </parameter>
  </member>
  <member name="M:System.Net.IPEndPoint.Create(System.Net.SocketAddress)">
    <attribute ctor="M:JetBrains.Annotations.NotNullAttribute.#ctor" />
  </member>
  <member name="M:System.Net.IPEndPoint.Serialize">
    <attribute ctor="M:JetBrains.Annotations.NotNullAttribute.#ctor" />
  </member>
  <member name="M:System.Net.IPEndPoint.Snapshot">
    <attribute ctor="M:JetBrains.Annotations.NotNullAttribute.#ctor" />
  </member>
  <member name="P:System.Net.LazyAsyncResult.AsyncWaitHandle">
    <attribute ctor="M:JetBrains.Annotations.NotNullAttribute.#ctor" />
  </member>
  <member name="P:System.Net.LazyAsyncResult.CurrentThreadContext">
    <attribute ctor="M:JetBrains.Annotations.NotNullAttribute.#ctor" />
  </member>
  <member name="P:System.Net.Logging.HttpListener">
    <attribute ctor="M:JetBrains.Annotations.CanBeNullAttribute.#ctor" />
  </member>
  <member name="P:System.Net.Logging.Sockets">
    <attribute ctor="M:JetBrains.Annotations.CanBeNullAttribute.#ctor" />
  </member>
  <member name="P:System.Net.Logging.Web">
    <attribute ctor="M:JetBrains.Annotations.CanBeNullAttribute.#ctor" />
  </member>
  <member name="M:System.Net.NameValueFromDictionary.Add(System.String,System.String)">
    <parameter name="key">
      <attribute ctor="M:JetBrains.Annotations.NotNullAttribute.#ctor" />
    </parameter>
  </member>
  <member name="M:System.Net.NameValueFromDictionary.Get(System.String)">
    <parameter name="name">
      <attribute ctor="M:JetBrains.Annotations.NotNullAttribute.#ctor" />
    </parameter>
  </member>
  <member name="M:System.Net.NameValueFromDictionary.GetValues(System.Int32)">
    <attribute ctor="M:JetBrains.Annotations.CanBeNullAttribute.#ctor" />
  </member>
  <member name="M:System.Net.NameValueFromDictionary.GetValues(System.String)">
    <attribute ctor="M:JetBrains.Annotations.CanBeNullAttribute.#ctor" />
    <parameter name="name">
      <attribute ctor="M:JetBrains.Annotations.NotNullAttribute.#ctor" />
    </parameter>
  </member>
  <member name="M:System.Net.NameValueFromDictionary.Set(System.String,System.String)">
    <parameter name="key">
      <attribute ctor="M:JetBrains.Annotations.NotNullAttribute.#ctor" />
    </parameter>
  </member>
  <member name="M:System.Net.NetworkCredential.Decrypt(System.Byte[])">
    <attribute ctor="M:JetBrains.Annotations.NotNullAttribute.#ctor" />
  </member>
  <member name="M:System.Net.NetworkCredential.Encrypt(System.String)">
    <attribute ctor="M:JetBrains.Annotations.CanBeNullAttribute.#ctor" />
  </member>
  <member name="M:System.Net.NetworkCredential.GetCredential(,System.String)">
    <attribute ctor="M:JetBrains.Annotations.NotNullAttribute.#ctor" />
  </member>
  <member name="M:System.Net.NetworkCredential.InternalGetDomain">
    <attribute ctor="M:JetBrains.Annotations.NotNullAttribute.#ctor" />
  </member>
  <member name="M:System.Net.NetworkCredential.InternalGetPassword">
    <attribute ctor="M:JetBrains.Annotations.NotNullAttribute.#ctor" />
  </member>
  <member name="M:System.Net.NetworkCredential.InternalGetUserName">
    <attribute ctor="M:JetBrains.Annotations.NotNullAttribute.#ctor" />
  </member>
  <member name="M:System.Net.PathList.GetEnumerator">
    <attribute ctor="M:JetBrains.Annotations.NotNullAttribute.#ctor" />
  </member>
  <member name="P:System.Net.PathList.Item(System.String)">
    <parameter name="s">
      <attribute ctor="M:JetBrains.Annotations.NotNullAttribute.#ctor" />
    </parameter>
  </member>
  <member name="M:System.Net.PathList.PathListComparer.System#Collections#IComparer#Compare(System.Object,System.Object)">
    <parameter name="ol">
      <attribute ctor="M:JetBrains.Annotations.NotNullAttribute.#ctor" />
    </parameter>
    <parameter name="or">
      <attribute ctor="M:JetBrains.Annotations.NotNullAttribute.#ctor" />
    </parameter>
  </member>
  <member name="P:System.Net.PathList.Values">
    <attribute ctor="M:JetBrains.Annotations.NotNullAttribute.#ctor" />
  </member>
  <member name="M:System.Net.ResolvedDnsEndPoint.GetNextAddress">
    <attribute ctor="M:JetBrains.Annotations.CanBeNullAttribute.#ctor" />
  </member>
  <member name="M:System.Net.SafeCloseSocket.CreateSocket(System.Net.SafeCloseSocket.InnerSafeCloseSocket)">
    <attribute ctor="M:JetBrains.Annotations.NotNullAttribute.#ctor" />
  </member>
  <member name="M:System.Net.SafeCloseSocket.CreateSocket(System.Net.SafeCloseSocket.InnerSafeCloseSocket,System.Net.SafeCloseSocket)">
    <parameter name="target">
      <attribute ctor="M:JetBrains.Annotations.NotNullAttribute.#ctor" />
    </parameter>
  </member>
  <member name="M:System.Net.SafeCloseSocket.CreateWSASocket(System.Net.Sockets.AddressFamily,System.Net.Sockets.SocketType,System.Net.Sockets.ProtocolType,System.Net.Sockets.SocketError@)">
    <attribute ctor="M:JetBrains.Annotations.NotNullAttribute.#ctor" />
  </member>
  <member name="M:System.Net.SafeCloseSocket.InnerSafeCloseSocket.CreateWSASocket(System.Net.Sockets.AddressFamily,System.Net.Sockets.SocketType,System.Net.Sockets.ProtocolType,System.Net.Sockets.SocketError@)">
    <attribute ctor="M:JetBrains.Annotations.NotNullAttribute.#ctor" />
  </member>
  <member name="M:System.Net.SafeCloseSocket.SetInnerSocket(System.Net.SafeCloseSocket.InnerSafeCloseSocket)">
    <parameter name="socket">
      <attribute ctor="M:JetBrains.Annotations.NotNullAttribute.#ctor" />
    </parameter>
  </member>
  <member name="M:System.Net.ScatterGatherBuffers.AllocateMemoryChunk(System.Int32)">
    <attribute ctor="M:JetBrains.Annotations.NotNullAttribute.#ctor" />
  </member>
  <member name="M:System.Net.ScatterGatherBuffers.GetBuffers">
    <attribute ctor="M:JetBrains.Annotations.CanBeNullAttribute.#ctor" />
  </member>
  <member name="P:System.Net.Sockets.AsyncResult.AsyncWaitHandle">
    <attribute ctor="M:JetBrains.Annotations.CanBeNullAttribute.#ctor" />
  </member>
  <member name="M:System.Net.Sockets.AsyncResult.End``1(System.IAsyncResult)">
    <attribute ctor="M:JetBrains.Annotations.NotNullAttribute.#ctor" />
    <parameter name="result">
      <attribute ctor="M:JetBrains.Annotations.NotNullAttribute.#ctor" />
    </parameter>
  </member>
  <member name="M:System.Net.Sockets.CrossDomainSocketPolicyManager.DoPolicyCheck(System.Net.Sockets.SocketPolicyAsyncResult)">
    <parameter name="result">
      <attribute ctor="M:JetBrains.Annotations.NotNullAttribute.#ctor" />
    </parameter>
  </member>
  <member name="M:System.Net.Sockets.DynamicWinsockMethods.GetMethods(System.Net.Sockets.AddressFamily,System.Net.Sockets.SocketType,System.Net.Sockets.ProtocolType)">
    <attribute ctor="M:JetBrains.Annotations.NotNullAttribute.#ctor" />
  </member>
  <member name="M:System.Net.Sockets.HttpPolicyDownloaderProtocol.ReadCallback(System.IAsyncResult)">
    <parameter name="ar">
      <attribute ctor="M:JetBrains.Annotations.NotNullAttribute.#ctor" />
    </parameter>
  </member>
  <member name="M:System.Net.Sockets.HttpPolicyDownloaderProtocolCallbacks.DownloadCallback(System.IAsyncResult)">
    <parameter name="result">
      <attribute ctor="M:JetBrains.Annotations.NotNullAttribute.#ctor" />
    </parameter>
  </member>
  <member name="M:System.Net.Sockets.HttpPolicyDownloaderProtocolCallbacks.ReadCallback(System.IAsyncResult)">
    <parameter name="result">
      <attribute ctor="M:JetBrains.Annotations.NotNullAttribute.#ctor" />
    </parameter>
  </member>
  <member name="M:System.Net.Sockets.ISocketPolicyManager.BeginPolicyCheck(System.Net.Sockets.ProtocolType,System.Net.Sockets.SocketClientAccessPolicyProtocol,System.Net.IPEndPoint,System.Net.Sockets.ISocketPolicyManager.SocketPolicyCheckCallback,System.Object)">
    <attribute ctor="M:JetBrains.Annotations.NotNullAttribute.#ctor" />
  </member>
  <member name="M:System.Net.Sockets.MulticastPolicyCheckAsyncResult.AnnouncementPacketSent(System.IAsyncResult)">
    <parameter name="result">
      <attribute ctor="M:JetBrains.Annotations.NotNullAttribute.#ctor" />
    </parameter>
  </member>
  <member name="M:System.Net.Sockets.MulticastPolicyCheckOperation.BeginReceiveAuthorizationPacket(System.Net.Sockets.CallbackWrapper,System.Object)">
    <attribute ctor="M:JetBrains.Annotations.NotNullAttribute.#ctor" />
  </member>
  <member name="M:System.Net.Sockets.MulticastPolicyCheckOperation.BeginSendAnnouncementPacket(System.Net.Sockets.MulticastPolicyPacket,System.Net.Sockets.CallbackWrapper,System.Object)">
    <parameter name="packet">
      <attribute ctor="M:JetBrains.Annotations.NotNullAttribute.#ctor" />
    </parameter>
    <attribute ctor="M:JetBrains.Annotations.NotNullAttribute.#ctor" />
  </member>
  <member name="M:System.Net.Sockets.MulticastPolicyCheckOperation.EndReceiveAuthorizationPacket(System.IAsyncResult)">
    <attribute ctor="M:JetBrains.Annotations.CanBeNullAttribute.#ctor" />
  </member>
  <member name="M:System.Net.Sockets.MulticastPolicyCheckOperation.EndSendAnnouncementPacket(System.IAsyncResult)">
    <parameter name="result">
      <attribute ctor="M:JetBrains.Annotations.NotNullAttribute.#ctor" />
    </parameter>
  </member>
  <member name="M:System.Net.Sockets.MulticastPolicyManager.AbortPolicyCheck(System.Net.Sockets.MulticastPolicyCheckAsyncResult)">
    <parameter name="result">
      <attribute ctor="M:JetBrains.Annotations.NotNullAttribute.#ctor" />
    </parameter>
  </member>
  <member name="M:System.Net.Sockets.MulticastPolicyManager.AddToPendingPolicyChecks(System.Net.Sockets.MulticastPolicyCheckAsyncResult)">
    <parameter name="result">
      <attribute ctor="M:JetBrains.Annotations.NotNullAttribute.#ctor" />
    </parameter>
  </member>
  <member name="M:System.Net.Sockets.MulticastPolicyManager.EndPolicyCheck(System.IAsyncResult)">
    <parameter name="result">
      <attribute ctor="M:JetBrains.Annotations.NotNullAttribute.#ctor" />
    </parameter>
  </member>
  <member name="M:System.Net.Sockets.MulticastPolicyManager.RemoveFromPendingPolicyChecks(System.Net.Sockets.MulticastPolicyCheckAsyncResult)">
    <parameter name="result">
      <attribute ctor="M:JetBrains.Annotations.NotNullAttribute.#ctor" />
    </parameter>
  </member>
  <member name="M:System.Net.Sockets.MulticastPolicyPacket.Parse(System.Byte[],System.Int32,System.Int32)">
    <attribute ctor="M:JetBrains.Annotations.CanBeNullAttribute.#ctor" />
    <parameter name="buffer">
      <attribute ctor="M:JetBrains.Annotations.NotNullAttribute.#ctor" />
    </parameter>
  </member>
  <member name="M:System.Net.Sockets.MulticastPolicyPacket.Serialize">
    <attribute ctor="M:JetBrains.Annotations.NotNullAttribute.#ctor" />
  </member>
  <member name="M:System.Net.Sockets.OverlappedAsyncResult.CompletionPortCallback(System.UInt32,System.UInt32,System.Threading.NativeOverlapped*)">
    <parameter name="pOverlapped">
      <attribute ctor="M:JetBrains.Annotations.NotNullAttribute.#ctor" />
    </parameter>
  </member>
  <member name="M:System.Net.Sockets.OverlappedAsyncResult.OverlappedCallback(System.Object,System.Boolean)">
    <parameter name="state">
      <attribute ctor="M:JetBrains.Annotations.NotNullAttribute.#ctor" />
    </parameter>
  </member>
  <member name="M:System.Net.Sockets.OverlappedAsyncResult.SetUnmanagedStructures(System.Byte[],System.Net.SocketAddress)">
    <parameter name="socketAddress">
      <attribute ctor="M:JetBrains.Annotations.NotNullAttribute.#ctor" />
    </parameter>
  </member>
  <member name="M:System.Net.Sockets.ReceiveMessageAsyncResult.SetUnmanagedStructures(System.Byte[],System.Int32,System.Int32,System.Net.SocketAddress)">
    <parameter name="buffer">
      <attribute ctor="M:JetBrains.Annotations.NotNullAttribute.#ctor" />
    </parameter>
    <parameter name="socketAddress">
      <attribute ctor="M:JetBrains.Annotations.NotNullAttribute.#ctor" />
    </parameter>
  </member>
  <member name="M:System.Net.Sockets.SafeFreeSocketPolicy.ParseSocketPolicy(System.String)">
    <parameter name="policyBuffer">
      <attribute ctor="M:JetBrains.Annotations.NotNullAttribute.#ctor" />
    </parameter>
  </member>
  <member name="M:System.Net.Sockets.SecurityCriticalThreadPool.QueueUserWorkItemCallback(System.Object)">
    <parameter name="state">
      <attribute ctor="M:JetBrains.Annotations.NotNullAttribute.#ctor" />
    </parameter>
  </member>
  <member name="M:System.Net.Sockets.SecurityCriticalThreadPool.RegisterWaitForSingleObject(System.Threading.WaitHandle,System.Net.Sockets.SecurityCriticalWaitOrTimerCallback,System.Object,System.Int32,System.Boolean)">
    <attribute ctor="M:JetBrains.Annotations.NotNullAttribute.#ctor" />
  </member>
  <member name="M:System.Net.Sockets.SecurityCriticalThreadPool.RegisterWaitForSingleObjectCallback(System.Object,System.Boolean)">
    <parameter name="state">
      <attribute ctor="M:JetBrains.Annotations.NotNullAttribute.#ctor" />
    </parameter>
  </member>
  <member name="M:System.Net.Sockets.Socket.CallConnectEx(System.Net.Sockets.SocketAsyncEventArgs,System.Boolean)">
    <parameter name="args">
      <attribute ctor="M:JetBrains.Annotations.NotNullAttribute.#ctor" />
    </parameter>
  </member>
  <member name="M:System.Net.Sockets.Socket.CancelConnectAsync(System.Net.Sockets.SocketAsyncEventArgs)">
    <parameter name="e">
      <attribute ctor="M:JetBrains.Annotations.NotNullAttribute.#ctor" />
    </parameter>
  </member>
  <member name="M:System.Net.Sockets.Socket.CanUseConnectEx(System.Net.EndPoint)">
    <parameter name="remoteEP">
      <attribute ctor="M:JetBrains.Annotations.NotNullAttribute.#ctor" />
    </parameter>
  </member>
  <member name="M:System.Net.Sockets.Socket.CheckCacheRemote(System.Net.EndPoint@,System.Boolean)">
    <parameter name="remoteEP">
      <attribute ctor="M:JetBrains.Annotations.NotNullAttribute.#ctor" />
    </parameter>
  </member>
  <member name="M:System.Net.Sockets.Socket.ConnectAsync(System.Net.Sockets.SocketAsyncEventArgs)">
    <parameter name="e">
      <attribute ctor="M:JetBrains.Annotations.NotNullAttribute.#ctor" />
    </parameter>
  </member>
  <member name="M:System.Net.Sockets.Socket.ConnectAsync(System.Net.Sockets.SocketType,System.Net.Sockets.ProtocolType,System.Net.Sockets.SocketAsyncEventArgs)">
    <parameter name="e">
      <attribute ctor="M:JetBrains.Annotations.NotNullAttribute.#ctor" />
    </parameter>
  </member>
  <member name="M:System.Net.Sockets.Socket.ConnectAsyncCallback(System.Object,System.Net.Sockets.SocketAsyncEventArgs)">
    <parameter name="args">
      <attribute ctor="M:JetBrains.Annotations.NotNullAttribute.#ctor" />
    </parameter>
  </member>
  <member name="M:System.Net.Sockets.Socket.DoBind(System.Net.EndPoint,System.Net.SocketAddress)">
    <parameter name="socketAddress">
      <attribute ctor="M:JetBrains.Annotations.NotNullAttribute.#ctor" />
    </parameter>
  </member>
  <member name="M:System.Net.Sockets.Socket.DoConnectAsync(System.Net.Sockets.SocketAsyncEventArgs,System.Net.EndPoint,System.Boolean)">
    <parameter name="args">
      <attribute ctor="M:JetBrains.Annotations.NotNullAttribute.#ctor" />
    </parameter>
    <parameter name="ipEndPoint">
      <attribute ctor="M:JetBrains.Annotations.NotNullAttribute.#ctor" />
    </parameter>
  </member>
  <member name="M:System.Net.Sockets.Socket.DoResolve(System.Net.DnsEndPoint,System.Net.Sockets.SocketAsyncEventArgs)">
    <attribute ctor="M:JetBrains.Annotations.CanBeNullAttribute.#ctor" />
    <parameter name="dnsep">
      <attribute ctor="M:JetBrains.Annotations.NotNullAttribute.#ctor" />
    </parameter>
    <parameter name="usersArgs">
      <attribute ctor="M:JetBrains.Annotations.NotNullAttribute.#ctor" />
    </parameter>
  </member>
  <member name="M:System.Net.Sockets.Socket.EmulateConnectEx(System.Net.Sockets.SocketAsyncEventArgs,System.Boolean)">
    <parameter name="args">
      <attribute ctor="M:JetBrains.Annotations.NotNullAttribute.#ctor" />
    </parameter>
  </member>
  <member name="M:System.Net.Sockets.Socket.EmulateConnectExSendCallback(System.Object,System.Net.Sockets.SocketAsyncEventArgs)">
    <parameter name="args">
      <attribute ctor="M:JetBrains.Annotations.NotNullAttribute.#ctor" />
    </parameter>
  </member>
  <member name="M:System.Net.Sockets.Socket.GetSocketOption(System.Net.Sockets.SocketOptionLevel,System.Net.Sockets.SocketOptionName)">
    <attribute ctor="M:JetBrains.Annotations.NotNullAttribute.#ctor" />
  </member>
  <member name="M:System.Net.Sockets.Socket.PolicyCheckCompleteCallback(System.Net.Sockets.SocketPolicyAsyncResult)">
    <parameter name="result">
      <attribute ctor="M:JetBrains.Annotations.NotNullAttribute.#ctor" />
    </parameter>
  </member>
  <member name="M:System.Net.Sockets.Socket.ReceiveAsync(System.Net.Sockets.SocketAsyncEventArgs)">
    <parameter name="e">
      <attribute ctor="M:JetBrains.Annotations.NotNullAttribute.#ctor" />
    </parameter>
  </member>
  <member name="M:System.Net.Sockets.Socket.ResolveCallback(System.Object)">
    <parameter name="args">
      <attribute ctor="M:JetBrains.Annotations.NotNullAttribute.#ctor" />
    </parameter>
  </member>
  <member name="M:System.Net.Sockets.Socket.SendAsync(System.Net.Sockets.SocketAsyncEventArgs)">
    <parameter name="e">
      <attribute ctor="M:JetBrains.Annotations.NotNullAttribute.#ctor" />
    </parameter>
  </member>
  <member name="M:System.Net.Sockets.Socket.SnapshotAndSerialize(System.Net.EndPoint@)">
    <parameter name="remoteEP">
      <attribute ctor="M:JetBrains.Annotations.NotNullAttribute.#ctor" />
    </parameter>
  </member>
  <member name="M:System.Net.Sockets.Socket.StaticConnectCallback(System.Object,System.Net.Sockets.SocketAsyncEventArgs)">
    <parameter name="sender">
      <attribute ctor="M:JetBrains.Annotations.NotNullAttribute.#ctor" />
    </parameter>
    <parameter name="e">
      <attribute ctor="M:JetBrains.Annotations.NotNullAttribute.#ctor" />
    </parameter>
  </member>
  <member name="M:System.Net.Sockets.Socket.StaticResolveCallback(System.Object)">
    <parameter name="args">
      <attribute ctor="M:JetBrains.Annotations.NotNullAttribute.#ctor" />
    </parameter>
  </member>
  <member name="M:System.Net.Sockets.Socket.ThrowOrFailAsync(System.Exception,System.Net.Sockets.SocketAsyncEventArgs,System.Boolean)">
    <parameter name="ex">
      <attribute ctor="M:JetBrains.Annotations.NotNullAttribute.#ctor" />
    </parameter>
    <parameter name="args">
      <attribute ctor="M:JetBrains.Annotations.NotNullAttribute.#ctor" />
    </parameter>
  </member>
  <member name="M:System.Net.Sockets.Socket.UnsafeConnectAsync(System.Net.Sockets.SocketAsyncEventArgs,System.Net.EndPoint)">
    <parameter name="args">
      <attribute ctor="M:JetBrains.Annotations.NotNullAttribute.#ctor" />
    </parameter>
    <parameter name="ipEndPoint">
      <attribute ctor="M:JetBrains.Annotations.NotNullAttribute.#ctor" />
    </parameter>
  </member>
  <member name="M:System.Net.Sockets.Socket.UnsafeDoConnectAsync(System.Net.Sockets.SocketAsyncEventArgs,System.Net.EndPoint,System.Boolean)">
    <parameter name="args">
      <attribute ctor="M:JetBrains.Annotations.NotNullAttribute.#ctor" />
    </parameter>
    <parameter name="ipEndPoint">
      <attribute ctor="M:JetBrains.Annotations.NotNullAttribute.#ctor" />
    </parameter>
  </member>
  <member name="M:System.Net.Sockets.Socket.UpdateStatusAfterSocketError(System.Net.Sockets.SocketException)">
    <parameter name="socketException">
      <attribute ctor="M:JetBrains.Annotations.NotNullAttribute.#ctor" />
    </parameter>
  </member>
  <member name="M:System.Net.Sockets.SocketAsyncEventArgs.OnCompleted(System.Net.Sockets.SocketAsyncEventArgs)">
    <parameter name="e">
      <attribute ctor="M:JetBrains.Annotations.NotNullAttribute.#ctor" />
    </parameter>
  </member>
  <member name="M:System.Net.Sockets.SocketPolicy.#ctor(,System.String)">
    <parameter name="policy">
      <attribute ctor="M:JetBrains.Annotations.NotNullAttribute.#ctor" />
    </parameter>
  </member>
  <member name="M:System.Net.Sockets.TcpPolicyDownloaderProtocol.ConnectCallback(System.Net.Sockets.SocketAsyncEventArgs)">
    <parameter name="args">
      <attribute ctor="M:JetBrains.Annotations.NotNullAttribute.#ctor" />
    </parameter>
  </member>
  <member name="M:System.Net.Sockets.TcpPolicyDownloaderProtocol.ReceiveCallback(System.Net.Sockets.SocketAsyncEventArgs)">
    <parameter name="args">
      <attribute ctor="M:JetBrains.Annotations.NotNullAttribute.#ctor" />
    </parameter>
  </member>
  <member name="M:System.Net.Sockets.TcpPolicyDownloaderProtocol.SocketCallback(System.Object,System.Net.Sockets.SocketAsyncEventArgs)">
    <parameter name="args">
      <attribute ctor="M:JetBrains.Annotations.NotNullAttribute.#ctor" />
    </parameter>
  </member>
  <member name="M:System.Net.Sockets.TcpPolicyDownloaderProtocol.StartReceive(System.Net.Sockets.SocketAsyncEventArgs)">
    <parameter name="args">
      <attribute ctor="M:JetBrains.Annotations.NotNullAttribute.#ctor" />
    </parameter>
  </member>
  <member name="M:System.Net.Sockets.TcpPolicyDownloaderProtocolCallbacks.SocketCallback(System.Object,System.Net.Sockets.SocketAsyncEventArgs)">
    <parameter name="e">
      <attribute ctor="M:JetBrains.Annotations.NotNullAttribute.#ctor" />
    </parameter>
  </member>
  <member name="M:System.Net.Sockets.UdpAnySourceMulticastClient.#ctor(System.Net.IPAddress,System.Int32)">
    <parameter name="groupAddress">
      <attribute ctor="M:JetBrains.Annotations.NotNullAttribute.#ctor" />
    </parameter>
  </member>
  <member name="M:System.Net.Sockets.UdpAnySourceMulticastClient.BeginJoinGroup(System.AsyncCallback,System.Object)">
    <attribute ctor="M:JetBrains.Annotations.NotNullAttribute.#ctor" />
  </member>
  <member name="M:System.Net.Sockets.UdpAnySourceMulticastClient.BeginReceiveFromGroup(System.Byte[],System.Int32,System.Int32,System.AsyncCallback,System.Object)">
    <parameter name="buffer">
      <attribute ctor="M:JetBrains.Annotations.NotNullAttribute.#ctor" />
    </parameter>
    <attribute ctor="M:JetBrains.Annotations.NotNullAttribute.#ctor" />
  </member>
  <member name="M:System.Net.Sockets.UdpAnySourceMulticastClient.BeginSendTo(System.Byte[],System.Int32,System.Int32,System.Net.IPEndPoint,System.AsyncCallback,System.Object)">
    <parameter name="buffer">
      <attribute ctor="M:JetBrains.Annotations.NotNullAttribute.#ctor" />
    </parameter>
    <parameter name="remoteEndPoint">
      <attribute ctor="M:JetBrains.Annotations.NotNullAttribute.#ctor" />
    </parameter>
    <attribute ctor="M:JetBrains.Annotations.NotNullAttribute.#ctor" />
  </member>
  <member name="M:System.Net.Sockets.UdpAnySourceMulticastClient.BeginSendToGroup(System.Byte[],System.Int32,System.Int32,System.AsyncCallback,System.Object)">
    <parameter name="buffer">
      <attribute ctor="M:JetBrains.Annotations.NotNullAttribute.#ctor" />
    </parameter>
    <attribute ctor="M:JetBrains.Annotations.NotNullAttribute.#ctor" />
  </member>
  <member name="M:System.Net.Sockets.UdpAnySourceMulticastClient.BlockSource(System.Net.IPAddress)">
    <parameter name="sourceAddress">
      <attribute ctor="M:JetBrains.Annotations.NotNullAttribute.#ctor" />
    </parameter>
  </member>
  <member name="M:System.Net.Sockets.UdpAnySourceMulticastClient.EndJoinGroup(System.IAsyncResult)">
    <parameter name="result">
      <attribute ctor="M:JetBrains.Annotations.NotNullAttribute.#ctor" />
    </parameter>
  </member>
  <member name="M:System.Net.Sockets.UdpAnySourceMulticastClient.EndSendTo(System.IAsyncResult)">
    <parameter name="result">
      <attribute ctor="M:JetBrains.Annotations.NotNullAttribute.#ctor" />
    </parameter>
  </member>
  <member name="M:System.Net.Sockets.UdpAnySourceMulticastClient.EndSendToGroup(System.IAsyncResult)">
    <parameter name="result">
      <attribute ctor="M:JetBrains.Annotations.NotNullAttribute.#ctor" />
    </parameter>
  </member>
  <member name="M:System.Net.Sockets.UdpAnySourceMulticastClient.UnblockSource(System.Net.IPAddress)">
    <parameter name="sourceAddress">
      <attribute ctor="M:JetBrains.Annotations.NotNullAttribute.#ctor" />
    </parameter>
  </member>
  <member name="M:System.Net.Sockets.UdpSingleSourceMulticastClient.#ctor(System.Net.IPAddress,System.Net.IPAddress,System.Int32)">
    <parameter name="sourceAddress">
      <attribute ctor="M:JetBrains.Annotations.NotNullAttribute.#ctor" />
    </parameter>
    <parameter name="groupAddress">
      <attribute ctor="M:JetBrains.Annotations.NotNullAttribute.#ctor" />
    </parameter>
  </member>
  <member name="M:System.Net.Sockets.UdpSingleSourceMulticastClient.BeginJoinGroup(System.AsyncCallback,System.Object)">
    <attribute ctor="M:JetBrains.Annotations.NotNullAttribute.#ctor" />
  </member>
  <member name="M:System.Net.Sockets.UdpSingleSourceMulticastClient.BeginReceiveFromSource(System.Byte[],System.Int32,System.Int32,System.AsyncCallback,System.Object)">
    <parameter name="buffer">
      <attribute ctor="M:JetBrains.Annotations.NotNullAttribute.#ctor" />
    </parameter>
    <attribute ctor="M:JetBrains.Annotations.NotNullAttribute.#ctor" />
  </member>
  <member name="M:System.Net.Sockets.UdpSingleSourceMulticastClient.BeginSendToSource(System.Byte[],System.Int32,System.Int32,System.Int32,System.AsyncCallback,System.Object)">
    <parameter name="buffer">
      <attribute ctor="M:JetBrains.Annotations.NotNullAttribute.#ctor" />
    </parameter>
    <attribute ctor="M:JetBrains.Annotations.NotNullAttribute.#ctor" />
  </member>
  <member name="M:System.Net.Sockets.UdpSingleSourceMulticastClient.EndJoinGroup(System.IAsyncResult)">
    <parameter name="result">
      <attribute ctor="M:JetBrains.Annotations.NotNullAttribute.#ctor" />
    </parameter>
  </member>
  <member name="M:System.Net.Sockets.UdpSingleSourceMulticastClient.EndSendToSource(System.IAsyncResult)">
    <parameter name="result">
      <attribute ctor="M:JetBrains.Annotations.NotNullAttribute.#ctor" />
    </parameter>
  </member>
  <member name="M:System.Net.Sockets.UnsafeSocket.AddMembership(System.Net.IPAddress)">
    <parameter name="groupAddress">
      <attribute ctor="M:JetBrains.Annotations.NotNullAttribute.#ctor" />
    </parameter>
  </member>
  <member name="M:System.Net.Sockets.UnsafeSocket.AddSourceMembership(System.Net.IPAddress,System.Net.IPAddress)">
    <parameter name="sourceAddress">
      <attribute ctor="M:JetBrains.Annotations.NotNullAttribute.#ctor" />
    </parameter>
    <parameter name="groupAddress">
      <attribute ctor="M:JetBrains.Annotations.NotNullAttribute.#ctor" />
    </parameter>
  </member>
  <member name="M:System.Net.Sockets.UnsafeSocket.BeginFilterlessReceiveMessageFrom(System.Byte[],System.Int32,System.Int32,System.Net.Sockets.CallbackWrapper,System.Object)">
    <attribute ctor="M:JetBrains.Annotations.NotNullAttribute.#ctor" />
    <parameter name="buffer">
      <attribute ctor="M:JetBrains.Annotations.NotNullAttribute.#ctor" />
    </parameter>
  </member>
  <member name="M:System.Net.Sockets.UnsafeSocket.BeginReceiveMessageFrom(System.Byte[],System.Int32,System.Int32,System.Net.Sockets.CallbackWrapper,System.Object)">
    <attribute ctor="M:JetBrains.Annotations.NotNullAttribute.#ctor" />
    <parameter name="buffer">
      <attribute ctor="M:JetBrains.Annotations.NotNullAttribute.#ctor" />
    </parameter>
  </member>
  <member name="M:System.Net.Sockets.UnsafeSocket.BeginSendTo(System.Byte[],System.Int32,System.Int32,System.Net.IPEndPoint,System.Net.Sockets.CallbackWrapper,System.Object)">
    <attribute ctor="M:JetBrains.Annotations.NotNullAttribute.#ctor" />
    <parameter name="buffer">
      <attribute ctor="M:JetBrains.Annotations.NotNullAttribute.#ctor" />
    </parameter>
    <parameter name="destination">
      <attribute ctor="M:JetBrains.Annotations.NotNullAttribute.#ctor" />
    </parameter>
  </member>
  <member name="M:System.Net.Sockets.UnsafeSocket.Bind(System.Net.IPEndPoint)">
    <parameter name="localEndpoint">
      <attribute ctor="M:JetBrains.Annotations.NotNullAttribute.#ctor" />
    </parameter>
  </member>
  <member name="M:System.Net.Sockets.UnsafeSocket.BlockSource(System.Net.IPAddress,System.Net.IPAddress)">
    <parameter name="sourceAddress">
      <attribute ctor="M:JetBrains.Annotations.NotNullAttribute.#ctor" />
    </parameter>
    <parameter name="groupAddress">
      <attribute ctor="M:JetBrains.Annotations.NotNullAttribute.#ctor" />
    </parameter>
  </member>
  <member name="M:System.Net.Sockets.UnsafeSocket.Create(System.Net.Sockets.AddressFamily,System.Net.Sockets.SocketType,System.Net.Sockets.ProtocolType)">
    <attribute ctor="M:JetBrains.Annotations.NotNullAttribute.#ctor" />
  </member>
  <member name="M:System.Net.Sockets.UnsafeSocket.EmulateAddSourceMembership(System.Net.IPAddress,System.Net.IPAddress)">
    <parameter name="groupAddress">
      <attribute ctor="M:JetBrains.Annotations.NotNullAttribute.#ctor" />
    </parameter>
  </member>
  <member name="M:System.Net.Sockets.UnsafeSocket.EndFilterlessReceiveMessageFrom(System.IAsyncResult,System.Net.IPEndPoint@,System.Net.Sockets.IPPacketInformation@)">
    <parameter name="result">
      <attribute ctor="M:JetBrains.Annotations.NotNullAttribute.#ctor" />
    </parameter>
  </member>
  <member name="M:System.Net.Sockets.UnsafeSocket.EndSendTo(System.IAsyncResult)">
    <parameter name="result">
      <attribute ctor="M:JetBrains.Annotations.NotNullAttribute.#ctor" />
    </parameter>
  </member>
  <member name="M:System.Net.Sockets.UnsafeSocket.FilterReceiveMessageCallback(System.IAsyncResult)">
    <parameter name="result">
      <attribute ctor="M:JetBrains.Annotations.NotNullAttribute.#ctor" />
    </parameter>
  </member>
  <member name="M:System.Net.Sockets.UnsafeSocket.SetIPv6MulticastSourceOption(System.Net.Sockets.SocketOptionName,System.Net.IPAddress,System.Net.IPAddress)">
    <parameter name="sourceAddress">
      <attribute ctor="M:JetBrains.Annotations.NotNullAttribute.#ctor" />
    </parameter>
    <parameter name="groupAddress">
      <attribute ctor="M:JetBrains.Annotations.NotNullAttribute.#ctor" />
    </parameter>
  </member>
  <member name="M:System.Net.Sockets.UnsafeSocket.SetMulticastSourceOption(System.Net.Sockets.SocketOptionName,System.Net.IPAddress,System.Net.IPAddress)">
    <parameter name="sourceAddress">
      <attribute ctor="M:JetBrains.Annotations.NotNullAttribute.#ctor" />
    </parameter>
    <parameter name="groupAddress">
      <attribute ctor="M:JetBrains.Annotations.NotNullAttribute.#ctor" />
    </parameter>
  </member>
  <member name="M:System.Net.Sockets.UnsafeSocket.UnblockSource(System.Net.IPAddress,System.Net.IPAddress)">
    <parameter name="sourceAddress">
      <attribute ctor="M:JetBrains.Annotations.NotNullAttribute.#ctor" />
    </parameter>
    <parameter name="groupAddress">
      <attribute ctor="M:JetBrains.Annotations.NotNullAttribute.#ctor" />
    </parameter>
  </member>
  <member name="M:System.Net.UnsafeNclNativeMethods.OSSOCK.WSARecvMsg(System.Net.SafeCloseSocket,System.IntPtr,System.Int32@,System.IntPtr,System.IntPtr,System.Net.Sockets.WSARecvMsgDelegate,System.Net.Sockets.SocketError@)">
    <parameter name="functionPointer">
      <attribute ctor="M:JetBrains.Annotations.NotNullAttribute.#ctor" />
    </parameter>
  </member>
  <member name="M:System.Net.UnsafeNclNativeMethods.OSSOCK.WSASocket(System.Net.Sockets.AddressFamily,System.Net.Sockets.SocketType,System.Net.Sockets.ProtocolType,System.IntPtr,System.UInt32,System.Net.SocketConstructorFlags,System.Net.Sockets.SocketError@)">
    <attribute ctor="M:JetBrains.Annotations.NotNullAttribute.#ctor" />
  </member>
  <member name="M:System.Net.ValidationHelper.CheckBadWebHeaderChars(System.String,System.Boolean)">
    <attribute ctor="M:JetBrains.Annotations.NotNullAttribute.#ctor" />
  </member>
  <member name="M:System.Net.ValidationHelper.ContainsNonAsciiChars(System.String)">
    <parameter name="token">
      <attribute ctor="M:JetBrains.Annotations.NotNullAttribute.#ctor" />
    </parameter>
  </member>
  <member name="M:System.Net.ValidationHelper.IsValidWebHeaderToken(System.String)">
    <parameter name="token">
      <attribute ctor="M:JetBrains.Annotations.NotNullAttribute.#ctor" />
    </parameter>
  </member>
  <member name="M:System.Net.WebClient.DownloadBits(System.Net.WebRequest,System.IO.Stream,System.Net.CompletionDelegate,)">
    <attribute ctor="M:JetBrains.Annotations.CanBeNullAttribute.#ctor" />
    <parameter name="request">
      <attribute ctor="M:JetBrains.Annotations.NotNullAttribute.#ctor" />
    </parameter>
  </member>
  <member name="M:System.Net.WebClient.DownloadBitsReadCallback(System.IAsyncResult)">
    <parameter name="result">
      <attribute ctor="M:JetBrains.Annotations.NotNullAttribute.#ctor" />
    </parameter>
  </member>
  <member name="M:System.Net.WebClient.DownloadBitsReadCallbackState(System.Net.WebClient.DownloadBitsState,System.IAsyncResult)">
    <parameter name="state">
      <attribute ctor="M:JetBrains.Annotations.NotNullAttribute.#ctor" />
    </parameter>
    <parameter name="result">
      <attribute ctor="M:JetBrains.Annotations.NotNullAttribute.#ctor" />
    </parameter>
  </member>
  <member name="M:System.Net.WebClient.DownloadBitsResponseCallback(System.IAsyncResult)">
    <parameter name="result">
      <attribute ctor="M:JetBrains.Annotations.NotNullAttribute.#ctor" />
    </parameter>
  </member>
  <member name="M:System.Net.WebClient.DownloadBitsState.SetResponse(System.Net.WebResponse)">
    <parameter name="response">
      <attribute ctor="M:JetBrains.Annotations.NotNullAttribute.#ctor" />
    </parameter>
  </member>
  <member name="M:System.Net.WebClient.DownloadStringAsync()">
    <parameter name="address">
      <attribute ctor="M:JetBrains.Annotations.NotNullAttribute.#ctor" />
    </parameter>
  </member>
  <member name="M:System.Net.WebClient.DownloadStringAsync(,System.Object)">
    <parameter name="address">
      <attribute ctor="M:JetBrains.Annotations.NotNullAttribute.#ctor" />
    </parameter>
  </member>
  <member name="M:System.Net.WebClient.GetDefaultEncoding">
    <attribute ctor="M:JetBrains.Annotations.NotNullAttribute.#ctor" />
  </member>
  <member name="M:System.Net.WebClient.GetStringUsingEncoding(System.Net.WebRequest,System.Byte[])">
    <attribute ctor="M:JetBrains.Annotations.NotNullAttribute.#ctor" />
    <parameter name="request">
      <attribute ctor="M:JetBrains.Annotations.NotNullAttribute.#ctor" />
    </parameter>
    <parameter name="data">
      <attribute ctor="M:JetBrains.Annotations.NotNullAttribute.#ctor" />
    </parameter>
  </member>
  <member name="M:System.Net.WebClient.GetUri()">
    <parameter name="address">
      <attribute ctor="M:JetBrains.Annotations.NotNullAttribute.#ctor" />
    </parameter>
  </member>
  <member name="M:System.Net.WebClient.GetWebRequest()">
    <parameter name="address">
      <attribute ctor="M:JetBrains.Annotations.NotNullAttribute.#ctor" />
    </parameter>
  </member>
  <member name="M:System.Net.WebClient.GetWebResponse(System.Net.WebRequest,System.IAsyncResult)">
    <parameter name="request">
      <attribute ctor="M:JetBrains.Annotations.NotNullAttribute.#ctor" />
    </parameter>
  </member>
  <member name="M:System.Net.WebClient.MapToDefaultMethod()">
    <attribute ctor="M:JetBrains.Annotations.NotNullAttribute.#ctor" />
  </member>
  <member name="M:System.Net.WebClient.OpenReadAsync()">
    <parameter name="address">
      <attribute ctor="M:JetBrains.Annotations.NotNullAttribute.#ctor" />
    </parameter>
  </member>
  <member name="M:System.Net.WebClient.OpenReadAsync(,System.Object)">
    <parameter name="address">
      <attribute ctor="M:JetBrains.Annotations.NotNullAttribute.#ctor" />
    </parameter>
  </member>
  <member name="M:System.Net.WebClient.OpenReadAsyncCallback(System.IAsyncResult)">
    <parameter name="result">
      <attribute ctor="M:JetBrains.Annotations.NotNullAttribute.#ctor" />
    </parameter>
  </member>
  <member name="M:System.Net.WebClient.OpenWriteAsync()">
    <parameter name="address">
      <attribute ctor="M:JetBrains.Annotations.NotNullAttribute.#ctor" />
    </parameter>
  </member>
  <member name="M:System.Net.WebClient.OpenWriteAsync(,System.String)">
    <parameter name="address">
      <attribute ctor="M:JetBrains.Annotations.NotNullAttribute.#ctor" />
    </parameter>
  </member>
  <member name="M:System.Net.WebClient.OpenWriteAsync(,System.String,System.Object)">
    <parameter name="address">
      <attribute ctor="M:JetBrains.Annotations.NotNullAttribute.#ctor" />
    </parameter>
  </member>
  <member name="M:System.Net.WebClient.OpenWriteAsyncCallback(System.IAsyncResult)">
    <parameter name="result">
      <attribute ctor="M:JetBrains.Annotations.NotNullAttribute.#ctor" />
    </parameter>
  </member>
  <member name="M:System.Net.WebClient.PostProgressChanged(,System.Net.WebClient.ProgressData)">
    <parameter name="progress">
      <attribute ctor="M:JetBrains.Annotations.NotNullAttribute.#ctor" />
    </parameter>
  </member>
  <member name="M:System.Net.WebClient.UploadBits(System.Net.WebRequest,System.IO.Stream,System.Byte[],System.Byte[],System.Byte[],System.Net.CompletionDelegate,)">
    <parameter name="request">
      <attribute ctor="M:JetBrains.Annotations.NotNullAttribute.#ctor" />
    </parameter>
  </member>
  <member name="M:System.Net.WebClient.UploadBitsRequestCallback(System.IAsyncResult)">
    <parameter name="result">
      <attribute ctor="M:JetBrains.Annotations.NotNullAttribute.#ctor" />
    </parameter>
  </member>
  <member name="M:System.Net.WebClient.UploadBitsState.#ctor(System.Net.WebRequest,System.IO.Stream,System.Byte[],System.Byte[],System.Byte[],System.Net.CompletionDelegate,,System.Net.WebClient.ProgressData,System.Net.WebClient)">
    <parameter name="progress">
      <attribute ctor="M:JetBrains.Annotations.NotNullAttribute.#ctor" />
    </parameter>
  </member>
  <member name="M:System.Net.WebClient.UploadBitsState.SetRequestStream(System.IO.Stream)">
    <parameter name="writeStream">
      <attribute ctor="M:JetBrains.Annotations.NotNullAttribute.#ctor" />
    </parameter>
  </member>
  <member name="M:System.Net.WebClient.UploadBitsWriteCallback(System.IAsyncResult)">
    <parameter name="result">
      <attribute ctor="M:JetBrains.Annotations.NotNullAttribute.#ctor" />
    </parameter>
  </member>
  <member name="M:System.Net.WebClient.UploadDownloadBits(System.Net.WebRequest,System.IO.Stream,System.IO.Stream,System.Byte[],System.Byte[],System.Byte[],System.Net.CompletionDelegate,System.Net.CompletionDelegate,)">
    <parameter name="request">
      <attribute ctor="M:JetBrains.Annotations.NotNullAttribute.#ctor" />
    </parameter>
    <parameter name="upCompletionDelegate">
      <attribute ctor="M:JetBrains.Annotations.NotNullAttribute.#ctor" />
    </parameter>
  </member>
  <member name="M:System.Net.WebClient.UploadStringAsync(,System.String)">
    <parameter name="address">
      <attribute ctor="M:JetBrains.Annotations.NotNullAttribute.#ctor" />
    </parameter>
    <parameter name="data">
      <attribute ctor="M:JetBrains.Annotations.NotNullAttribute.#ctor" />
    </parameter>
  </member>
  <member name="M:System.Net.WebClient.UploadStringAsync(,System.String,System.String)">
    <parameter name="address">
      <attribute ctor="M:JetBrains.Annotations.NotNullAttribute.#ctor" />
    </parameter>
    <parameter name="data">
      <attribute ctor="M:JetBrains.Annotations.NotNullAttribute.#ctor" />
    </parameter>
  </member>
  <member name="M:System.Net.WebClient.UploadStringAsync(,System.String,System.String,System.Object)">
    <parameter name="address">
      <attribute ctor="M:JetBrains.Annotations.NotNullAttribute.#ctor" />
    </parameter>
    <parameter name="data">
      <attribute ctor="M:JetBrains.Annotations.NotNullAttribute.#ctor" />
    </parameter>
  </member>
  <member name="M:System.Net.WebClient.WebRequestDownloadProgressChanged(System.Object,System.Net.NetworkProgressChangedEventArgs)">
    <parameter name="args">
      <attribute ctor="M:JetBrains.Annotations.NotNullAttribute.#ctor" />
    </parameter>
  </member>
  <member name="M:System.Net.WebClient.WebRequestDownloadProgressCompleted(System.Object,System.Net.NetworkProgressChangedEventArgs)">
    <parameter name="args">
      <attribute ctor="M:JetBrains.Annotations.NotNullAttribute.#ctor" />
    </parameter>
  </member>
  <member name="M:System.Net.WebClient.WebRequestDownloadProgressFailed(System.Object,System.Net.NetworkProgressChangedEventArgs)">
    <parameter name="args">
      <attribute ctor="M:JetBrains.Annotations.NotNullAttribute.#ctor" />
    </parameter>
  </member>
  <member name="M:System.Net.WebClientExtensions.GetString(System.Text.Encoding,System.Byte[])">
    <attribute ctor="M:JetBrains.Annotations.NotNullAttribute.#ctor" />
    <parameter name="encoding">
      <attribute ctor="M:JetBrains.Annotations.NotNullAttribute.#ctor" />
    </parameter>
    <parameter name="bytes">
      <attribute ctor="M:JetBrains.Annotations.NotNullAttribute.#ctor" />
    </parameter>
  </member>
  <member name="M:System.Net.WebClientExtensions.RemoveInternal(System.Net.WebHeaderCollection,System.String)">
    <parameter name="col">
      <attribute ctor="M:JetBrains.Annotations.NotNullAttribute.#ctor" />
    </parameter>
    <parameter name="key">
      <attribute ctor="M:JetBrains.Annotations.NotNullAttribute.#ctor" />
    </parameter>
  </member>
  <member name="P:System.Net.WebHeaderCollection.AllKeys">
    <attribute ctor="M:JetBrains.Annotations.NotNullAttribute.#ctor" />
  </member>
  <member name="M:System.Net.WebHeaderCollection.ContainsSoapActionUpnpVulnerability(System.String,System.String)">
    <parameter name="name">
      <attribute ctor="M:JetBrains.Annotations.NotNullAttribute.#ctor" />
    </parameter>
    <parameter name="value">
      <attribute ctor="M:JetBrains.Annotations.NotNullAttribute.#ctor" />
    </parameter>
  </member>
  <member name="P:System.Net.WebHeaderCollection.InnerCollection">
    <attribute ctor="M:JetBrains.Annotations.NotNullAttribute.#ctor" />
  </member>
  <member name="M:System.Net.WebHeaderCollection.IsRestrictedHeader(System.String,System.String)">
    <parameter name="name">
      <attribute ctor="M:JetBrains.Annotations.NotNullAttribute.#ctor" />
    </parameter>
    <parameter name="value">
      <attribute ctor="M:JetBrains.Annotations.NotNullAttribute.#ctor" />
    </parameter>
  </member>
  <member name="P:System.Net.WebHeaderCollection.Item(System.String)">
    <parameter name="name">
      <attribute ctor="M:JetBrains.Annotations.NotNullAttribute.#ctor" />
    </parameter>
  </member>
  <member name="M:System.Net.WebHeaderCollection.Remove(System.String)">
    <parameter name="name">
      <attribute ctor="M:JetBrains.Annotations.NotNullAttribute.#ctor" />
    </parameter>
  </member>
  <member name="M:System.Net.WebHeaderCollection.SetAddVerified(System.String,System.String)">
    <parameter name="name">
      <attribute ctor="M:JetBrains.Annotations.NotNullAttribute.#ctor" />
    </parameter>
  </member>
  <member name="M:System.Net.WebHeaderCollection.SetSpecialHeader(System.String,System.String)">
    <parameter name="HeaderName">
      <attribute ctor="M:JetBrains.Annotations.NotNullAttribute.#ctor" />
    </parameter>
  </member>
  <member name="M:System.Net.WebHeaderCollection.ThrowOnRestrictedHeader(System.String,System.String)">
    <parameter name="name">
      <attribute ctor="M:JetBrains.Annotations.NotNullAttribute.#ctor" />
    </parameter>
    <parameter name="value">
      <attribute ctor="M:JetBrains.Annotations.NotNullAttribute.#ctor" />
    </parameter>
  </member>
  <member name="M:System.Net.WebRequest.Create()">
    <parameter name="requestUri">
      <attribute ctor="M:JetBrains.Annotations.NotNullAttribute.#ctor" />
    </parameter>
  </member>
  <member name="M:System.Net.WebRequest.Create(System.String)">
    <parameter name="requestUriString">
      <attribute ctor="M:JetBrains.Annotations.NotNullAttribute.#ctor" />
    </parameter>
  </member>
  <member name="M:System.Net.WebRequest.CreateHttp()">
    <attribute ctor="M:JetBrains.Annotations.NotNullAttribute.#ctor" />
    <parameter name="requestUri">
      <attribute ctor="M:JetBrains.Annotations.NotNullAttribute.#ctor" />
    </parameter>
  </member>
  <member name="M:System.Net.WebRequest.CreateHttp(System.String)">
    <parameter name="requestUriString">
      <attribute ctor="M:JetBrains.Annotations.NotNullAttribute.#ctor" />
    </parameter>
    <attribute ctor="M:JetBrains.Annotations.NotNullAttribute.#ctor" />
  </member>
  <member name="P:System.Net.WebRequest.CreatorInstance">
    <attribute ctor="M:JetBrains.Annotations.CanBeNullAttribute.#ctor" />
  </member>
  <member name="M:System.Net.WebRequest.RegisterPrefix(System.String,System.Net.IWebRequestCreate)">
    <parameter name="prefix">
      <attribute ctor="M:JetBrains.Annotations.NotNullAttribute.#ctor" />
    </parameter>
    <parameter name="creator">
      <attribute ctor="M:JetBrains.Annotations.NotNullAttribute.#ctor" />
    </parameter>
  </member>
  <member name="P:System.SR.Culture">
    <attribute ctor="M:JetBrains.Annotations.CanBeNullAttribute.#ctor" />
  </member>
  <member name="M:System.SR.GetObject(System.String)">
    <parameter name="name">
      <attribute ctor="M:JetBrains.Annotations.NotNullAttribute.#ctor" />
    </parameter>
  </member>
  <member name="M:System.SR.GetString(System.String)">
    <parameter name="name">
      <attribute ctor="M:JetBrains.Annotations.NotNullAttribute.#ctor" />
    </parameter>
  </member>
  <member name="M:System.SR.GetString(System.String,System.Boolean@)">
    <parameter name="name">
      <attribute ctor="M:JetBrains.Annotations.NotNullAttribute.#ctor" />
    </parameter>
  </member>
  <member name="M:System.SR.GetString(System.String,System.Boolean@,System.Object[])">
    <parameter name="name">
      <attribute ctor="M:JetBrains.Annotations.NotNullAttribute.#ctor" />
    </parameter>
  </member>
  <member name="M:System.SR.GetString(System.String,System.Object[])">
    <parameter name="name">
      <attribute ctor="M:JetBrains.Annotations.NotNullAttribute.#ctor" />
    </parameter>
  </member>
  <member name="M:System.SR.GetStringHelper(System.String)">
    <attribute ctor="M:JetBrains.Annotations.CanBeNullAttribute.#ctor" />
    <parameter name="name">
      <attribute ctor="M:JetBrains.Annotations.NotNullAttribute.#ctor" />
    </parameter>
  </member>
  <member name="M:System.SR.UriEncode(System.String)">
    <attribute ctor="M:JetBrains.Annotations.CanBeNullAttribute.#ctor" />
  </member>
  <member name="M:System.SRCategoryAttribute.GetLocalizedString(System.String)">
    <parameter name="value">
      <attribute ctor="M:JetBrains.Annotations.NotNullAttribute.#ctor" />
    </parameter>
  </member>
</assembly>